Volcano_Number,Volcano_Name,Volcanic_Landform,Primary_Volcano_Type,Country,Region,Subregion,Geological_Summary,Latitude,Longitude,Elevation,Geologic_Epoch
210801,South Harghita Mountains,Minor,Lava dome(s),Romania,European Volcanic Regions,Central European Volcanic Province,"The Ciomadul lava-dome complex is the youngest volcanic center of the Carpathian-Pannonian region. Located at the SE end of the Calimani-Harghita Range, it consists of a dacitic dome complex formed about 500-700 ka. The dome complex is cut by twin craters, Mohos and St. Anna. The latest eruption, from St. Anna, produced subplinian airfall and pyroclastic-surge deposits that have been variously dated between about 10.7 and 42 ka. Pecskay et al. (2006) noted ages of 1.0-0.03 Ma. A number of samples from other South Harghita locations (Porcuhu, Cucu, Kapus, Pilisca, Balvanyos, Haramul Mare, and Koves Peak) had Quaternary dates.",46.13,25.88,1289.0,Pleistocene
210802,Persani Mountains,Cluster,Volcanic field,Romania,European Volcanic Regions,Central European Volcanic Province,"The Persani Mountains, an area that includes Pliocene-to-Pleistocene alkali basalts, are located south of the Calimani-Harghita Mountains in east-central Romania (Poka 1988).  Bleheau et al. (1973) and Boccaletti et al. (1973) had also noted Pleistocene basalts in the area. Panaiotu et al. (2004) identified a number of volcanic features across a 22 x 8 km zone, finding that there were pulses of activity during 1.5-1.2 and 0.67-0.52 Ma.",45.982,25.339,623.0,Pleistocene
210803,Apuseni Mountains,Cluster,Volcanic field,Romania,European Volcanic Regions,Central European Volcanic Province,"There are a number of locations south of the Apuseni Mountains in west-central Romania with deposits dated in the Quaternary. The Beritia lava dome (IAVCEI 1973) is located in an area of numerous alkali basalt vents of Pliocene-to-Pleistocene age (Bleahu et al. 1973, Poka 1988). Uroiu Hill, 15 km SE of Beritia, was dated by Pecskay (1995) at 1.6 +/- 0.1 Ma.",45.93,22.88,353.0,Pleistocene
210804,Lucaret Basalts,Cluster,Fissure vent,Romania,European Volcanic Regions,Central European Volcanic Province,"The Lucaret basalt plateau, located near Timisoara in west-central Romania about 35 km ENE of Timisoara, is thought to be early Pleistocene (Savu et al. 1994, Poka 1988). Bleahu et al. (1973) also noted Pleistocene basalts SE of Timisoara.",45.826,21.69,190.0,Pleistocene
210805,Bakony-Balaton Highland,Cluster,Volcanic field,Hungary,European Volcanic Regions,Central European Volcanic Province,"The Bakony-Balaton Highland Volcanic Field is a large area of monogenetic Pliocene-to-Pleistocene basaltic shield volcanoes and cinder cones located around Lake Balaton in western Hungary (Bleahu et al., 1973; Poka, 1988). The age of volcanism, as summarized by Kereszturi and Nemeth (2011), extended from about 7.94 to 2.29 Ma.",46.92,17.63,600.0,Pleistocene
210806,Little Hungarian Plain,Cluster,Volcanic field,Hungary,European Volcanic Regions,Central European Volcanic Province,"The Little Hungarian Plain Volcanic Field (also called the Kemenesalja Hills) area in western Hungary contains a group of Pliocene-to-Pleistocene cones (Bleahu et al. 1973, Poka 1988). Martin et al. (2003) described it, and the Bakony-Balaton Highland field to the south, as an eroded phreatomagmatic field with remnants of nested maar complexes, multiple vent systems, and individual tuff rings.",47.192,17.2,433.0,Pleistocene
210807,Nograd-Southern Slovakia,Cluster,Volcanic field,Hungary-Slovakia,European Volcanic Regions,Central European Volcanic Province,"The basaltic Nográd-Southern Slovakia volcanic field in north-central Hungary and southern Slovakia contains cones of Pliocene-to-Pleistocene age (Boccaletti et al. 1973, Poka 1988). The area is part of a larger volcanic field that straddles the Hungary-Czechoslovakia border. It is variously referred to as Northern Hungary-Southern Slovakia, or the Filakovo-Salgotarjan volcanics. Dating by Balogh et al. (1981 in Pecskay et al., 2006) gave dates of 0.4-2.2 Ma.",48.159,19.79,720.0,Pleistocene
210809,Central Slovakia,Cluster,Volcanic field,Slovakia,European Volcanic Regions,Central European Volcanic Province,"The Central Slovakia volcanic field consists of small basaltic shield volcanoes and cinder cones of Pliocene-to-Pleistocene age (Bleahu et al. 1973, IAVCEI 1973, Poka 1988). The SW part of the field is dominated by the Stiavnica stratovolcano, which is comprised of a large 18 x 22 km caldera, an extensive intrusive complex, and a resurgent horst with late-stage rhyolite. Based on stratigraphy (late Riss glacial stage), the Putikov vrsok cone of Stiavnica erupted about 130-140 ka (Simon and Halouzka, 1996). K-Ar dates from that scoria cone by Cherbyshev et al. (2013) were 390-460 ka, with the distal end of related lava flows slightly later.",48.403,18.877,1009.0,Pleistocene
210810,Bruntal Volcanic Field,Cluster,Volcanic field,Czechia,European Volcanic Regions,Central European Volcanic Province,"The Bruntal Volcanic Field in Moravia, west of Ostrava, contains many cinder cones and lava flows of Pliocene-to-Pleistocene age (IAVCEI 1973). Cajz et al. (2012) K-Ar dated lava from the Venusina volcano at 0.83 +/- 0.12 Ma.",49.88,17.475,780.0,Pleistocene
210811,Cheb Basin,Cluster,Volcanic field,Czechia,European Volcanic Regions,Central European Volcanic Province,"An area of NW Bohemia near the border with Germany, known as the Czech Auvergne, contains small basaltic volcanoes of Miocene-to-Pleistocene age and world-renowned hot springs (Ager, 1980). Two cinder cones and a maar are found in the Cheb Basin area of the western Eger RIft; the Cheb Basin is an area of carbon dioxide dominated surface degassing in mofettes and mineral springs and active seismicity.",49.97,12.392,585.0,Pleistocene
210812,East Eifel Volcanic Field,Cluster,Maar(s),Germany,European Volcanic Regions,Central European Volcanic Province,"Activity at the East Eifel volcanic field began about 0.65-0.45 Ma with the formation of scoria cones, lava flows, and tephra deposits. The Reiden complex at the western end produced a series of scoria cones, lava flows, and lava domes from 0.45 to 0.35 Ma.  Activity resumed around 0.215 Ma, continuing until 0.115 Ma, with the formation of scoria cones, maars and lava flows. The latest eruption, at the Laacher See maar, took place about 12,900 years ago (40Ar/39Ar) and produced about 20 km3 of tephra (Schmincke et al., 2002).    ",50.4,7.325,588.0,Pleistocene
210813,Rodderberg,Minor,Pyroclastic cone,Germany,European Volcanic Regions,Central European Volcanic Province,"Rodderberg, in the Rodderberg Volcanic Complex (RVC), is a late Pleistocene cinder cone on the west side of the Rhine River. The complex itself consists of a circular depression with a diameter of about 600 m, a feature that is interpreted to be the remnant of a maar crater (Paulick et al., 2009). This field most likely represents a distal feature of the East Eifel Volcanic Field. The eruption of Rodderberg occurred in two phases. The first was phreatomagmatic, producing xenolith-rich, poorly sorted deposits. The second phase was dominated by Strombolian activity, resulting in xenolith-poor, thick and well-sorted coarse scoria deposits (Paulick et al., 2009). Geochemistry reveals the rocks erupted from the RVC to be leucitic nephelinite. The total erupted volume of material from the RVC eruption is estimated to be about 1.0x10^-2 km3 of magma and 2-3x10^-2 km3 of tephra - a rough order of magnitude estimate. The RVC deposits were previously dated at 26,000-27,000 years before present (IAVCEI 1973), but more recent thermoluminescence data placed the eruption at around 300 ka, during a glacial period in central Europe (Paulick et al., 2009).      ",50.62,7.2,150.0,Pleistocene
210814,Cofrentes,Cluster,Volcanic field,Spain,European Volcanic Regions,Western European Volcanic Province,"Mapped by  Lopez-Ruiz et al. (2002) as part of the Pliocene-to-Pleistocene Gulf of Valencia volcanic province located west of Valencia, Spain.",39.235,-1.064,514.0,Pleistocene
210816,"Columbretes, Islas",Cluster,Volcanic field,Spain,European Volcanic Regions,Western European Volcanic Province,"A group of islands in the Gulf of Valencia was mapped by Lopez-Ruiz et al. (2002) as Quaternary in age. The three largest islands are Illa Grossa, Illa Ferrera , and Illa Foradada.",39.896,0.686,33.0,Pleistocene
211003,Vulsini,Caldera,Caldera,Italy,European Volcanic Regions,Italian Peninsula Volcanic Provinces,"The Vulsini volcanic complex in central Italy covers about 2,200 km2 at the northern end of the Roman Magmatic Province. Following lava extrusion and explosive eruptions that constructed the main complex, the 16 km lake-filled Bolsena caldera on the east and the 8 x 11 km Latera caldera on the west were formed during major Pleistocene eruptions at about 0.3 and 0.16 million years ago, respectively. Five major Plinian fall deposits were erupted from vents at or near Latera caldera during the late Pleistocene. The latest major eruption formed unwelded pumice flows and welded airfall tuffs of the Pitigliano Formation, associated with collapse of the Vepe caldera about 166,000 years ago at the NW end of Latera caldera. Post-caldera volcanism produced scoria cones and lava flows from vents within and to the west of Latera caldera. Remnants of ash cones in Lake Bolsena may have given rise to a legend of a pre-historical fire-god, Volta. Stothers and Rampino (1983) cited Obsequens, writing about four centuries later and likely drawing from Livy, that ""a flame shot up near Volsinii"" in 104 BCE; direct translations did not specify the volcano: ""In the Vulsinian territory a flame was seen to rise from the earth and touch the sky.""",42.6,11.93,800.0,Pleistocene
211800,Amiata,Minor,Lava dome(s),Italy,European Volcanic Regions,Italian Peninsula Volcanic Provinces,"Amiata is a lava dome complex located about 20 km NW of Lago di Bolsena in the southern Tuscany region of Italy.  The trachydacitic domes and associated lava flows were erupted along regional ENE-WSW-trending faults.  The largest of the domes is Monte Amiata (La Vetta), a compound lava dome with a trachytic lava flow that extends to the E. A massive viscous trachydacitic lava flow, 5 km long and 4 km wide, is part of the basal complex and extends from beneath the southern base of the Corno de Bellaria dome.  Radiometric dates indicate a major eruptive episode about 300,000 years ago.  No eruptive activity has occurred during the Holocene, but thermal activity, including cinnabar mineralization, continues at a producing geothermal field near the town of Bagnore, at the SW end of the dome complex.",42.9,11.63,1738.0,Pleistocene
211801,Radicofani,Minor,Volcanic remnant,Italy,European Volcanic Regions,Italian Peninsula Volcanic Provinces,"Radicofani, a part of the Tuscan Magmatic Province located within the Sierra-Radicofani Graben, is a relatively small monogenetic volcano now represented by a volcanic neck (Peccerillo, 2005; Conticello et al., 2011). Although the original edifice was a cinder cone, it is highly dissected, leaving only lava flow remnants and scoria deposits east of Monte Amiata (Peccerillo, 2005; Conticello et al., 2011). Columnar jointing is present in the middle and lower portions of the neck, and large lava blocks and bombs are scattered about within several kilometers (Conticello et al., 2011). The lavas are generally basaltic-andesitic to shoshonitic in composition (Conticello et al., 2011). The lavas of the upper and lower parts of the neck have been dated to about 1.3 Ma and 1.08-1.22 Ma, respectively (Conticello et al., 2011; Peccerillo, 2005).
",42.899,11.769,891.0,Pleistocene
211802,Torre Alfina,Minor,Volcanic remnant,Italy,European Volcanic Regions,Italian Peninsula Volcanic Provinces,"Torre Alfina is a monogenetic volcano consisting of two volcanic necks and a lava flow several hundred meters long located SE of Monte Amiata (Peccerillo, 2005). Both blocky lava flows and smoother flows formed from lower viscosity lava crop out within a few kilometers of the volcano, and lapilli and scoria deposits surround the vent. Some lava tubes are also present in the eastern part of the lava field near the Paglia River canyon (Conticelli, 1998). These lavas are potassic alkaline olivine-latites and have  been dated at 0.9-0.82 Ma (Conticelli, 1998; Peccerillo, 2005). Torre Alfina rocks contain a large number of crustal and mantle xenoliths (Conticello et al., 1998).
",42.753,11.943,575.0,Pleistocene
211803,San Venanzo,Minor,Maar,Italy,European Volcanic Regions,Italian Peninsula Volcanic Provinces,"The San Venanzo complex consists of the San Venanzo maar and the Pian di Celle tuff ring, both part of the Umbria-Latium ultra-alkaline district. The tuff ring is also associated with two spatter cones and a scoria cone. This complex of vents lies within the Tiber Valley Graben, where magmatism is believed to be a result of extension that began during the Pliocene (Stoppa, 1996). Early on, the eruption was explosive, producing pyroclastic flows and dry lapilli surges covering an area of about 0.15 km2; later eruptive behavior was dominated by lava flows. Block collapse and debris flows led to the formation of the steep inner crater walls. The tuffs of both San Venanzo and Pian di Celle are calcitic to carbonatitic in composition, and have been dated at about 265 +/- 3 ka (Stoppa, 1996; Stoppa and Sforna, 1995).
     ",42.862,12.266,466.0,Pleistocene
211804,Acquasparta,Cluster,Volcanic field,Italy,European Volcanic Regions,Italian Peninsula Volcanic Provinces,"Acquasparta is characterized by monogenetic centers aligned N-S along a 10 km line. It's pyroclastic flow, fall, and surge deposits form a small plateau and are likely of phreatomagmatic origin. Ar/Ar dating of these products has produced an age of about 390 ka (Peccerillo, 2005).  
",42.65,12.3,,Pleistocene
211805,Polino,Minor,Explosion crater(s),Italy,European Volcanic Regions,Italian Peninsula Volcanic Provinces,"Polino is made up of two small diatremes surrounded by layered tuffs and filled with breccia and carbonate-rich locks and lapilli (Pecerillo, 2005). It is classified as a carbonatite, the products of which consist of two facies: tuffisite and large carbonatite bombs. Both crustal and mantle lithics are also present within the welded tuff (Rosatelli et al., 2010). These deposits were Ar/Ar dated at about 246 ka (Peccerillo, 2005). 
",42.57,12.82,,Pleistocene
211806,Cupaello,Minor,Pyroclastic cone,Italy,European Volcanic Regions,Italian Peninsula Volcanic Provinces,"Cupaello is responsible for a 750-m-long lava flow that covers layers of pyroclastic material, including ash, breccias, lapilli, and scoria. These products were channelized and accumulated downslope of the volcanic edifice (Stoppa and Cundari, 1995). These pyroclastics are carbonatitic in composition, and yielded an Ar/Ar age of 639 ka (Peccerillo, 2005). However, Stoppa and Cundari (1995) list a date of about 491 +/- 3 ka. Structures within the pyroclastic layers indicate that the tuff could still deform plastically when covered by the lava, suggesting that both the explosive and effusive phases were part of the same eruption (Stoppa and Cundari, 1995). 
",42.43,12.93,650.0,Pleistocene
211807,Oricola-Carsoli,Cluster,Pyroclastic cone(s),Italy,European Volcanic Regions,Italian Peninsula Volcanic Provinces,"Oricola-Carsoli, about 40 km SW of L'Aquila, is part of the Intra-Appenine Magmatic Province. Its mongenetic pyroclastic cones are composed of altered breccias, tuff, along with surge and fall deposits. They are possibly hydrovolcanic in origin. These deposits were K-Ar dated at about 530 ka (Peccerillo, 2005). ",42.15,13.08,,Pleistocene
211808,Vico-Cimino Complex,Composite,Stratovolcano(es),Italy,European Volcanic Regions,Italian Peninsula Volcanic Provinces,"The Vico volcano is classified as part of the Roman Magmatic Province; however, the Cimino volcano that Vico partially overlies technically belongs to the Tuscan Magmatic Province, based on geochemical affinity (Peccerillo, 2005). The Monte Cimino trachytic lava dome complex was active from 1.35-0.94 Ma (Peccerillo, 2005).  The PT Ignimbrite was erupted about 1.3 million years ago.  The adjacent Vico central volcano and caldera was active during three periods from 0.4 to 0.15 Ma (Sollevanti, 1983; Peccerillo, 2005). Period 1 was dominated by pyroclastics and minor lava flows, Period 2 involved the emplacement of intermediate to felsic lavas that constructed the main cone. The post-caldera activity of Period 3 produced mafic lavas, scoria, and phreatomagamtic products. Vico also has a few post-caldera monogenetic centers, the largest of which is the Monte Venere cone inside the caldera (Peccerillo, 2005). Four ignimbrite-producing eruptions related to caldera formation took place from about 0.25-0.144 million years ago.
",42.367,12.188,1053.0,Pleistocene
211809,Sabatini Complex,Composite,Stratovolcano(es),Italy,European Volcanic Regions,Italian Peninsula Volcanic Provinces,"The Sabatini Volcanic Complex has no clearly delineated volcanic structure, but is a distribution of volcanic vents (Conticelli et al., 1997). The Sacrofano center in the eastern part of the complex and the Bacciano center in the west were active from 0.5 to 0.09 Ma (De Rita et al., 1983). Other smaller volcanic systems are Morlupo, Vigna di Valle, Trevignano, and Baccano (Conticelli et al., 1997). The Sacrofano and Bacciano centers dominate the five phases of the complex's eruptive history. The first two phases involved intense explosive activity at Sacrofano and Molupa (0.6-0.4 Ma), resulting in tuffs, ashes, and pyroclastic flows during the pre-Sacrofano Caldera stage. During the third phase, hydro-magmatic eruptions formed the Sacrofano Caldera and minor lava flows occurred in the post-caldera stage. In the western sector, a stratovolcano and the Bracciano Caldera developed, along with fissure eruptions that produced flood lavas greater than 100 km3, air-fall tuffs, and surge deposits. Activity at small eruptive vents on the rims of the collapsed Bracciano and Sacrofano Calderas dominated the fourth phase, resulting in pyroclastics at Bracciano along with cinder cones and lava flows at Sacrofano. Hydro-magmatic activity localized between the two calderas, which produced tuff rings, cones, and maars, dominated the final phase (Conticelli et al., 1997).
    ",42.17,12.22,612.0,Pleistocene
211810,"Ernici, Monti",Cluster,Volcanic field,Italy,European Volcanic Regions,Italian Peninsula Volcanic Provinces,"The Monti Ernici volcanic field, also known as the Mid Latin Valley volcanic field, is a monogenetic center about 70 km SE of Rome. It consists of about 20 cinder cones, tuff cones, and associated lava flows and pyroclastic-flow deposits.  The field was active from about 0.7 to 0.1 Ma (Peccerillo, 2005). Geochemically, the Ernici-Roccamonfina Province exhibits characteristics of both the Roman and Campanian Magmatic Provinces.
",41.58,13.33,,Pleistocene
211811,Roccamonfina,Composite,Stratovolcano,Italy,European Volcanic Regions,Italian Peninsula Volcanic Provinces,"Roccamonfina is a large Pleistocene stratovolcano with numerous post-caldera cones within the summit caldera and on the flanks. The eruptive history consists of three main phases. The first stage built the main cone via lava flows and pyroclastics. The second stage is defined by large explosive eruptions, tuff deposits, and caldera collapse. The third stage formed the lava flows, domes, and scoria cones that exist on the volcanic edifice today. A report of a historical eruption in 269 BCE (""a flame shot up and burned for three days near Cales"" (Stothers and Rampino, 1983)) is considered uncertain by Scandone and Principe (1986), who noted that the youngest products have been dated at 0.30 million years. Later work (Rouchon et al., 2008) dated summit caldera lava domes at 170-150,000 years ago. Peccerillo (2005) gives an age range of 0.58-0.1 Ma for Roccamonfina activity. 
",41.3,13.93,1066.0,Pleistocene
211812,"Vulture, Monte",Composite,Stratovolcano,Italy,European Volcanic Regions,Italian Peninsula Volcanic Provinces,"The isolated Monte Vulture is a stratovolcano with a summit caldera and a few cones that erupted lavas and pyroclastics covering 150 km2. Petrologically and geochemically distinct, it is classified as its own magmatic province: the Lucanian Magmatic Province, in the Apulian Region (Peccerillo, 2005). The most recent volcanic activity formed two intra-caldera maars and involved explosive eruptions of carbonate-rich tuff, with the Lago Piccolo di Monticchio maar dated at 0.141 Ma (Peccerillo, 2005; Villa and Buettner, 2009). Capaldi et al. (1985) reported the youngest dated products from Vulture as 0.42 million years old. Peccerillo (2005) give an age range of 0.8-0.13 Ma for Vulture volcanics. 
 ",40.92,15.67,1330.0,Pleistocene
211813,Ventotene,Composite,Stratovolcano(es),Italy,European Volcanic Regions,Italian Peninsula Volcanic Provinces,"Ventotene is a trachybasaltic to phonolitic stratovolcano with associated lava flows, domes, and pyroclastics (IAVCEI, 1973; Peccerillo, 2005). The mafic lava flows are cut by a caldera rim and overlain by pyroclastics. The nearby Santo Stefano island is an associated lava dome, also covered by pyroclastics. The pyroclastics are the products of both magmatic and hydrovolcanic processes, and contain lava lithic fragments and xenoliths (Peccerillio, 2005). Scandone (pers. comm.) gives 0.3 Ma as the youngest age for the Ventotene volcanics, but Peccerillo (2005) gives an age range of 0.8 to less than 0.13 Ma.",40.8,13.42,139.0,Pleistocene
211814,Pontine Islands,Minor,Lava dome(s),Italy,European Volcanic Regions,Italian Peninsula Volcanic Provinces,"The Pontine Islands are Plio-Pleistocene in age, ranging from 4.2-1.0 Ma (Scandone, 1987, pers. comm.; Peccerillo, 2005). The islands are mostly formed of Pliocene rhyolites and Pleistocene trachytes and alkaline rhyolites. Volcanic products also consist of obsidian lava flows, domes, dykes, breccias, and hydromagmatic products. The rhyolitic volcanic activity on Ponza occured between 4.2 and 3.0 Ma, followed by trachytic activity at about 1.0 Ma. The eruptive activity on Palmarola occured around 1.6 Ma (Peccerillo, 2005). 
    ",40.9,12.95,283.0,Pleistocene
211815,Logudoro,Cluster,Volcanic field,Italy,European Volcanic Regions,Western European Volcanic Province,"Plio-Pleistocene volcanic rocks ranging from 3.2 to 0.11 million years old are located in the Logudoro area of NW Sardinia (Beccaluva et al., 1977; Petteruti Lieberknecht et al., 2003; Peccerillo, 2005). Lustrino et al. (2007) gives an age of 2.4 to 0.1 Ma. These volcanics are generally of mafic composition, formed from monogenetic cinder and spatter cones, as well as lava flows (Peccerillo, 2005). Minor pyroclastics are also present. All together, the products cover about 500 km2 (Peccerillo, 2005). 
",40.58,8.67,,Pleistocene
211816,Salina,Composite,Stratovolcano(es),Italy,European Volcanic Regions,Aeolian Volcanic Arc,"Salina is made up of calc-alkaline basaltic to andesitic stratovolcanoes (Rivi, Capo, and Corvo), which are overlain by two andesitic cones (Monte Felci and Monte Porri), the latter of which erupted about 67 ka (Peccerillo, 2005). Monte Porri also underwent intense explosive activity, producing a series of tuffs that have been identified on nearby islands; these eruptions also produced lahars and pyroclastic surges (Guest et al., 2003). The final eruptive activity produced basaltic-dacitic-andesitic lava flows and a rhyolitic explosion crater (Pollara) (Peccerillo, 2005; Guest et al., 2003). Pollara Crater erupted about 13,000 years before present; the rest of the island is mid-late Pleistocene, 430,000-500,000 years old (Keller, 1974; Peccerillo, 2005; Guest et al., 2003). 

",38.58,14.85,962.0,Pleistocene
211817,Filicudi,Composite,Stratovolcano(es),Italy,European Volcanic Regions,Aeolian Volcanic Arc,"Filicudi was formed from the coalescence of eruptive centers that developed as part of a NW-SE elongated volcanic complex (Peccerillo, 2005; Guest et al., 2003). It's volcanic structures include basaltic to andesitic composite cones and dacitic domes, lava flows, and pyroclastics (Peccerillo, 2005). The Filicudi rocks also often contain igneous and metamorphic xenoliths (Peccerillo, 2005). Potassium-Argon dates of 0.170 and 0.166 million years were obtained by Capaldi et al. (1985), but Peccerillo (2005) gives a general age range of 440-40 ka. Tephrochronology indicates that the youngest eruptions occurred less than 35,000 years ago (Keller, 1989, pers. comm.). The Eruptive history is generally broken into four phases. The first (1.02 Ma) consisted of pyroclastic eruptions followed by lava flows. The second (390 ka) produced lava flows. The third is responsible for the construction of Fossa Felci, the main volcanic edifice on the island, and the production of basaltic andesitic lavas and pyroclastics. The fourth (40 ka) involved explosive activity from Fossa Felci, creating pumiceous pyroclastics (Guest et al., 2003). 
    ",38.58,14.55,773.0,Pleistocene
211818,Alicudi,Composite,Stratovolcano,Italy,European Volcanic Regions,Aeolian Volcanic Arc,"Alicudi, in the Aeolian Island Arc, is a basaltic to andesitic stratovolcano containing a summit caldera, domes, and lava flows that formed over the course of three main stages in its eruptive history (Peccerillo, 2005). The first two stages involved basaltic to basaltic-andesitic lava flows and minor scoria and ash deposits, both followed by a summit collapse, the second of which formed the Dirittusu caldera (Peccerillo, 2005; Guest et al., 2003). Pyroclastic activity increased towards the end of the second stage (Guest et al., 2003). The third stage was dominated by andesite lava flows and the formation of domes within the summit crater and on the southeastern cone flank (Peccerillo, 2005). The youngest K-Ar date from Alicudi is 0.027-0.028 Ma, and the oldest, obtained from the lowest exposed rocks, is about 60-90 ka (Capaldi et al., 1985; Peccerillo, 2005;  Guest et al., 2003).      
     ",38.55,14.33,675.0,Pleistocene
211819,Ustica,Composite,Stratovolcano(es),Italy,European Volcanic Regions,Sicily Volcanic Province,"Ustica, the subaerial expression of a large submerged volcanic complex about 30 km wide, is formed mostly of lava flows, with minor hydrovolcanic products. Initial activity produced mostly pillow lavas, hyaloclastites, and breccias, having begun underwater. This was followed by effusive and hydromagmatic explosive activity, from two main volcanic centers: Monte Guardia dei Turchi (500 ka) and Monte Costa del Fallo (Peccerillo, 2005; Guest et al., 2003). These eruptions produced lavas, domes, basaltic scoria, pumice, and lapilli (Guest et al., 2003). This predominantly mafic activity was followed by a trachytic explosion and dome emplacement at about 424 ka (Peccerillo, 2005; Guest et al., 2003). One of the youngest eruptions on the island was a Surtseyan eruption, which produced extensive tuff deposits and formed the Falconiera pyroclastic cone (Guest et al., 2003). The volcanics on the island are middle Pleistocene, about 750-130 ka (Romano & Sturiale, 1971; Peccerillo, 2005; Guest et al., 2003). 
",38.72,13.18,248.0,Pleistocene
211820,Iblei,Shield,Shield?,Italy,European Volcanic Regions,Sicily Volcanic Province,"Iblei consists of mostly submarine volcanics with some subaerial deposits; however, there is no clear volcanic edifice (Scandone, 1987, pers. comm.). The volcanic features consist mostly of monogenetic cones, maars, and lava flows of basaltic to andesitic composition; the older Pliocene submarine products are pillow lavas and hyaloclastites (Peccerillo, 2005). The youngest volcanic products are K-Ar dated at 1.7 Ma, but volcanism is believed to have taken place from 4.9 to 1.5 Ma (Capaldi et al., 1985; Peccerillo, 2005).
",37.117,14.821,825.0,Pleistocene
211821,Linosa,Minor,Pyroclastic cone(s),Italy,European Volcanic Regions,Sicily Volcanic Province,"Linosa Island, in the Straight of Sicily graben system midway between Sicily and Tunisia, is the subaerial exposure of a large submarine volcano. The island contains several monogenetic hydrovolcanic eruptive centers, both effusive and Strombolian, as well cinder cones and lava flows dated to 1.06-0.53 Ma (Peccerillo, 2005). During this time, there were three main episodes of volcanism. The first phase developed hydromagmatic scoria cones and tuff rings of mafic composition. The second phase involved both effusive and explosive hydromagmatic activity, producing scoria and lava flows. The third phase produced basaltic lava flows, scoria deposits, and some hydromagmatic deposits, during which time the largest cones on the island formed (Peccerillo, 2005). Within each eruptive phase, hydromagmatic activity decreased with time, as lava flows helped reduce the islands erodability and limited the contact between craters and seawater (Guest et al., 2003). 
  ",35.87,12.87,195.0,Pleistocene
212051,Yali,Composite,Lava dome(s),Greece,European Volcanic Regions,Hellenic Volcanic Arc,"Yali, a small crescent-shaped island between the N coast of Nisyros and the SW coast of Kos islands, consists of rhyolitic obsidian domes and pumice deposits. It lies within the inferred location of the large submarine caldera associated with the eruption of the voluminous Kos Plateau Tuff, about 160,000 years ago, which produced extensive ignimbrites that cover much of the western half of Kos island and which produced a caldera of uncertain dimensions but one that could extend from Kefalos Bay on the SW side of Kos to Nisyros. Yali is oriented NNE-SSW and contains two distinct segments connected by a narrow isthmus formed of modern reef sediments. The SW part of the island consists primarily of a layered pumice-fall unit about 200 m thick; the NE part contains rhyolitic obsidian lava flows of similar thickness. Pumice deposits overlie soils containing pottery and Neolithic obsidian artifacts (Keller, 1982), but radiometric tephra dates are all older than 30,000 years.",36.6666,27.1224,180.0,Pleistocene
212800,Psathoura,Minor,Lava dome,Greece,European Volcanic Regions,Western Anatolian Volcanic Province,"Psathoura Island, in the northern Aegean Sea Sporades Archipelago, has outcrops of small overlapping lava flows (Koutsovitis et al., 2015), dated by Fytikas et al. (1984) as 0.7 Ma. Other volcanism in the central and northern Aegean islands and the Western Thrace area of mainland Greece is of Oligocene to Pliocene age, with Quaternary volcanism being restricted to the southern Aegean arc (Fytikas et al., 1984). The volcanism is controlled by faulting along the North Aegean Trough, a westward extension of the North Anatolian Fault (Pe-Piper and Piper, 2007; Koutsovitis et al., 2015).
",39.5,24.18,10.0,Pleistocene
212801,Volos-Atalanti,Cluster,Volcanic field,Greece,European Volcanic Regions,Western Anatolian Volcanic Province,"The Volos-Atalanti (also known as Volos-Evia) area contains a number of small monogenetic Pliocene to Pleistocene lava flows, cones, and domes. The largest lava outcropping, which originated from the Migoula cone, is about 0.2 km3 in volume and 6-7 km long (Innocenti et al., 2010). The volcanic products are generally basaltic trachyandesitic (Innocenti et al., 2010). The lava flows at Porphyrion and Microthivai date to about 1.6-1.3 Ma. The Toumbanos Hills lava dome, near Achilleion, dates to about 3.4-2.7 Ma. In the Atalanti channel, the cones and lava flows of the Likhades Islands date to about 0.5 Ma, as does a lava flow at Kammena Vourla on the Greek coast (Innocenti et al., 2010). K-Ar dates from Fytikas et al. (1984) range from 3.0-0.5 Ma. Volos-Evia is believed to lie on the westward extension of the North Anatolian Fault, rather than the Hellenic Arc (Innocenti et al., 2010). 
",39.033,22.8,900.0,Pleistocene
212802,Aegina,Cluster,Volcanic field,Greece,European Volcanic Regions,Hellenic Volcanic Arc,"Aegina is part of the Saronic Gulf Volcanic Group, in the Hellenic Volcanic Arc. The complex consists of domes and lava flows erupted from effusive monogenetic centers with low eruption rates (0.4 km3/m.y. at Aegina) (D'Alessandro et al., 2008). Activity took place between 4.7 and 2.0 Ma, during the first part of which mostly basaltic-andesitic to rhyodacitic rocks were produced. The remaining 1 million years of activity produced basaltic-andesitic rocks (D'Alessandro et al., 2008; Francalanci et al., 2007). Volcanism ended in the late Pleistocene, but a low-temperature geothermal field presently exists (Keller, 1971; Francalanci et al., 2007).",37.75,23.5,530.0,Pleistocene
212803,Poros,Cluster,Fissure vent,Greece,European Volcanic Regions,Hellenic Volcanic Arc,"Poros consists of a small Pliocene to Pleistocene lava volcano erupted from fissures (IAVCEI, Keller 1982).      ",37.48,23.43,80.0,Pleistocene
212804,Antiparos,Minor,Pyroclastic cone(s),Greece,European Volcanic Regions,Hellenic Volcanic Arc,"Antiparos Island, positioned within the back-arc region of the South Aegean Volcanic Arc, contains a group of rhyolitic lava domes and pyroclastic cones with associated lava flows that are of Miocene to early Quaternary age (Pe-Piper and Piper, 2007; IAVCEI; Keller, 1982; Clapsopoulos, 1998). The domes are surrounded by tuffs containing obsidian particles and pumice, which are believed to be the result of subaqueous pyroclastic flows. The volcanic products are distributed over a total area of about 4.5 km2 (Clapsopoulos, 1998). K-Ar dates listed in Fytikas et al. (1984) range from 5.4 to 4.0 Ma.
",36.995,25.046,282.0,Pleistocene
212805,Kos,Caldera,Caldera(s),Greece,European Volcanic Regions,Hellenic Volcanic Arc,"The island of Kos is dominantly non-volcanic but contains Miocene to Pleistocene volcanic centers. The Kamari caldera is of mid-Pleistocene age and contains the 1.0-0.55 million year old, post-caldera Zini lava dome. The formation of a large caldera deposited the widespread Kos Plateau Tuff (erupted about 160,000 years ago), which covers much of the western half of Kos and originated from a source between Kos and Nisyros islands. The caldera dimensions are uncertain, but may extend as much as 20 km from Kefalos Bay in SW Kos Island to Nisyros Island. Remnants of the pre-eruption stratovolcano are preserved on the islets of Pachia and Pyrgousa and as submarine volcanic rocks on Nisyros. Kos was included in the Catalog of Active Volcanoes of the World (Georgalas, 1962) based on its geothermal activity. Several solfatara fields are present, including Vromotopos at Kefalos Isthmus on the western side of the island and a group of thermal areas at the eastern side of Kos. Thermal activity consists of weak hydrogen sulfide emission, sulfur deposits, and two hot springs along the SE coast.",36.852,27.251,430.0,Pleistocene
213001,Karapinar Monogenetic Field,Cluster,Volcanic field,Turkiye,European Volcanic Regions,Western Anatolian Volcanic Province,"The Karapinar Monogenetic Field is the SW-most area of Quaternary volcanism in Central Anatolia, SW of the Karacadag volcano. As defined by Uslusar et al. (2021), the field contains 17 scoria cones (basaltic), one lava dome (andesitic), four maars (basaltic), and three undifferentiated features. They note that a NE-SW alignment of maars and adjacent scoria cones almost parallel to the Ecemis fault. The maars evolved from hyaloclastite tuff rings to maars to cinder cones, reflecting varying lake water levels during eruptions. Meke Dagi, at the southern extent of the field, is one of the largest cinder cones in Central Anatolia. Ar-Ar radiometric ages from scoria cones were 160-500 ka (from Reid et al., 2017, reported by Uslusar et al., 2021).",37.6407,33.5901,1302.0,Pleistocene
213003,Derinkuyu Volcanic Complex,Cluster,Lava dome,Turkiye,European Volcanic Regions,Western Anatolian Volcanic Province,"The Derinkuyu Volcanic Complex in central Anatolia lies between the Hasan Dagi and Nevsehir-Acigöl complexes. As defined by Uslular et al. (2021), this system includes the buried Tertiary Derinkuyu caldera and the Quaternary Sahinkalesi and Göllüdag dome complexes, along with 30 lava domes (andesitic to rhyolitic), 28 scoria cones (basaltic), one maar (basaltic), and three undifferentiated features. Some of the cones were considered by Keller (1980, pers. comm.) to be Holocene in age due to their freshly preserved features, but Uslular et al. (2021) reported a youngest age of 90 ka for a lava dome (U-Pb). Fission track ages on obsidians ranged from 1.33 to 0.84 million years old (Bigazzi et al., 1995). Hydrothermal alteration and hot springs are present in the Sahin Kalesi resurgent dome complex west of Göllü Dag and on the southern flank of the Erdas Dag massif to the north.
",38.35,34.5567,2143.0,Pleistocene
213004,Nevsehir-Acigol Volcanic Complex,Cluster,Complex,Turkiye,European Volcanic Regions,Western Anatolian Volcanic Province,"The Nevsehir-Acigöl Volcanic Complex is located in the Cappadocia region of central Turkey largely in the area between the towns of Acigöl and Nevsehir. A hypothesized 7 x 8 km late-Pleistocene caldera (Acigöl, or Kocadag) is part of a partially buried larger caldera and contains a group of maars, lava domes, basaltic lava flows, and pyroclastic cones. As defined by Uslusar et al. (2021), this complex includes 24 lava domes (andesitic to rhyolitic), 10 scoria cones (basaltic to andesitic), six maars (basaltic trachyandesitic and rhyolitic), two tuff rings (basaltic), and another 28 undifferentiated features; the youngest dome and maar ages are about 20 ka (U-Th/He). Three groups of obsidian lava flows have been dated; pre-collapse flows between about 190,000 and 180,000 years before present (BP), 75,000 years BP lava domes (such as Taskesik Tepe on the east), and lava domes on the west about 20,000 to 15,000 years old. Thirteen tephra layers deposited between about 11,000 and 4,300 years ago were found in sediment cores in the late Pleistocene Eski Acigöl maar (Kuzucuoglu et al., 1998), but their source is uncertain. An ash layer near the Kocatepe dome was reported by Pasquare (1968) to overlie artifacts of Roman-Cappadocian age, but no detailed work is known.",38.537,34.621,1683.0,Pleistocene
213021,Suphan Dagi,Composite,Stratovolcano,Turkiye,Arabia-Central Asia Volcanic Regions,Central Anatolian Volcanic Province,"Süphan Dagi is a basaltic-to-rhyolitic stratovolcano located immediately north of Lake Van with a glacial icecap on the summit. Andesitic-dacitic lava flows alternated with fluid basaltic flows, followed by construction of a large lava dome over the central vent. The flanks have numerous lava domes and pyroclastic cones erupted along radial and circumferential fissures, particularly on the N, S, and E sides. Voluminous basaltic lava flows traveled as far as 30 km from the summit. Although Yilmaz et al. (1998) reported that there had been a basaltic eruption about 10,000 years ago, Ozdemir and Gulec (2013) made no mention of any activity that recent; based on previous K-Ar studies and new Ar-Ar dating work, they found an activity range of 760,000-60,000 years ago. Dacitic and rhyolitic domes in the summit crater followed all lava flows and pyroclastic deposits from the main cone, with one dated at 64 +/- 14 ka. The 1.5-km-wide, low-rimmed Aygir Gölü maar was formed on the lower S flank, and represents the most recent activity (undated), characterized by a phreatomagamtic eruption and related deposits.",38.931,42.833,4033.0,Pleistocene
213022,Girekol,Shield,Shield,Turkiye,Arabia-Central Asia Volcanic Regions,Central Anatolian Volcanic Province,"Girekol Tepe, a Pleistocene-to-Holocene, calc-alkaline to alkaline shield volcano, is located directly north of the NE arm of Lake Van and NE of the city of Ercis in eastern Anatolia (Yilmaz, 1990). Work by Lebedev at al. (2009) found no volcanic products younger than 0.36 +/- 0.06 Ma associated with Girekol.",39.104,43.426,2145.0,Pleistocene
213801,Golcuk,Caldera,Caldera,Turkiye,European Volcanic Regions,Western Anatolian Volcanic Province,"Thick ignimbrite deposits are associated with formation of the Gölcük caldera, which was partially destroyed by a phreatoplinian eruption. The caldera was partially filled by lava domes and flows and then modified by maar formation during the last phase, which concluded with eruption of lava domes within the lake-filled maar.  The volcano was initially thought to be Pliocene in age, but Platevoet et al. (2008) showed that much of the volcano's activity took place during the Pleistocene, and the latest eruption from lava domes was about 24,000 years ago.",37.72,30.492,,Pleistocene
213803,Arpacay,Cluster,Volcanic field,Turkiye,Arabia-Central Asia Volcanic Regions,Caucasus Volcanic Province,Arpacay is a Pliocene to mid-Pleistocene calc-alkaline to alkaline volcanic center (Yilmaz 1990).      ,41.0,43.467,,Pleistocene
213804,Kisir Dagi,Composite,Unknown,Turkiye,Arabia-Central Asia Volcanic Regions,Caucasus Volcanic Province,"Kisirdagi is a heavily eroded Miocene to Pleistocene volcanic center of calc-alkaline to alkaline composition (Yilmaz, 1990).      ",40.97,43.07,3192.0,Pleistocene
214040,Keli Highland,Cluster,Pyroclastic cone(s),Georgia,Arabia-Central Asia Volcanic Regions,Caucasus Volcanic Province,"This large volcanic plateau contains 35 small cones and extrusions, mostly andesite-dacite edifices (Lebedev, 2014 pers comm).",42.45,44.25,3750.0,Pleistocene
214802,Akhuryan Valley,Cluster,Volcanic field,Armenia,Arabia-Central Asia Volcanic Regions,Caucasus Volcanic Province,"This group of six andesitic-dacitic cinder cones of lower to middle Pleistocene age was unnamed by IAVCEI (1973). Neill et al. (2013) sampled the Sepasar, Eznasar, and Kaputkogh cones in the ""Cone Series"" of the Akhuryan Valley. U-Pb dating of volcanic ash from a nearby archeological site gave an age of 1.8 Ma (Presnyakov et al., 2012).",41.067,43.75,2251.0,Pleistocene
214803,Shamiram Plateau,Cluster,Volcanic field,Armenia,Arabia-Central Asia Volcanic Regions,Caucasus Volcanic Province,A group of 13 cinder and lava cones and domes of Pliocene to mid-Pleistocene age are located in the Aragatz upland (IAVCEI 1973).      ,40.2,44.15,3300.0,Pleistocene
214805,Southeast Syunik Upland,Cluster,Volcanic field,Armenia-Azerbaijan,Arabia-Central Asia Volcanic Regions,Caucasus Volcanic Province,"This area of the large Syunik Volcanic Upland was originally listed in IAVCEI (1973) as a group of 11 cinder cones, lava cones, and lava domes of Pliocene to mid-Pleistocene age in the Syunik Upland. Meliksetian (2013) included a geological map and described the entire upland as extending 70 km NW-SE by 35 km wide, with 163 volcanic features, mostly lava cones, cinder cones, and some rhyolitic domes. The portion of the upland NW of the Plio-Pleistocene Tskhouk stratovolcano, including Holocene pyroclastic cones and lava flows, is identified as the Tskhouk-Karckar volcano group. This catalog entry includes Pleistocene monogenetic cones and lava flows SW and SE of Tskhouk towards the Plio-Pleistocene Ishkhanasar stratovolcano, along with additional cones inside the crater and S of Ishkhanasar.",39.617,46.1,2400.0,Pleistocene
221121,Borawli,Minor,Lava dome(s),Ethiopia,Eastern Africa Volcanic Regions,Afar Rift Volcanic Province,"This dome complex, one of several in Ethiopia named Borawli, consists of a group of rhyolitic lava domes on the floor of the southern Kali plain, NE of the town of Aisa Aita. A 1631 eruption (sometimes listed as 1627) attributed possibly to Amado dome (United Nations, 1973) was considered more likely to be from Dama Ali (Gouin, 1979). The southernmost lava flow dates from the Pleistocene, as K-Ar dated by Lahitte et al. (2003) around 0.49 Ma.",11.63,41.45,875.0,Pleistocene
221292,Tepi,Shield,Shield,Ethiopia,Eastern Africa Volcanic Regions,Western Ethiopia Plateau Volcanic Province,"The densely forested Tepi basaltic shield volcano is at the northern end of the Turkana rift, ~300 km W of the center of the main Ethiopian rift, and was constructed along a zone of ENE-trending faults that extend in line with the Gulf of Aden. It is capped by prominent cinder cones and small craters, and there are associated hot springs. Three satellitic centers are located along an E-W line north of the main shield. Lava flows have traveled down pre-existing valleys. Davidson (1983) considered it to be of probable Holocene age, but no eruption dates are known.",7.424,35.43,2728.0,Pleistocene
221293,Hobitcha Caldera,Caldera,Caldera,Ethiopia,Eastern Africa Volcanic Regions,Main Ethiopian Rift Volcanic Province,"The Hobitcha Caldera, N of Lake Abaya, is a large Pleistocene caldera. The southern side of the caldera consists of a large ridge of trachytic lavas.",6.864,37.847,2156.0,Pleistocene
221300,Chericha,Composite,Stratovolcano,Ethiopia,Eastern Africa Volcanic Regions,Main Ethiopian Rift Volcanic Province,"Chericha is a rhyolitic stratovolcano located on the Wonji fault belt NE of Lake Abaya. Rift zone volcanoes are thought to be Pleistocene-to-Holocene in age; Chericha has been mapped as Pleistocene. Similar rhyolitic and trachytic lava flows are mapped 10 km SW at Donga volcano and up to 20 km SE. The Holocene fissure basalts to the W (Mohr and Wood 1976, WoldeGabriel 1987, pers. comm.), may be related to the Northern Lake Abaya volcanic field.",6.712,38.085,1636.0,Pleistocene
221310,Tosa Sucha,Cluster,Pyroclastic cone(s),Ethiopia,Eastern Africa Volcanic Regions,Main Ethiopian Rift Volcanic Province,"A group of eroded cinder cones and craters are present in the Tosa Sucha area on the NW shore of Lake Chamo, or as islands in the lake, in the southern Ethiopian Rift. Ebinger et al. (1993) noted that lava flows were erupted along NNE-trending fissures between Lake Chamo and Lake Abaya to the north. The ridge of volcanic rocks between the lakes is called the ""Bridge of God,"" or Tosa Sucha; in the local Dorze language Tosa means ""God"" and Sucha means ""stone"" (Williams, 2016). The ridge includes the Pleistocene Bobem trachybasalts (dated at 0.68 +/- 0.03 Ma) and the Nech Sar olivine basalts (dated at 0.77-1.34 Ma) (Ebinger et al., 1993).",5.967,37.629,1650.0,Pleistocene
221335,Dilo-Dukana Volcanic Field,Cluster,Volcanic field,Ethiopia-Kenya,Eastern Africa Volcanic Regions,Kenyan Rift Volcanic Province,"The Dilo-Dukana Volcanic Field in northern Kenya about 150 km E of Lake Turkana extends NE across the border into southern Ethiopia and covers about 1,000 km2. Franceschini et al. (2020) provides an excellent review of this field, from which most of this summary is taken. Using satellite images they recognized 52 volcanic vents (mainly cinder cones), with 26 still well-preserved (mainly maars and some cones). The most prominent feature in the southern part of the field is the 1.8-km-wide Gof Dukana maar. Both cones and maars are often found in clusters or alignments, suggesting several fissures; the largest flows covered almost 17 km2. Age dates (40Ar/39Ar) of four samples analyzed by Corti et al. (2019) ranged between 0.3 and 0.13 Ma.",4.063,37.488,1111.0,Pleistocene
221800,Oyma,Composite,Stratovolcano,Ethiopia,Eastern Africa Volcanic Regions,Afar Rift Volcanic Province,"Oyma is a complex stratovolcano with rhyolitic lava flows, domes, and pyroclastics, followed by formation of a 5-km-wide, 450-m-deep caldera. Oyma was age dated at around 0.5 million years ago (CNR-CNRS, 1973).",12.88,41.62,1041.0,Pleistocene
221801,Didolli,Caldera,Caldera,Ethiopia,Eastern Africa Volcanic Regions,Afar Rift Volcanic Province,Included in Dubbi line of volcanoes which decrease in age northward (Mohr et al. 1976). Didolli is next volcano south of Omya which is dated at 0.5 million years ago (CNR-CNRS 1973).,12.7,41.58,1191.0,Pleistocene
221802,Katahelu,Minor,Cone,Ethiopia,Eastern Africa Volcanic Regions,Afar Rift Volcanic Province,"Included in Dubbi line of volcanoes which decrease in age northward (Mohr et al. 1976). Katahelu is approx. 40 km S of Oyma which is dated at 0.5 million years ago (CNR-CNRS, 1973).",12.551,41.503,1126.0,Pleistocene
221803,Ali Mela,Minor,Cone,Ethiopia,Eastern Africa Volcanic Regions,Afar Rift Volcanic Province,"Ali Mela Ale is included in Dubbi line of volcanoes which decrease in age northward (Mohr et al. 1976). Alimelali is next volcano SE of Oyma, which is dated at 0.5 million years ago (CNR-CNRS 1973).",12.718,41.396,1037.0,Pleistocene
221804,Dawa Ale-Quarry,Composite,Stratovolcano,Ethiopia,Eastern Africa Volcanic Regions,Afar Rift Volcanic Province,"The Dada Ale silicic stratovolcano and caldera and the Quarry lava dome lie on opposite sides of the Dadar graben.  These rhyolitic volcanoes, with potassium-argon dates of 0.62 and 0.65 million years, respectively, were orginally formed as a single volcanic structure that was dismantled by formation of the axial depression of the Dadar graben (Lahitte et al., 2003b).",12.75,41.0,,Pleistocene
221805,Badi,Composite,Stratovolcano,Ethiopia,Eastern Africa Volcanic Regions,Afar Rift Volcanic Province,"A potassium-argon date of 0.29 million years was obtained from the silicic Badi volcano, located east of Dabbayra volcano (Lahitte et al., 2003b).",12.387,40.366,1321.0,Pleistocene
221806,Gad Elu,Composite,Stratovolcano,Ethiopia,Eastern Africa Volcanic Regions,Afar Rift Volcanic Province,"Gad Elu is a 20-km-wide silicic stratovolcano with minor lava domes around the main cone and late-stage obsidian lava flows.  Potassium-argon dates range from 1.46 to 0.38 million years (Lahitte et al., 2003a, 2003b).",12.408,41.06,1548.0,Pleistocene
221807,Ela,Composite,Stratovolcano,Ethiopia,Eastern Africa Volcanic Regions,Afar Rift Volcanic Province,"The Ela silicic central volcano along the southern end of the Dadar graben was constructed by rhyolitic and trachtyic lavas capped by minor basaltic volcanism. The silicic stage was dated at about 0.52 million years (Lahitte et al., 2003a, 2003b).",12.519,41.19,934.0,Pleistocene
221808,Asgura,Composite,Stratovolcano,Ethiopia,Eastern Africa Volcanic Regions,Afar Rift Volcanic Province,"The silicic Asgura volcanic center lies SW of the central Manda Hararo cmplex and was potassium-argon dated at about 1.27 million years (Lahitte et al., 2003b).",11.75,40.9,,Pleistocene
221809,Finini,Composite,Stratovolcano,Ethiopia,Eastern Africa Volcanic Regions,Afar Rift Volcanic Province,"The Finini silicic volcanic center lies NE of Kurub volcano and was potassium-argon dated at about 1.32 million years (Lahitte et al., 2003b).",11.98,41.35,,Pleistocene
221810,Dalaha'ale,Composite,Stratovolcano,Ethiopia,Eastern Africa Volcanic Regions,Afar Rift Volcanic Province,"The silicic Dalaha'ale volcano is cut by a large caldera open to the NE, which has been referred to as Dalaha'ale and Asa Ale.  Silicic activity here and at the adjacent Data Gabalti volcano was dated at about 1.52 to 0.95 million years and followed by fissural basaltic lavas from about 1.0 to 0.33 million years (Lahitte et al., 2003a).",12.274,42.044,881.0,Pleistocene
221811,Data Gabalti,Composite,Stratovolcano,Ethiopia,Eastern Africa Volcanic Regions,Afar Rift Volcanic Province,"The silicic Data Gabalti is located SW of the Manda-Inikar volcanic complex and ESE of Dalaha'ale volcano.  Silicic activity at these two volcanoes was dated at about 1.52 to 0.95 million years and followed by fissural basaltic lavas from about 1.0 to 0.33 million years (Lahitte et al., 2003a).",12.197,42.135,583.0,Pleistocene
221812,Egersuwa,Minor,Lava dome(s),Ethiopia,Eastern Africa Volcanic Regions,Afar Rift Volcanic Province,"The Egersuwa silicic lava dome complex north of the NW end of the Manda Inakir has K-Ar dates ranging from 0.391 to 0.221 million years (Lahitte et al., 2003b).",12.45,42.166,582.0,Pleistocene
221816,Zikwala,Composite,Stratovolcano,Ethiopia,Eastern Africa Volcanic Regions,Main Ethiopian Rift Volcanic Province,"Zikwala (Zuquala) is an isolated volcano west of the main Eithiopian Rift constructed of thick alkali-trachytic lava flows (Di Paola 1972).  Potassium-Argon dates of 1.29 and 0.85 million years ago have been obtained (WoldeGabriel 1987, pers. comm.).     ",8.53,38.85,2989.0,Pleistocene
221817,Ch'Ilalo,Composite,Stratovolcano,Ethiopia,Eastern Africa Volcanic Regions,Main Ethiopian Rift Volcanic Province,"One of the largest volcanoes of the central Ethiopian Rift, Ch'Ilalo lies east of the main rift and contains a 6-km-wide summit caldera.  Akali-trachytic lava flows occupy the caldera floor and a small basaltic flow is found on the NE rim (Di Paola 1972).  A Potassium-Argon date of 1.76 million years ago has been obtained (WoldeGabriel 1987, pers. comm.).     ",7.92,39.27,4005.0,Pleistocene
221818,Gademota Caldera,Caldera,Caldera,Ethiopia,Eastern Africa Volcanic Regions,Main Ethiopian Rift Volcanic Province,"Potassium-Argon date 1.27 million years ago (WoldeGabriel 1987, pers. comm.).      ",7.88,38.6,2090.0,Pleistocene
221819,Duguna,Composite,Stratovolcano,Ethiopia,Eastern Africa Volcanic Regions,Main Ethiopian Rift Volcanic Province,"Pleistocene in age (WoldeGabriel 1987, pers. comm.).      ",6.95,38.07,2205.0,Pleistocene
221822,Chew Bahir,Minor,Pyroclastic cone(s),Ethiopia,Eastern Africa Volcanic Regions,Kenyan Rift Volcanic Province,"In the Chew Bahir basin along the Ethiopia-Kenya border cones of basaltic ejecta surrounded by very recent sediments.  The volcanics are mapped as Quaternary (Davidson, 1983).      ",4.47,36.87,600.0,Pleistocene
222150,Kilimanjaro,Composite,Stratovolcano,Tanzania,Eastern Africa Volcanic Regions,Kenyan Rift Volcanic Province,"Massive Kilimanjaro consists of three overlapping edifices along a NW-SE trend, mostly constructed during the Pleistocene, with an ice-capped summit that reaches 5,200 m above the surrounding plains. Kibo is the central stratovolcano, which has a broad elongated profile and a 2 x 3 km summit caldera. Activity at the older Shira cone, which forms the broad WNW shoulder of the complex, began during the Pliocene. The extensively dissected Pleistocene Mawenzi forms a prominent, sharp-topped peak on the ESE flank, dominated by a densely packed radial dike swarm. More than 250 cones occupy a rift zone to the NW and SE. Fumarolic activity is present within a group of nested summit craters. Widespread statements that the ""most recent activity was about 200 years ago,"" sometimes referencing the central ""ash pit"" formation, are of unknown origin with no supporting evidence in geological or anthropological literature. Nonnotte et al. (2008) K-Ar dated caldera-rim group lavas in the 170-274 ka range, and placed the most recent volcanism (formation of both the present summit crater, Inner Crater group lavas, and flank cones) around 150-200 ka. Martin-Jones et al. (2020) attributed two mafic tephra deposits in Lake Chala to Kilimanjaro that were dated to about 248 and 134 ka.",-3.07,37.35,5881.0,Pleistocene
222161,Igwisi Hills,Minor,Pyroclastic cone(s),Tanzania,Eastern Africa Volcanic Regions,Tanzania Craton Volcanic Province,"Three kimberlitic volcanoes of late Pleistocene or Holocene age are located in the Igwisi Hills, WNW of the city of Tabora in NW Tanzania. They were erupted along a NE-SW-trending rift through a Precambrian granitic gneiss basement and are located on the W side of the Tanzanian Craton far from volcanoes near the Gregory Rift. Two pyroclastic cones with well-preserved craters are present, with a central cone and crater adjacent to the NE crater that contains a solidified lava lake. The NE crater is the largest feature, at 370 m in diameter, and has been breached on the ENE side; this was the source of a lava flow about 1 km long and wide. The SW crater is also breached on the ENE side, with a smaller lava flow on the E flank. Cosmogenic 3He exposure dating of olivine in the lavas has a large uncertainty range, which Brown et al. (2012) variously describes as late Pleistocene/Holocene or ""near Holocene"" in their text.",-4.889,31.933,1146.0,Pleistocene
222162,Usangu Scarp Basalt,Minor,Pyroclastic cone,Tanzania,Eastern Africa Volcanic Regions,Rukwa Rift Volcanic Province,"A small basaltic tephra cone on the edge of the Usangu escarpment, overlooking the Usangu basin north of the Poroto Mountains, was considered by Ebinger et al. (1989) to be of probable Holocene age, based on lack of vegetative cover. A lava flow traveled westward away from the rift valley along the back-tilted flank of the rift. The exact location of this feature is uncertain and is not obvious at the mapped location using satellite imagery. More recent papers do not reference this location or provide age dates for the sample taken by Ebinger et al. (1989). Fontijn et al. (2012) considered the volcanic centers in the adjacent SW Usangu Basin area to be unrelated to the late Cenozoic stage of volcanism in the Rungwe Volcanic Province.",-8.624,33.583,1690.0,Pleistocene
222163,SW Usangu Basin,Cluster,Lava dome(s),Tanzania,Eastern Africa Volcanic Regions,Rukwa Rift Volcanic Province,"A group of late-Pleistocene to Holocene phonolitic lava domes is located at the SW end of the Usangu Basin, NE of the Poroto Mountains. Vents of the SW Usangu Basin volcanic field are located along NNE-trending normal faults (Ebinger et al., 1989). However, Fontijn et al. (2012) considered the volcanic centers in this area, forming a phonolite dome field, to not be part of the late Cenozoic stage of volcanism in the Rungwe Volcanic Province; the most recent dated sample was 0.57 Ma.",-8.75,33.8,2179.0,Pleistocene
222165,Izumbwe-Mpoli,Minor,Pyroclastic cone(s),Tanzania,Eastern Africa Volcanic Regions,Rukwa Rift Volcanic Province,"Two melanephelinite cones about 1.5 km apart, Izumbwe and Mpoli, are located ~18 km WNW of Ngozi caldera and just NW of Izumbwe village (Harkin, 1960). Basal lava flow trachyte units in the Songwe Basin were dated at 0.55 Ma (Ebinger et al., 1989). The youngest units in this area do not have age dates, but are covered with tephra from recent Rungwe and Ngozi eruptions.",-8.976,33.38,1568.0,Pleistocene
222828,Porr,Minor,Pyroclastic cone,Kenya,Eastern Africa Volcanic Regions,Kenyan Rift Volcanic Province,Mohr and Wood (1976) map a Pliocene-Quaternary volcano in this location.  Ochieng' et al. (1988) and Wilkinson (1988) map widely spaced Tertiary basaltic flows not associated with prominent volcanic centers.  Smith (1991 pers. comm.) notes that the youthful features of the small volcanic cone Porr may indicate a Quaternary age.     ,2.9,36.55,,Pleistocene
222800,Kulal,Shield,Shield,Kenya,Eastern Africa Volcanic Regions,Kenyan Rift Volcanic Province,"The elongated N-S trending Kulal shield volcano east of the south end of Lake Turkana is mostly Pliocene in age, with cinder cones of probable Pleistocene age (Ochieng' et al., 1988).     ",2.75,36.93,2285.0,Pleistocene
222801,Asie,Shield,Shield,Kenya,Eastern Africa Volcanic Regions,Kenyan Rift Volcanic Province,"The Hawaiian-type Asie shield volcano is the youngest and NE-most of a group of en echelon shields east of Lake Turkana.  Asie was constructed during the Pliocene and Pleistocene; late-stage activity formed a series of cones and maars, with the last eruptions occurring about 0.42 million years ago on the NW flank. (Charsley 1987a).     ",2.964,37.104,1056.0,Pleistocene
222802,Huri Hills,Shield,Shield,Kenya,Eastern Africa Volcanic Regions,Kenyan Rift Volcanic Province,"The 90 x 110 km Pliocene to Pleistocene Huri Hills shield volcano is capped by cinder cones along a NNE-SSW trend.  Some relatively uneroded cones in this arid region are over 1 million years old (Charsley, 1987).      ",3.5,37.75,1300.0,Pleistocene
222803,Bogoria,Shield,Shield,Kenya,Eastern Africa Volcanic Regions,Kenyan Rift Volcanic Province,The late-Pleistocene Hannington formation consists of a broad shield volcano west of Lake Bogoria that has been cut by spectacular grid faults along the west margin of the Gregory Rift. Geysers on the west margin of Lake Bogoria may be of tectonic origin.,0.25,36.08,1100.0,Pleistocene
222804,Kilombe Caldera,Caldera,Caldera,Kenya,Eastern Africa Volcanic Regions,Kenyan Rift Volcanic Province,Pliocene-Pleistocene (Williams 1970).,-0.08,35.83,2550.0,Pleistocene
222805,"Nyokie, Ol Doinyo",Minor,Tuff cone,Kenya,Eastern Africa Volcanic Regions,Kenyan Rift Volcanic Province,"The late-Pleistocene Ol Doinyo Nyokie ignimbrite complex formed as a result of ash-flow fissure eruptions and ash flows erupted from a central vent, forming a dome-shaped tuff cone (Baker, 1975).      ",-1.8,36.38,1169.0,Pleistocene
222806,Gelai,Shield,Shield,Tanzania,Eastern Africa Volcanic Regions,Kenyan Rift Volcanic Province,"Pleistocene shield volcano (Keller 1989, pers. comm.).      ",-2.6,36.1,2942.0,Pleistocene
222807,Ketumbeine,Shield,Shield,Tanzania,Eastern Africa Volcanic Regions,Kenyan Rift Volcanic Province,"Activity at Ketumbeine volcano continued into the Pleistocene (Dawson, 1992).",-2.88,36.22,2942.0,Pleistocene
222808,Kerimasi,Composite,Stratovolcano,Tanzania,Eastern Africa Volcanic Regions,Kenyan Rift Volcanic Province,The carbonatitic volcano Kerimasi sits astride a major fault scarp of the eastern Gregory Rift and erupted during the last major episode of faulting 0.6-0.4 million years ago (Hay 1983).      ,-2.87,35.95,2600.0,Pleistocene
222829,Embagai,Caldera,Caldera,Tanzania,Eastern Africa Volcanic Regions,Kenyan Rift Volcanic Province,"Included in a list of Quaternary volcanoes (Latter, 1975b).",-2.92,35.83,3220.0,Pleistocene
222809,Loolmalasin,Composite,Unknown,Tanzania,Eastern Africa Volcanic Regions,Kenyan Rift Volcanic Province,"A lava flow, possibly from Loolmalasin, was K-Ar dated at about 1.19 million years (Dawson, 1992).",-3.052,35.817,3627.0,Pleistocene
222830,Olmoti,Caldera,Caldera,Tanzania,Eastern Africa Volcanic Regions,Kenyan Rift Volcanic Province,"Included in a list of Quaternary volcanoes (Latter, 1975b); no additional information.  Ages derived from both K-Ar and 40Ar/39Ar on lavas and ignimbrites presumably from Olmoti yielded ages of 1.10-1.85 Ma (McHenry et al., 2008).",-3.0,35.65,3099.0,Pleistocene
222810,Sadiman,Composite,Stratovolcano,Tanzania,Eastern Africa Volcanic Regions,Kenyan Rift Volcanic Province,"Dawson (1992) considered the age of Sadiman volcano to be uncertain, with one source considering it to be Pleistocene and another obtaining a K-Ar age of 4.5 Ma.  Clasts of Sadiman lavas are found in sediments dated to 1.7-2.0 million years.",-3.18,35.42,2865.0,Pleistocene
222811,Ngorongoro,Caldera,Caldera,Tanzania,Eastern Africa Volcanic Regions,Kenyan Rift Volcanic Province,,-3.17,35.57,2376.0,Pleistocene
222812,Sultan Hamud-Simba,Cluster,Volcanic field,Kenya,Eastern Africa Volcanic Regions,Kenyan Rift Volcanic Province,"The early Pleistocene Sultan Hamud-Simba volcanic cones and lava flows represent the beginning of volcanism that continued to the SE in the Chyulu Hills (Saggerson, 1963).      ",-2.12,37.4,,Pleistocene
222813,Burko,Composite,Stratovolcano,Tanzania,Eastern Africa Volcanic Regions,Kenyan Rift Volcanic Province,"A K-Ar date of 0.97 +/- 0.03 million years was obtained from Burko volcano (Dawson, 1992).",-3.3,36.22,2136.0,Pleistocene
222814,Kwaraha,Composite,Stratovolcano,Tanzania,Eastern Africa Volcanic Regions,Kenyan Rift Volcanic Province,,-4.23,35.82,2415.0,Pleistocene
222831,Hanang,Composite,Stratovolcano,Tanzania,Eastern Africa Volcanic Regions,Kenyan Rift Volcanic Province,"Described as one of Pleistocene-Recent centers in the area, but not specifically described as Recent (Williams 1971).",-4.43,35.4,3418.0,Pleistocene
422827,Katete,Composite,Stratovolcano,Tanzania,Eastern Africa Volcanic Regions,Rukwa Rift Volcanic Province,"This largely eroded Pleistocene volcano NE of Rungwe has never been studied systematically (Fontijn et al., 2012). A phonolite/trachyte sample from Katete was K-Ar dated by Ebinger et al. (1989) at 2.35 +/- 0.04 Ma.",-9.112,33.746,2481.0,Pleistocene
422826,Tukuyu,Shield,Shield,Tanzania,Eastern Africa Volcanic Regions,Rukwa Rift Volcanic Province,"The Tukuyu shield volcano is thought to be made up of basaltic lavas, though Fontijn et al. (2012) also note that it has never been systematically studied. The town of Tukuyu is built upon thsi volcano. Dating by Ebinger et al. (1989) using K-Ar and by Ivanov et al. (1999) identified three lava ages between 2.12 +/- 0.04 and 1.34 +/- 0.02 Ma.",-9.26,33.648,1541.0,Pleistocene
223003,Katwe-Kikorongo Volcanic Field,Cluster,Volcanic field,Uganda,Eastern Africa Volcanic Regions,Albertine Rift Volcanic Province,"The Katwe-Kikorongo Volcanic Field extends from the NE shore of Lake Edward to the W shore of Lake George, south of the Ruwenzori Range. The field covers an area of about 180 km2 and contains a group of about 80 foiditic tuff cones and maars, some of which are filled by lakes. Lake Katwe is a shallow 3-km-long body of water that occupies two of three intersecting craters immediately NE of Lake Edward. Local stories suggest observations of volcanism in and around this area. However, Pitcavage et al. (2021) dated one sample from this field at about 87 ka (40Ar/39Ar).",-0.08,29.92,1067.0,Pleistocene
223004,Bunyaruguru Volcanic Field,Cluster,Volcanic field,Uganda,Eastern Africa Volcanic Regions,Albertine Rift Volcanic Province,"The Bunyaruguru Volcanic Field (also known as Kichwambe) straddles the equator along the E side of the Western Rift Valley, south of Lake George. It contains more than 130 maars, 27 of which contain lakes. Friable calcareous volcanic tuffs are interbedded with Quaternary sediments. Only a few foiditic lava flows have been found. Although Reece (1955) suggested that there had been recent volcanic activity, no eruptions have been recorded, and Pitcavage et al. (2021) reported an 40Ar/39Ar date of about 188 ka on one sample.",-0.2044,30.1422,1554.0,Pleistocene
223005,Katunga,Minor,Volcanic field,Uganda,Eastern Africa Volcanic Regions,Albertine Rift Volcanic Province,"Katunga, an isolated tuff cone with associated lava flows located E of Lake Edward, is the southernmost feature of a N-S-trending chain of high-potassium foditic volcanic fields in the Western Rift Valley of Uganda. It is the type locality of the rock type katungite, an olivine-melilitite. The undissected tuff cone was erupted through metamorphic basement rocks. Its rim and flanks are covered with ejected schists, and it contains a freshwater lake in its summit crater. Two lava flows traveled to the NE from vents on the N and NE flanks. The age of the cone is uncertain, but it is contemporaneous with tuff cones in the Bunyaruguru area to the north.",-0.471,30.191,1707.0,Pleistocene
223050,Visoke,Composite,Stratovolcano,DR Congo-Rwanda,Eastern Africa Volcanic Regions,Albertine Rift Volcanic Province,Visoke is the NE edifice of a cluster of three large stratovolcanoes at the southern end of the Virunga Range on the border of the Democratic Republic of Congo and Rwanda. The trachyandesitic stratovolcano contains a 450-m-wide lake in its summit crater.,-1.458,29.485,3696.0,Pleistocene
223060,Muhavura,Composite,Stratovolcano,Uganda-Rwanda,Eastern Africa Volcanic Regions,Albertine Rift Volcanic Province,"Muhavura (or Muhabura) volcano, at the NE end of the Virunga Range, is a stratovolcano with a 40-m-wide lake in its summit crater. The smaller Mgahinga volcano is about 3.5 km E across a broad saddle. The two volcanoes have produced basanitic-to-trachyandesitic lavas.",-1.3828,29.6778,4103.0,Pleistocene
223070,Bufumbira Volcanic Field,Cluster,Volcanic field,Uganda,Eastern Africa Volcanic Regions,Albertine Rift Volcanic Province,"The Bufumbira Volcanic Field in SW Uganda consists of a group of about 40 cinder cones over an area of about 320 km2 extending 20 km N of the large stratovolcanoes of the NE portion of the Virunga Mountains. The rocks are noted for their unusual ultrapotassic chemistry, including silica undersaturated and vesicular basalts (Barifaijo et al., 2010). The cinder cones occur in clusters, were erupted along lineaments, and are typically breached on one side by lava flows. The youngest 40Ar/39Ar dated samples reported by Pitcavage et al. (2021) were about 21 ka.",-1.304,29.683,2100.0,Pleistocene
223080,Tshibinda Volcanic Field,Cluster,Pyroclastic cone(s),DR Congo,Eastern Africa Volcanic Regions,Albertine Rift Volcanic Province,"The Tshibinda Volcanic Field is described by Pouclet et al. (2016) as consisting of numerous well-preserved scoria cones and lava flows at the border of the Tshibinda step. The elongate SSW-NNE field is 33 km long, extending from Tshibinda to Leymera. Mapping revealed sixty cones, 50-150 m high, with most of them being a source of lava flows, primarily down the fault scarp and spreading towards the eastern lowlands. Previous work dated the activity from 1.9 to 1.6 Ma (Bellon and Pouclet, 1980).",-2.32,28.75,1460.0,Pleistocene
223800,Mikeno,Composite,Stratovolcano,DR Congo,Eastern Africa Volcanic Regions,Albertine Rift Volcanic Province,The eroded Pliocene to Pleistocene Mikeno volcano is located west of the crest of the Virunga Mountains.  Potassium-Argon dates of 0.5 million years ago have been obtained for its latest stage of activity (Krafft 1990).,-1.463,29.419,4387.0,Pleistocene
223801,Sabinyo,Composite,Stratovolcano,Uganda-Rwanda,Eastern Africa Volcanic Regions,Albertine Rift Volcanic Province,Extensive erosion has carved five peaks into the summit of the Pliocene to Pleistocene Sabinyo volcano. Potassium-Argon dates of 0.14 and 0.09 million years ago have been obtained from lava flows.,-1.388,29.592,3605.0,Pleistocene
224001,Sao Tome,Shield,Shield,Sao Tome and Principe,Northern Africa Volcanic Regions,Western Africa Volcanic Province,"Sao Tome is a roughly conical island in the Gulf of Guinea that rises from a depth of 3,000 m below sea level. The S and W parts of the island are more dissected, and dramatic phonolitic and trachytic spines rise vertically out of the rain forest. Most of the lavas erupted over the last million years are basaltic in composition. Argon isotope dating reported by Barfod and Fitton (2014) showed that the most recent activity was 0.036 +/- 0.004 Ma, following frequent eruptions over much of the Pleistocene.",0.2,6.58,2024.0,Pleistocene
224002,Gran Caldera de Luba,Caldera,Shield,Equatorial Guinea,Northern Africa Volcanic Regions,Western Africa Volcanic Province,"Gran Caldera de Luba is a basaltic shield volcano with a broad summit caldera that forms the SW peninsula of Bioko Island in the Gulf of Guinea. Although classified as having been active during the last 2,000 years by IAVCEI (1973), there are no known dated deposits or reported eruptions.",3.3569,8.5089,2266.0,Pleistocene
224003,"Biao, Pico",Shield,Shield,Equatorial Guinea,Northern Africa Volcanic Regions,Western Africa Volcanic Province,"Pico Biaó is a basaltic shield volcano on the SE side of Bioko Island in the Gulf of Guinea. The summit contains a small lake-filled crater. Although classified as having been active during the last 2,000 years by IAVCEI (1973), there are no known dated deposits or reported eruptions.",3.3581,8.6256,2006.0,Pleistocene
224020,Manengouba,Composite,Stratovolcano,Cameroon,Northern Africa Volcanic Regions,Western Africa Volcanic Province,"The Manengouba volcanic complex is located across the Tombel Graben from Mount Cameroon. Growth of the initial Manengouba shield volcano during the early Pleistocene was followed by growth of the Eboga stratovolcano. The subsequent Elengoum extrusive complex consists of trachytic pyroclastic flows and trachyandesitic to trachytic lava domes, and magma withdrawal associated with these eruptions was linked to formation of the 4-km-wide Eboga caldera. Renewed eruptions within the caldera and on its flanks produced about one hundred pyroclastic cones and three maars during the latest stage of activity at Manengouba that were dated between about 0.45 and 0.11 Ma.

",5.03,9.83,2411.0,Pleistocene
224040,Ngaoundere Plateau,Cluster,Volcanic field,Cameroon,Northern Africa Volcanic Regions,Western Africa Volcanic Province,"The Ngaoundere volcanic field is located within a larger late-Miocene region of plateau basalts, plug domes and a single large basanitic-to-trachytic stratovolcano, Nganha. Quaternary volcanism is situated east of Ngaoundere and Wakwa, and consists of scoria cones and lava flows, maars, and tuff cones. A single Potassium-Argon date of 0.9 million years ago has been obtained from a lava flow east of Wakwa, although some volcanoes are possibly of Holocene age (Vincent 1992, pers. comm.). The most recent eruptive activity originated from a chain of cinder cones aligned in a WNW-ESE direction.",7.25,13.67,1230.0,Pleistocene
224050,Biu Plateau,Cluster,Volcanic field,Nigeria,Northern Africa Volcanic Regions,Western Africa Volcanic Province,"The Biu Plateau in NE Nigeria is composed of basaltic lava flows. A large number of recent cinder cones with well-defined craters are aligned in a NNW-SSE direction over a distance of 50 km. The cinder cones and lava flows often contain abundant peridotite xenoliths. Work in this area has been inconsistent and infrequent. Age dates (K-Ar) were reported by Lar and others (2013; citing Baudin, 1991) as being in the 5-1.4 Ma range. Fitton and Dunlop (1985) presented K-Ar ages of 5.20 +/- 0.33 Ma for a basalt 24 km S of the town of Biu near the base of the plateau, and 0.84 +/- 0.09 Ma for a basanite on the north end of the plateau; neither roadside sample was clearly identified with a specific cone. Obaje (2009) describes the chronology of the Biu Plateau as ""well controlled by radiometric dating"" with plateau basalts in the 7-5 Ma range and Quaternary basalts less than 1 Ma; no citations are provided. A pollen record from Lake Tila (Salzmann, 2000) spanned the entire Holocene; however, adjacent graph scales showing age (in ka BP) and core depth terminating at 840 cm have apparently been misunderstood, resulting in Salzmann being cited in some places as indicating volcanism 840,000 years ago.",10.75,12.088,930.0,Pleistocene
225007,Haruj,Cluster,Volcanic field,Libya,Northern Africa Volcanic Regions,East Central Sahara Volcanic Province,"The extensive Plio-Pleistocene Haruj volcanic field covers a broad 45,000 km2 area in central Libya with very well-preserved basaltic scoria cones, lava flows, and explosion craters (Liegeois et al., 2005). The youngest lava flows of the Haruj field (also known as Al-Haruj al Aswad or Djebel Haroudj) were considered by Klitzsch (1968) to be Holocene in age and are located at the northern side of the field, but K-Ar ages generally range from 6 to 0.4 Ma (Liegeois et al., 2005). The field contains about 150 volcanoes, 30 of which are small shield volcanoes with heights between 100 and 400 m. The volcanics are located along the SE extension of the Hon graben system of late Cretaceous to Tertiary age, near the intersection of the Paleozoic southern Haruj uplift and the western edge of the Mesozoic Tibesti-Sirte uplift.
",27.25,17.5,1200.0,Pleistocene
225008,Waw an Namous,Caldera,Caldera,Libya,Northern Africa Volcanic Regions,East Central Sahara Volcanic Province,"The isolated Waw an Namous (also spelled Wau-en-Namus or Uaw en Namus) lies in the Sahara desert of south-central Libya, south of the Haruj volcanic field. A 4-km-wide, 100-m-deep caldera contains the Waw an Namous post-caldera scoria cone. An apron of dark basaltic tephra extends 10-20 km around the caldera in stark contrast to the light-colored desert sand prominent in satellite views. Three small salt lakes of variable color contribute to the name of the volcano, which means ""Oasis of Mosquitoes."" The youthful appearance of the central cone has suggested it may be as young as a few thousand years, although the arid climate may mask its actual age. Yellow sulfur deposits are found in the 150-m-wide crater. Other basaltic lava flows occur several tens of kilometers NW of the volcano.",24.906,17.772,470.0,Pleistocene
225800,Tin Taralle Volcanic Field,Cluster,Volcanic field,Niger,Northern Africa Volcanic Regions,West Central Sahara Volcanic Province,"The Tin Taralle volcanic field was erupted through Precambrian basement rocks of the Tuareg shield in the southern Aïr region of Niger.  The latest dated rocks are of Pleistocene age (Liegeois et al., 2005).",18.27,9.33,,Pleistocene
225801,Cap-Vert,Minor,Volcanic field,Senegal,Northern Africa Volcanic Regions,Senegalo-Mauritania Basin Volcanic Province,"Volcanism on the Cap-Vert Peninsula took place in five episodes from the Oligocene to the Pleistocene, ending about 600,000 years ago. The volcanic field covers an area of about 100 km2 on the peninsula hosting the capital city of Dakar.",14.7238,-17.5019,106.0,Pleistocene
225812,In Teria Volcanic Field,Cluster,Tuff ring(s),Algeria,Northern Africa Volcanic Regions,West Central Sahara Volcanic Province,"The In Teria volcanic field, which covers an area of about 100 km2, consists of about 20 explosion craters that produced tuff rings and xenolith-rich porphyritic melilititic rocks (Liegeois et al., 2005). Lava blocks and lapilli are found within the tuffs, which may be phreatomagmatic in origin (Dautria et al., 1992). The fresh-looking morphology of some tuff rings suggests a Quaternary age (Dautria et al., 1992), and Liegeois et al. (2005) suggested that it may be Holocene, but were uncertain.
",25.0847,8.009,575.0,Pleistocene
225802,Oulmes Volcanic Field,Cluster,Volcanic field,Morocco,Northern Africa Volcanic Regions,Northwestern Africa Volcanic Province,"The alkaline Olmès volcanic field covers an area of 20 x 70 km in the Middle Atlas Range of Morocco.  The volcanic field was active during the Pliocene and Pleistocene, with K-Ar dates of 0.9-0.31 million years (Liegeois et al., 2005).",33.33,-6.0,,Pleistocene
225813,Azrou Volcanic Field,Cluster,Volcanic field,Morocco,Northern Africa Volcanic Regions,Northwestern Africa Volcanic Province,The Azrou volcanic field in the Middle Atlas Range of Morocco covers an area of about 1500 km2.  ,33.67,-5.17,1785.0,Pleistocene
225803,Rekkame Volcanic Field,Cluster,Explosion crater(s),Morocco,Northern Africa Volcanic Regions,Northwestern Africa Volcanic Province,"The youngest rocks of the Rekkame Volcanic Field were K-Ar dated at 1.4 million years (Liegeois et al., 2005).",33.17,-3.33,1500.0,Pleistocene
225814,Oujda Volcanic Field,Cluster,Volcanic field,Morocco,Northern Africa Volcanic Regions,Northwestern Africa Volcanic Province,Includes more than 20 older Quaternary volcanoes (IAVCEI).,34.53,-3.3,700.0,Pleistocene
225815,Mrit-Ment Volcanic Field,Cluster,Volcanic field,Morocco,Northern Africa Volcanic Regions,Northwestern Africa Volcanic Province,,33.47,-2.97,700.0,Pleistocene
225816,Berguent Volcanic Field,Cluster,Volcanic field,Morocco,Northern Africa Volcanic Regions,Northwestern Africa Volcanic Province,,33.75,-2.4,1200.0,Pleistocene
225817,Chott Tigri Volcanic Field,Cluster,Volcanic field,Morocco,Northern Africa Volcanic Regions,Northwestern Africa Volcanic Province,,32.92,-1.85,1388.0,Pleistocene
225804,Nemours-Nedroma,Cluster,Volcanic field,Algeria,Northern Africa Volcanic Regions,Northwestern Africa Volcanic Province,"An age of 2.1 million years was obtained from this part of the Oranie Volcanic Field, a 2000 km2 field located along the Mediterranean coast of NW Algeria (Coulon et al., 2002; Liegeois et al., 2005). It is not known if younger rocks are present in this part of the field. Maury et al. (2000) gives ages of 0.8 to 3.9 Ma for the whole Oranie Volcanic Field. The volcanic products associated with this field are generally alkaline basalts; mantle xenoliths are also present within the volcanics (Maury et al., 2000; Liegeois et al., 2005). 
",35.07,-2.0,444.0,Pleistocene
225805,Tafna Beni Saf,Cluster,Volcanic field,Algeria,Northern Africa Volcanic Regions,Northwestern Africa Volcanic Province,"Alkaline volcanism continued into the Pleistocene in the Tafna Beni Saf (2.7-1.4 Ma) and Aïn Temouchent (1.28-0.82 Ma) areas along the Mediterranean Sea coast of NW Algeria (Coulon et al., 2002). This volcano is a member of the Neogene-Pleistocene Oranie Volcanic Field, which covers an area of about 2000 km2 and has a total volume of about 200 km3. The volcanic products generally consist of alkaline basalts, and mantle xenoliths are also present (Doblas et al., 2007; Maury et al., 2000; Liegeois et al., 2005). 
",35.28,-1.45,480.0,Pleistocene
225806,Gharyan Volcanic Field,Composite,Stratovolcano(es),Libya,Northern Africa Volcanic Regions,East Central Sahara Volcanic Province,"The Gharyan volcanic field is about 3000 km2 in area, but its volcanic structures and products, which include a lava plateau, phonolite domes, and younger small volcanic centers, are relatively thin, at only 350 km3 in volume (Liegeois et al., 2005). Potassium-Argon ages of the youngest volcanics range from 1-12 Ma (Almond, 1974; Liegeois et al., 2005). These volcanic centers are generally basanitic and contain abundant lherzolitic xenoliths (Liegeois et al., 2005). 
",32.0,13.25,850.0,Pleistocene
225818,"Chi, Tarso Emi",Cluster,Volcanic field,Chad,Northern Africa Volcanic Regions,East Central Sahara Volcanic Province,Tarso Emi Chi forms a SSW-NNE trending massif capped by Quaternary basalts (Geze et al. 1959).      ,21.22,18.52,2650.0,Pleistocene
225819,"Ahon, Tarso",Cluster,Volcanic field,Chad,Northern Africa Volcanic Regions,East Central Sahara Volcanic Province,"Tarso Ahon forms an elongated ridge 100 km long running NNW from Emi Koussi that is capped by Quaternary basalts from well-preserved vents (Geze et al., 1959).      ",20.539,18.29,3325.0,Pleistocene
230010,Kaukab,Cluster,Volcanic field,Syria,Arabia-Central Asia Volcanic Regions,Northern Arabia Volcanic Province,"Kaukab is a basaltic cone about 1 km in diameter with a large breached and eroded crater; additional smaller cones are located 2 km N and 500 m S. It was described as Holocene by Malki (in IAVCEI, 1973), but very little work has been done in this area, and no definitive age has been determined. Lease and Abdel-Rahman (2008) include this as part of the Plio-Quaternary Euphrates Volcanic Field, noting that ""piles of lava flows at the Kaukab locality are about 10 m thick at the centre, diminishing to 3 m in thickness at the edge of the plateau.""",36.536,40.858,516.0,Pleistocene
230800,Tigris Lava Flows,Cluster,Volcanic field,Syria,Arabia-Central Asia Volcanic Regions,Northern Arabia Volcanic Province,"This location was included in IAVCEI (1973) as ""mid-Pleistocene."" Abdel-Rahman and Lease (2012) identify the area as the Tigris lava flows (basaltic
lava flows, with minor pyroclastic flows). They note that it, along with lava flows in the Ardel-Sheikh area, is part of the Tigris Volcanic Field (~1,750 km2).",37.13,41.85,693.0,Pleistocene
230801,Feidat el-Mieza,Minor,Volcanic field,Syria,Arabia-Central Asia Volcanic Regions,Northern Arabia Volcanic Province,"This location was included in IAVCEI (1973) as a group of 11 volcanoes last active in the ""mid-upper Pleistocene."" Lease and Abdel-Rahman (2008) identify the area as Feidat el-Mieza (680 km2 with lava flows and minor pyroclastic flows). They note that it is part of the Plio-Quaternary Euphrates Volcanic Field. ",35.843,40.617,404.0,Pleistocene
230802,Himmat el-Jazira,Cluster,Cone(s),Syria,Arabia-Central Asia Volcanic Regions,Northern Arabia Volcanic Province,"This location was included in IAVCEI (1973) as a group of seven volcanoes last active in the ""mid-upper Pleistocene."" Lease and Abdel-Rahman (2008) identify the area as including Ein Abou-Jema (~30 km2 of mafic–ultramafic lava flows) and Himmat el-Jazira (400 km2 with lava flows and minor pyroclastic flows). They note that it is part of the Plio-Quaternary Euphrates Volcanic Field.",35.708,39.966,473.0,Pleistocene
430815,"Qiranah, Jabal al",Cluster,Volcanic field,Jordan,Arabia-Central Asia Volcanic Regions,Northern Arabia Volcanic Province,"Jabal al Qiranah lies in central Jordan, about halfway in between the city of Ma'an in southern Jordan and the Dead Sea. Basaltic lava from Jabal al Qiranah overlies middle Pleistocene fluviatile gravels, which yielded many Acheulian implements (Bender, 1975).",30.73,35.75,,Pleistocene
231806,"Hutaymah, Harrat",Cluster,Volcanic field,Saudi Arabia,Arabia-Central Asia Volcanic Regions,Western Arabia Volcanic Province,"Harrat Hutaymah is a Quaternary alkali basalt volcanic field that is rich in tuff cones and ultramafic xenoliths (Thornber, 1990).   It lies NE of the trend of the main lava fields of Saudi Arabia and is one of the smaller fields.  One K-Ar date of 1.80 +/- 0.05 was obtained from a lava flow cut by a tuff ring.     ",26.98,42.4,,Pleistocene
231807,"Haylah, Jibal al",Minor,Cone,Saudi Arabia,Arabia-Central Asia Volcanic Regions,Southwest Arabia Volcanic Province,"This isolated cone about 20 km E of late lava flows from the Harrat al Birk field was dated as Pleistocene (0.18-0.25 Ma) by Coleman et al. (1983). However, Brown et al. (1989) noted that those samples were from a basal flow, so the youthful-looking cone could be much more recent.",18.515,42.051,761.0,Pleistocene
232001,Sahand,Composite,Stratovolcano,Iran,Arabia-Central Asia Volcanic Regions,Caucasus Volcanic Province,"Sahand volcano (Kuh-e-Sahand) is located in NW Iran, about 60 km E of Lake Urmia and 40 km SSE of the city of Tabriz. Numerous lava domes are present on the lower flanks. Pleistocene Potassium-Argon dates from 1.2-0.8 million years ago have been obtained (Innocenti et al., 1982), though Karakhanian et al. (2002) stated that eruptions continued into the Holocene. In their review of research on Sahand, Ghalamghash et al. (2019) concluded that the most recent activity was less than 173 ka, but not Holocene.",37.75,46.43,3707.0,Pleistocene
232002,Sabalan,Composite,Stratovolcano,Iran,Arabia-Central Asia Volcanic Regions,Caucasus Volcanic Province,"Sabalan volcano (Kuhha-ye-Sabalan) lies in NW Iran, about 90 km W of the Caspian Sea and west of the city of Ardabil. The andesitic volcano is the highest point in NW Iran. Seven glaciers descend from the summit, and rock glaciers are also present. Potassium-Argon dates ranged from 5.6 to 1.4 million years ago (Innocenti et al., 1982), though Karakhanian et al. (2002) indicated that activity continued into the Holocene. In their research review, Ghalamghash et al. (2019) concluded that the most recent activity was less than 149 ka, but not Holocene.",38.268,47.835,4784.0,Pleistocene
232020,Qal'eh Hasan Ali,Cluster,Maar(s),Iran,Arabia-Central Asia Volcanic Regions,Central Asia Volcanic Province,"The Qal'eh Hasan Ali volcanic field in SE Iran contains 14 maars of late Quaternary age, which were erupted through desert alluvium, granodioritic rocks, and Eocene volcanics in an area several hundred kilometers away from the closest Quaternary volcanoes. The maars, which produced tephritic pyroclastic deposits, have diameters ranging from 150 to 1200 m. The largest, known as Great Crater, is 1.2 km wide and 200-300 m deep. Ar-Ar dating of phlogopite in volcanic bomb samples from Great Crater gave ages of 112-119 ka (Pang and others, 2015).",29.375,57.55,2400.0,Pleistocene
232030,Bazman,Composite,Stratovolcano,Iran,Arabia-Central Asia Volcanic Regions,Central Asia Volcanic Province,"Bazman is a dominantly andesitic stratovolcano in SE Iran with a 500-m-wide summit crater. Satellitic lava cones have been the source of olivine basalt lava flows, and a steep cone on the N flank produced a lava flow that traveled to the N before diverging to the NW and NE. Only minor fumarolic activity has been reported. The youngest dates obtained by Ghalamghash et al. (2019), using Uranium-series (238U-230Th) disequilibrium in zircons for dacitic to andesitic lava near the summit, obtained a date for an eruption phase about 41,000 years before present.",28.07,60.0,3490.0,Pleistocene
232040,Nader,Cluster,Volcanic field,Iran,Arabia-Central Asia Volcanic Regions,Central Asia Volcanic Province,"Quaternary basaltic lava flows have issued from vents within the Nader Mountains between Taftan (65 km NE) and Bazman (65 km SSW) volcanoes in SE Iran (Catalog of Active Volcanoes of the World). These flows, including some cones and craters, were erupted amongst a group of rugged Cretaceous limestone peaks. Little research has been done on these deposits, but dating of material from Bazman and Taftan showed no Holocene eruptions.",28.17,60.67,1500.0,Pleistocene
232050,Taftan,Composite,Stratovolcano,Iran,Arabia-Central Asia Volcanic Regions,Central Asia Volcanic Province,"Taftan is a strongly eroded andesitic stratovolcano with two prominent summits. The volcano was constructed along the Makran-Chagai Arc in SE Iran. The higher SE summit cone has been the source of lava flows, as well as of highly active, sulfur-encrusted fumaroles. In January 1902 the volcano was reported to be smoking heavily for several days, with occasional strong night-time glow. A lava flow was reported in 1993, but may have been a mistaken observation of a molten sulfur flow. Despite these reports there is no clear evidence for Holocene activity. The youngest date obtained by Pang et al. (2014), using U-Pb on a zircon, was about 800 ka. Biabangard and Moradian (2008) obtained K-Ar dates around 700 ka.",28.6,61.13,3940.0,Pleistocene
232060,Dacht-i-Navar Group,Minor,Lava dome(s),Afghanistan,Arabia-Central Asia Volcanic Regions,Central Asia Volcanic Province,"The Dacht-i-Navar volcanic field is a group of 15 trachyandesitic lava domes along the southern margin of Dacht-i-Navar in west-central Afghanistan, SW of Kabul. The age of the volcanoes is not known precisely; they were tentatively considered to be of Pleistocene age (Lapparent et al., 1965) and were listed as Recent by Bordet (IAVCEI, 1973).",33.95,67.92,3800.0,Pleistocene
232070,Vakak Group,Cluster,Volcanic field,Afghanistan,Arabia-Central Asia Volcanic Regions,Central Asia Volcanic Province,"The Vakak Group (also spelled Wakak) consists of 18 dacitic and trachytic volcanoes located WSW of Kabul.  It is the northernmost of a group of small volcanic fields in the Ghanzi region and consists of endogenous lava domes, one of which occupies an old caldera.  The age of the volcanoes is not known precisely; they were tentatively considered to be of Pleistocene age (Lapparent et al., 1965) and were listed as Recent by Bordet (International Association of Volcanology and Chemistry of the Earth's Interior, 1973). ",34.25,67.97,3190.0,Pleistocene
232803,Kuh-e Ayyub Ansar,Minor,Lava dome,Iran,Arabia-Central Asia Volcanic Regions,Caucasus Volcanic Province,"Two volcanic centers near Takab noted by Boccaletti (1976-77) may be the same features identified in IAVCEI (1973) to the SE of Sahand volcano, though located about a degree of latitude further south. The northern-most feature, Kuh-e Ayyub Ansar, appears to be a dome (about 3 x 5 km) in satellite imagery. A second hill about 20 km ESE may be a resistant outcrop of a lava flow, a situation seen in other parts of Iran.",36.321,47.25,2506.0,Pleistocene
232800,Bijar Volcanic Field,Cluster,Volcanic field,Iran,Arabia-Central Asia Volcanic Regions,Caucasus Volcanic Province,"The Bijar volcanic field of a cluster of Miocene dacitic and rhyolitic lava domes along with a group of Pleistocene (K-Ar dates 1.3-0.5 Ma) alkaline cinder/spatter cones and two rhyolitic lava domes (Boccaletti et al., 1976-77).     ",35.583,47.8,,Pleistocene
232806,Gandom Beryan,Minor,Unknown,Iran,Arabia-Central Asia Volcanic Regions,Central Asia Volcanic Province,"Previously identified as an unnamed area with two small Quaternary centers (IAVCEI, 1973), this location corresponds to the lava plateau (480 km2) on the edge of the Dasht-e Lut (Lut desert) of Iran named Gandom Beryan (meaning ""Scorched Wheat"" in Persian). Also known as Gandom-e Beryan or Rig-e Soukhteh, it is located 80 km N of Shahdad city. Some small cinder cones are present, but the source of the extensive basalt flows is not certain. Ar-Ar dating (Walker et al., 2009) of basalt from three locations in the lava field ranged from about 2.15 to 2.80 Ma.",31.343,57.517,500.0,Pleistocene
232807,Dehaj-Meduk,Cluster,Volcanic field,Iran,Arabia-Central Asia Volcanic Regions,Central Asia Volcanic Province,"Dehaj-Meduk is a Quaternary andesitic volcano group with perfectly preserved volcanic cones (Catalog of Active Volcanoes of the World, Jung et al. 1976).      ",30.33,55.5,,Pleistocene
232808,Shahsavaran,Cluster,Volcanic field,Iran,Arabia-Central Asia Volcanic Regions,Central Asia Volcanic Province,"A group of small perfectly preserved Quaternary lava cones covering an area of 60 x 120 km west of Bazman volcano have produced viscous basaltic lava flows (Catalog of Active Volcanoes of the World, Girod and Conrad 1975).      ",28.152,59.281,,Pleistocene
232801,Sultan,Cluster,Volcanic field,Pakistan,Arabia-Central Asia Volcanic Regions,Central Asia Volcanic Province,Pleistocene volcano on the eastern side of the Makran-Chagai Arc in western Pakistan.,29.1,62.8,2333.0,Pleistocene
232809,Zardolou Group,Minor,Lava dome(s),Afghanistan,Arabia-Central Asia Volcanic Regions,Central Asia Volcanic Province,Six or seven Quaternary lava domes (IAVCEI 1973).      ,33.25,67.92,3000.0,Pleistocene
232810,Loman Volcano Group,Minor,Lava dome(s),Afghanistan,Arabia-Central Asia Volcanic Regions,Central Asia Volcanic Province,Four Quaternary lava domes (IAVCEI 1973).      ,33.33,67.85,4559.0,Pleistocene
233011,Ambre,Cluster,Volcanic field,Madagascar,Somalian-Antarctic Volcanic Regions,Madagascar-Comoros Volcanic Province,"The Massif d'Ambre volcanic field near the northern tip of Madagascar consists of Miocene volcanics capped by more recent cones. The earliest volcanism produced a large basaltic massif and minor pyroclastic flows. The rocks span a wide geochemical spectrum, including basaltic, andesitic, rhyolitic, trachytic, phonolitic, and foiditic compositions. Some features were mapped as Recent by Besairie (1973) based on morphology. Other relatively younger cones are located at the S end of the massif, where Rusquet et al. (2024) indicated an age range of 2-0.8 Ma, and a tabulation of radiometric dates by Cucciniello et al. (2016) listed the youngest as 830 +/- 20 ka (citing Emerick and Duncan, 1982 and 1983).",-12.6,49.15,1475.0,Pleistocene
233012,Nosy Be,Cluster,Volcanic field,Madagascar,Somalian-Antarctic Volcanic Regions,Madagascar-Comoros Volcanic Province,"Nosy Be, an island off the NW coast of Madagascar, contains basaltic lava flows that originated from cinder cones. A predominance of low-silica foiditic rocks overlie Mesozoic limestones and other sedimentary rocks. Initial eruptions of lava flows from the W side of the massif was followed by the construction of numerous cinder cones on the W plain. The volcanics were mapped as Recent by Besairie (1973). However, the youngest radiometric ages compiled by Cucciniello et al. (2016) were from Tucker et al. (2008), who reported an age of 900 ± 26 ka for a basanite (40Ar-39Ar), and Bardintzeff et al. (2010), who reported a K-Ar age for a basanite of 550 ± 40 ka.",-13.3233,48.2894,419.0,Pleistocene
233014,Itasy Volcanic Field,Cluster,Volcanic field,Madagascar,Somalian-Antarctic Volcanic Regions,Central Madagascar Volcanic Province,"The Itasy Volcanic Field in central Madagascar contains a diverse assemblage of volcanic landforms, including scoria cones, lava domes, and maars. Activity began in the Pliocene, when eruptions produced trachytic lava domes and basanitic lava flows. Later activity produced trachytic lava flows and Vulcanian eruptions. A trachytic maar is located near Saovinandriana, and several other small crater lakes are present. Minor seismicity and thermal activity is present in the form of hot springs. Radiocarbon dates reported in 1970, 1973, and 1993 lack stratigraphic, location, and eruption source details. Rasoazanamparany (2021) conducted new sampling form lava flows and scoria cones across the volcanic field, resulting in 40Ar/39Ar ages from about 31 to 104 ka. While Holocene maars created by phreatic or phreatomagmatic explosions are possible, there is no clear evidence for such activity.",-19.0306,46.6444,1800.0,Pleistocene
233015,Vakinankaratra,Cluster,Volcanic field,Madagascar,Somalian-Antarctic Volcanic Regions,Central Madagascar Volcanic Province,"The Quaternary Vakinankaratra volcanic field is at the SW end of the larger Neogene Ankaratra volcanic field. Melluso et al. (2016) noted that there were extensive lava flow fields, domes, Strombolian scoria cones, tuff rings and maars. Rufer et al. (2014) used K-feldspar infrared-stimulated luminescence (IRSL) dating, finding ages of 32 ± 3 and 19 ± 2 from phreatomagmatic deposits near Lake Tritrivakely; they reported other dates in the 40-126 ka range.",-19.85,46.942,2644.0,Pleistocene
233800,Moheli,Shield,Shield,Union of the Comoros,Somalian-Antarctic Volcanic Regions,Madagascar-Comoros Volcanic Province,"The Pliocene-to-Pleistocene Moheli Island, also known as Mwali, was constructed by eruptions along a NW-SE rift zone. A renewal of activity during the late Pleistocene produced lava flows and cinder cones (Strong, 1972; Krafft, 1983). Ages reported by Rusquet et al. (2024) were in the 1.04-1.27 Ma range.",-12.3,43.72,790.0,Pleistocene
233801,Anjouan,Shield,Shield,Union of the Comoros,Somalian-Antarctic Volcanic Regions,Madagascar-Comoros Volcanic Province,The triangular-shaped Anjouan Island is the dissected remnant of a large shield volcano. Formation of the N'Tingui shield volcano was followed by Pleistocene fissure eruptions in three directions. A long interval of erosion was followed by the eruption of lava flows that filled deep valleys and flooded coastal areas. Ages reported by Rusquet et al. (2024) were in the 0.94-0.95 Ma range.,-12.2,44.45,1595.0,Pleistocene
233802,"Neiges, Piton des",Shield,Shield,France,Somalian-Antarctic Volcanic Regions,Reunion Hotspot Volcano Group,"The massive Piton des Neiges shield volcano occupies the NW side of Reunion Island. The volcano emerged from the sea about 2.1 million years ago, beginning construction of a basaltic subaerial shield. Three large erosional cirques surround the central summit peak, and large submarine debris-avalanche deposits are found offshore. Deniel et al. (1992) reported a Th-U age of 12,000 +/- 3,000 BP for a trachytic pyroclastic density current deposit on the W flank, but noted that it trachytic intrusions in the cirque walls had not been dated, and 14C data on charcoal in air-fall deposits gave dates in the 28-35,000 BP range.",-21.08,55.48,3070.0,Pleistocene
233803,Mauritius,Shield,Shield,Mauritius,Somalian-Antarctic Volcanic Regions,Reunion Hotspot Volcano Group,"The island of Mauritius, located along the Reunion hot spot track NE of Reunion Island, is a massive shield volcano that was active from 7.8 million years to about 30,000 years ago.",-20.32,57.65,826.0,Pleistocene
233804,Rodriguez Island,Shield,Shield,Mauritius,Somalian-Antarctic Volcanic Regions,Rodriguez Fracture Zone Volcano Group,"Rodriguez Island lies along the Rodriguez Fracture Zone about 650 km east of Mauritius Island. The 6.5 x 18 km island consists of a basaltic shield volcano of probably Plio-Pleistocene age. K-Ar ages of 1.54 and 1.32 million years were obtained from lava flows (Upton et al., 1967).",-19.7,63.42,396.0,Pleistocene
241011,Puhipuhi-Whangarei,Cluster,Volcanic field,New Zealand,Tonga-Kermadec Volcanic Regions,Western North Island Volcanic Province,"The Puhipuhi-Whangarei volcanic fields include Quaternary basaltic scoria cones and lava flows. These fields are south of Kaikohe-Bay of Islands volcanic field in the central part of the Northland Peninsula, within the Northland Intraplate Province. In addition to the younger dominantly basaltic rocks, Miocene dacitic lava domes and rhyolitic breccias are also present at Whangarei. Quaternary volcanics form a group of large cones SE of Whangarei, a NE-aligned group of scoria cones north of the city, and a group of lava flows east of the city along a major fault. Though basalts were mapped by Kear and Thompson (1964) as Holocene, later work by Smith et al. (1993) provided a range of Pleistocene K-Ar dates, including about 1 Ma for the Mirowhakitiki lavas, 260 +/- 120 ka for flows near Whangarei, and 310 +/- 150 ka for the Hurupaki cone.",-35.75,174.27,397.0,Pleistocene
241010,Kaikohe-Bay of Islands,Cluster,Volcanic field,New Zealand,Tonga-Kermadec Volcanic Regions,Western North Island Volcanic Province,"The Kaikohe-Bay of Islands volcanic field, at the upper end of the Northland Peninsula, contains 30 eruptive centers consisting primarily of basaltic scoria cones, lava flows, and small shield volcanoes, along with minor rhyolitic lava flows and domes. Volcanism in the field has progressively shifted to the SE, with the younger Taheke Basalts being aligned along a NE trend at the S end of the field. The most recent eruptions produced basaltic lava flows at Tauanui around 50,000 years ago and Te Puke around 80,000 years ago (Coote et al., 2018; Smith et al., 1993). Work that suggested possible activity from Te Puke around 1,500 years ago (e.g. Kear, 1961) was not corroborated by any subsequent research. The Ngawha Springs geothermal area lies within the area of the volcanic field.",-35.3,173.9,388.0,Pleistocene
241060,Reporoa,Caldera,Caldera,New Zealand,Tonga-Kermadec Volcanic Regions,Taupo Volcanic Arc,"The 10 x 15 km Reporoa caldera, occupying the Reporoa-Broadlands basin, lies near the W margin of the Taupo volcanic zone SSW of the Okataina volcanic center. The caldera formed about 230,000 years ago during the eruption of the voluminous ~100 km3 Kaingaroa Ignimbrite. Large slump scarps cut the N caldera rim; the S rim is buried by sediments. The Deer Hill rhyolitic lava dome was erupted after the caldera's S rim collapse; two other rhyolitic domes, Kairuru and Pukekahu, were emplaced within the caldera along a possible ring fault. The active Reporoa hydrothermal field lies within the caldera, and the Waiotapu and Broadlands (Ohaki) hydrothermal fields lie N and S of the poorly defined caldera margin. Eruptions within the caldera have not occurred since the late Pleistocene, but large hydrothermal explosions occurred at the Waiotapu thermal area immediately to the N at the time of the Kaharoa eruption of neighboring Tarawera volcano about 770 years ago.",-38.42,176.33,592.0,Pleistocene
241061,Maroa,Caldera,Caldera(s),New Zealand,Tonga-Kermadec Volcanic Regions,Taupo Volcanic Arc,"The 16 x 25 km area defined as the Maroa Volcanic Centre formed sometime after 230,000 years ago (230 ka) in the NE corner of the 30 x 40 km Whakamaru caldera, which is the largest of the Taupo Volcanic Zone. The Whakamaru caldera partially overlaps with the Taupo caldera on the south and was formed during the eruption of the Whakamaru Group ignimbrites between about 340 and 330 ka. The Maroa area was subsequently filled by at least 70 rhyolitic lava domes or flows, mostly erupted along a SW-NE trend. Lesser amounts of basalt were also erupted. The latest dated magmatic eruption took place about 14 ka, when the rhyolitic Puketarata tuff ring and lava domes were formed (Brooker et al., 1993). The Orakeikorako, Ngatamariki, Rotokaua, and Wairakei hydrothermal areas are located within or adjacent to the Whakamaru caldera. Large hydrothermal eruptions have occurred at the Orakeikorako thermal area during the Holocene, the latest immediately prior to the Taupo eruption about 1,800 years ago.",-38.42,176.08,897.0,Pleistocene
241800,Hautere,Composite,Stratovolcano,New Zealand,Southern Pacific Volcanic Regions,Macquarie Ridge Volcanic Province,"Hautere (Solander Island) is the 1.5-km-wide emergent surface of an andesitic stratovolcano lying 40 km S of the tip of South Island, NW of Steward Island. A Potassium-Argon date of about 1 million years ago was obtained by C J D Adams (Reay, 1986). Ar-Ar dates as young as about 400-150 ka were obtained by Mortimer et al. (2008).",-46.572,166.898,275.0,Pleistocene
241809,Karioi,Composite,Stratovolcano,New Zealand,Tonga-Kermadec Volcanic Regions,Western North Island Volcanic Province,"The eroded Pliocene-early Pleistocene Karioi stratovolcano lies along the Tasman Sea and is the westernmost volcano of the Alexandra Volcanic Group.  Potassium-Argon (K-Ar) dates range from 2.92-2.16 Ma, but scoria cones, tuff rings, and basaltic lava flows primarily on the northern and eastern flanks are in part younger than the youngest K-Ar date of 1.8 Ma (Briggs, 1983).",-37.865,174.802,748.0,Pleistocene
241810,Pirongia,Composite,Stratovolcano,New Zealand,Tonga-Kermadec Volcanic Regions,Western North Island Volcanic Province,"Pirongia is an eroded Pliocene-early Pleistocene stratovolcano in the Alexandra Volcanic Group about 27 km SW of Hamilton and 18 km W of Te Awamutu in the Waikato region of North Island, New Zealand. Potassium-Argon dates of 2.25 and 2.06 Ma have been obtained, but flank cones are younger (Briggs, 1983).",-37.993,175.098,956.0,Pleistocene
241811,Kakepuku,Minor,Lava cone(s),New Zealand,Tonga-Kermadec Volcanic Regions,Western North Island Volcanic Province,"The Kakepuku cone, near the SE end of the Alexandra Volcanic Group, is about 30 km S of the city of Hamilton in the Waikato region of North Island, New Zealand. The related Pliocene-early Pleistocene Pirongia stratovolcano is about 15 km NW, and the smaller Te Kawa cone is 4 km SE.",-38.066,175.25,447.0,Pleistocene
241812,Kaitake,Composite,Stratovolcano,New Zealand,Tonga-Kermadec Volcanic Regions,Western North Island Volcanic Province,"Kaitake, an eroded, heavily vegetated Pleistocene volcano, is the NW-most stratovolcano of the Taranaki volcanic region.      ",-39.17,173.97,684.0,Pleistocene
241813,Pouakai,Composite,Stratovolcano,New Zealand,Tonga-Kermadec Volcanic Regions,Western North Island Volcanic Province,"Pouakai volcano, NW of Taranaki, is an eroded Pleistocene stratovolcano surrounded by a ring plain of lahar deposits dating from about 0.25 million years ago (Neall et al., 1986). The relationship of German Hill cone, 10 km NE of Pouakai, is not clear.     ",-39.23,174.02,1399.0,Pleistocene
241802,South Auckland,Cluster,Shield(s),New Zealand,Tonga-Kermadec Volcanic Regions,Western North Island Volcanic Province,"The South Auckland (Pukekohe) volcanic field consists of basaltic shield volcanoes, scoria cones, and tuff cones and rings from 1.56-0.51 million years ago (Smith, in Johnson et al. 1989).  The Ngatutura scoria cone group across the Waikato River is of late Pliocene to early Pleistocene age.",-37.37,174.92,314.0,Pleistocene
241803,Mokohinau Islands,Cluster,Volcanic field,New Zealand,Tonga-Kermadec Volcanic Regions,Western North Island Volcanic Province,"The Mokohinau Islands are the surface expression of a largely submarine rhyolitic plateau and are a part of the Hauraki volcanic region offshore from the Northland Peninsula. Burgess Island contains basaltic to rhyolitic rocks.  Fanal Island consists of a rhyolitic lava dome with an obsidian cap that is fission-track dated at 500,000 years ago (Skinner, 1986). Houghton (1994 pers. comm.) considers this date to be suspect.",-35.925,175.125,134.0,Pleistocene
241804,Little Barrier,Composite,Stratovolcano,New Zealand,Tonga-Kermadec Volcanic Regions,Western North Island Volcanic Province,"Little Barrier Island, part of the Hauraki volcanic region, is a Pliocene to Pleistocene dacitic to rhyodacitic stratovolcano, with its latest stage of activity taking place from 1.6-1.2 million years ago (Lindsay et al., 1999).      ",-36.197,175.078,711.0,Pleistocene
241807,South Coromandel Peninsula,Cluster,Volcanic field,New Zealand,Tonga-Kermadec Volcanic Regions,Western North Island Volcanic Province,"The southern Coromandel Peninsula contains three areas where Pleistocene basalts outcrop: Table Mountain west of Tairua Harbour, an area NW of Whangamata, and a larger area between Te Aroha and Athenree (Latter 1985, pers. comm.). Houghton (1994, pers. comm.)  notes that age data for many of the Coromandel localities is suspect, and that it is possible that all of the Coromandel arc volcanoes are Miocene-Pliocene in age.",-37.25,175.78,795.0,Pleistocene
241815,Moutohora Island,Composite,Complex,New Zealand,Tonga-Kermadec Volcanic Regions,Taupo Volcanic Arc,"Moutohora (Whale) Island forms the summit of a largely submerged Pleistocene dacitic-andesitic complex volcano that lies 11 km offshore from Whakatane in the Bay of Plenty. The 2.5-km-long island includes a central dome complex flanked, by East Dome and Pa Hill lava dome, which forms the NW tip of the island. Acid hot springs, steaming ground, and fumaroles are present on the island. The central cone and east dome are both older than the roughly 42,000 before present (BP) Rotoehu Tephra, and Pa Hill dome is overlain by the 9,000 years BP Rotoma Ash, but may be considerably older. It was included in the Catalog of Active Volcanoes of the World (Nairn and Cole, 1975) based on its thermal activity.",-37.855,176.974,352.0,Pleistocene
241816,Rotorua,Caldera,Caldera,New Zealand,Tonga-Kermadec Volcanic Regions,Taupo Volcanic Arc,"The 22-km-wide Rotorua caldera is the NW-most caldera of the Taupo volcanic zone. It is the only single-event caldera in the Taupo Volcanic Zone and was formed about 220,000 years ago following eruption of the more than 340 km3 rhyolitic Mamaku Ignimbrite. Although caldera collapse occurred in a single event, the process was complex and involved multiple collapse blocks. The major city of Rotorua lies at the south end of the lake that fills much of the caldera. Post-collapse eruptive activity, which ceased during the Pleistocene, was restricted to lava dome extrusion without major explosive activity. The youngest activity consisted of the eruption of three lava domes less than 25,000 years ago. The major thermal areas of Takeke, Tikitere, Lake Rotokawa, and Rotorua-Whakarewarewa are located within the caldera or outside its rim, and the city of Rotorua lies within and adjacent to active geothermal fields.",-38.08,176.27,757.0,Pleistocene
241821,Rungapapa Knoll,Minor,Cone,New Zealand,Tonga-Kermadec Volcanic Regions,Taupo Volcanic Arc,"Rungapapa Knoll, a seamount in the Bay of Plenty 17 km WSW of White Island, has an internal heat source (Latter 1985, pers. comm.). No eruptions are known.",-37.547,176.98,,Pleistocene
241817,Kapenga,Caldera,Caldera(s),New Zealand,Tonga-Kermadec Volcanic Regions,Taupo Volcanic Arc,"The Kapenga volcanic center was active from sometime between 890 to 710 thousand years ago (ka) and again from about 280 to 270 ka and contains two collapse structures and rhyolitic lava domes (Wilson et al. 1984, Houghton et al. 1995).  The NE center, previously considered part of the Okataina center, contains numerous pre-50 ka rhyolitic domes and was the source of the ca. 65 ka Earthquake Flat Breccia.  No eruptive activity is known from the Holocene.    ",-38.27,176.27,840.0,Pleistocene
241818,Mangakino,Caldera,Caldera,New Zealand,Tonga-Kermadec Volcanic Regions,Taupo Volcanic Arc,"The Pleistocene Mangakino volcanic center has been the source of large-volume rhyolite ignimbrites erupted between 1.6 and 0.9 million years ago (Ma) (Wilson et al., 1984; Houghton et al., 1995).  Two principal periods of activity occurred, from 1.6 to 1.53 Ma and 1.21 to 0.9 Ma (Wilson et al., 1995a).  One of the largest ignimbrite eruptions of the Taupo volcanic zone took place at 1.21 Ma from Mangakino.  The Titiraupenga and Pureora andesitic lava domes lie just to the south of the inferred caldera margin.     ",-38.35,175.75,1165.0,Pleistocene
241819,Northern Tongariro Group,Composite,Stratovolcano(es),New Zealand,Tonga-Kermadec Volcanic Regions,Taupo Volcanic Arc,"A group of Pleistocene andesitic stratovolcanoes lies between Lakes Rotoaira and Taupo and to the west, forming the northern end of the Tongariro volcanic center. The Rotopounamu graben, trending SW from Lake Taupo, cuts Pihanga volcano, and is these of several young cones and craters less than 20,000 years old (Cole et al. 1986).",-38.98,175.7,1327.0,Pleistocene
244050,Wallis Islands,Shield,Shield(s),France,Southern Pacific Volcanic Regions,Vitiaz Lineament Volcanic Province,"The Wallis Islands consist of one relatively large island, 7 x 14 km Uvea Island, and 22 smaller islands and islets that are surrounded by a barrier reef. The low forested islands, formed of flat-lying basaltic lava flows cut by explosion craters, are capped by tuff cones and cinder cones. Numerous small shields (lava cones) and tuff cones were considered by Stearns (1945) on morphological grounds to be of Pleistocene to ""Recent"" age. Although Price et al. (1991) noted that rocks of Pleistocene or Holocene age were present, K-Ar ages of dated samples range from 500,000 to 80,000 years old. The origins and tectonic setting of this volcanic feature are uncertain, but researchers agree that this was not a product the Samoan hotspot.",-13.275,-176.206,146.0,Pleistocene
245020,Koro,Composite,Pyroclastic cone(s),Fiji,Southwestern Pacific Volcanic Regions,Fiji Volcanic Arc,"The 8 x 18 km Koro Island, located between Fiji's Viti Levu and Vanua Levu Islands, is part of the volcanic Lomaiviti Islands. A chain of basaltic cinder cones of late Pleistocene or possibly Holocene age extends NNE-SSW along the crest of the island (Coulson, 1976). The youngest lava flows erupted from those cones on the central plateau, where they form a flat undissected lava field. Young lava flows also reached the sea from one vent location on the W coast. In a study of peridotite xenoliths from Koro, Barrett (2021, and included references) noted that they were hosted by the most recent localized alkali basalt volcanism, and that surface volcanism had been dated between 2.6 and 1.0 Ma by K-Ar.",-17.32,179.4,522.0,Pleistocene
245800,Nairai,Composite,Complex,Fiji,Southwestern Pacific Volcanic Regions,Fiji Volcanic Arc,Nairai is composed of five basaltic volcanic centers of Pliocene age; the well-preserved Pleistocene cinder cone Rairainiika is located on the NW coast.      ,-17.8,179.42,335.0,Pleistocene
245801,Waikama,Composite,Complex,Fiji,Southwestern Pacific Volcanic Regions,Fiji Volcanic Arc,Waikama volcano comprises much of the northern end of Ngau Island and appears to have been active well into the Pleistocene (Coulson 1976).      ,-18.02,179.3,760.0,Pleistocene
245802,Mago,Minor,Pyroclastic cone(s),Fiji,Tonga-Kermadec Volcanic Regions,Lau Ridge Volcanic Arc,"A K-Ar date of about 0.3 million years was obtained from a basaltic rock from Mago Island on the Lau Ridge (Cole et al., 1990).  Three scoria cones and short lava flows, some of which contain peridotite xenoliths, are located on the island.",-17.45,-179.15,,Pleistocene
245803,Katafaga,Composite,Unknown,Fiji,Tonga-Kermadec Volcanic Regions,Lau Ridge Volcanic Arc,"Basaltic rocks from Katafaga Island on the Lau Ridge were K-Ar dated at about 1.6 million years (Cole et al., 1990).",-17.52,-178.72,,Pleistocene
245804,Kabara,Composite,Unknown,Fiji,Tonga-Kermadec Volcanic Regions,Lau Ridge Volcanic Arc,"Basaltic rocks from Kabara Island on the Lau Ridge were K-Ar dated at about 1.0 million years (Cole et al., 1990).",-18.95,-178.95,,Pleistocene
250020,Baluan,Composite,Stratovolcano,Papua New Guinea,Southwestern Pacific Volcanic Regions,Bismarck Sea Volcanic Province,"The circular, 5.5-km-wide island of Baluan in the Admiralty Islands is formed by a Pleistocene stratovolcano with a large summit crater and several flank vents. Some of these might be of Holocene age (Johnson, 1990 pers. comm.). In contrast to its neighboring islands to the north, Baluan has erupted basaltic rather than rhyolitic rocks. Sabroma, the elliptical summit crater, has a maximum width of about 1 km. The arcuate rim of the Batapona pyroclastic cone is prominent at the north edge of the island. Several small islands consisting of cone remnants are located within a kilometer of the north coast. Warm springs occur along the coast. An unsubstantiated description of a submarine eruption near the island in 1931 has been assigned to the Tuluman volcano of the St. Andrew Strait complex, located 9 km NNE of Baluan..",-2.5578,147.285,246.0,Pleistocene
251011,Boisa,Composite,Stratovolcano,Papua New Guinea,Southwestern Pacific Volcanic Regions,Bismarck Volcanic Arc,"The 1.4 x 1.7 km Boisa (or Aris) Island consists of a basaltic-andesitic cone with a summit crater open to the north whose rim extends to the island's east coast.  The crater of the basaltic older cone is filled by two steep-sided andesitic lava domes. A third lava dome, separated from the eastern cone by a low saddle, forms a peninsula on the western side of the island. Although Gust and Johnson (1981) suggest that the last eruption ""may have been quite recent"" based on the visible island morphology, there is no thermal activity and no reports of activity or dated eruptions.",-3.9935,144.9658,205.0,Pleistocene
251800,Vokeo,Composite,Stratovolcano,Papua New Guinea,Southwestern Pacific Volcanic Regions,Bismarck Volcanic Arc,"The westernmost volcano of the Quaternary Bismarck volcanic arc, Vokeo is a dissected, forest-covered volcano with a central basin. It is the only Bismarck arc volcano surrounded by a raised coral reef. Two thermal areas are present on the north coast (Johnson et al. 1972).",-3.2,144.1,609.0,Pleistocene
251801,Viai,Composite,Stratovolcano,Papua New Guinea,Southwestern Pacific Volcanic Regions,Bismarck Volcanic Arc,"The 4.5-km-long arcuate island of Viai (or Wei) is a remnant of a larger volcano. One thermal area is present on the N coast (Johnson et al., 1972).",-3.39,144.404,58.0,Pleistocene
251803,Crown Island,Composite,Stratovolcano,Papua New Guinea,Southwestern Pacific Volcanic Regions,Bismarck Volcanic Arc,"The deeply dissected 3-km-wide Crown Island is covered by rain forest. There is no known thermal activity or recorded eruptions. Young tephras on the island probably originate from Long Island (Johnson et al., 1972). Possible submarine debris-avalanche deposits lie both north and south of the island (Silver et al., 2009).",-5.117,146.952,298.0,Pleistocene
251802,Bagabag,Composite,Stratovolcano,Papua New Guinea,Southwestern Pacific Volcanic Regions,Bismarck Volcanic Arc,The 7 x 8 km Bagabag island is truncated by a 3 x 5 km crater that is breached by the sea on the SE side.  A shallow ridge marks the submerged portion of the crater rim.  An offshore reef rings the island (Johnson et al. 1972).     ,-4.78,146.23,692.0,Pleistocene
251804,Tolokiwa,Composite,Stratovolcano,Papua New Guinea,Southwestern Pacific Volcanic Regions,Bismarck Volcanic Arc,"The circular 8-km-wide island of Tolokiwa contains a summit crater breached to the NE that is largely filled by a later cone.  The volcano is of Quaternary age (Johnson et al. 1972).  The largest documented submarine debris-avalanche deposit mapped in the Bismarck Arc lies north of Tolokiwa (Silver et al., 2009).",-5.32,147.58,1372.0,Pleistocene
252021,Mundua,Composite,Complex,Papua New Guinea,Southwestern Pacific Volcanic Regions,Bismarck Sea Volcanic Province,"A cluster of basaltic volcanoes forms the Mundua island group in the Witu Islands of Papua New Guinea. The largest volcanic center is formed by the W tip of the 7-km-wide, linear Mundua Island and the arcuate Wingoru Island immediately to the W. The crater of this volcano is flooded by the sea through narrow channels on the N and S sides; remnants of crater walls form Wingoru island and are exposed at the W tip of Mundua island. Five small cones occupy the central and eastern sides of Mundua, two of these have well-preserved craters Johnson and Blake (1972). No eruptions have been recorded or dated.",-4.624,149.339,171.0,Pleistocene
252030,Garove,Composite,Stratovolcano,Papua New Guinea,Southwestern Pacific Volcanic Regions,Bismarck Sea Volcanic Province,"Garove is the largest of the Witu Islands, which lie north of New Britain. The low, 12-km-wide elongated island contains a 5-km-wide crater open to the sea through a narrow breach on the southern side of the island, forming Johann Albrecht Harbor. The steep crater walls rise 100-150 m above the sea. Cones are present along the NE and SW coasts. Based on preserved lava flow structures on a NW coast headland Johnson and Blake (1972) suggested that they could be as young as a few hundred years, but no sources for the flows were identified using aerial photos. Fisher (1957) noted four thermal areas and a solfatara on the island. There are no recorded or dated eruptions.",-4.687,149.511,368.0,Pleistocene
252800,Tangi,Composite,Stratovolcano,Papua New Guinea,Southwestern Pacific Volcanic Regions,Bismarck Volcanic Arc,"The dissected Tangi stratovolcano, occupying the southern end of New Britain's Cape Gloucester Peninsula, contains a breached summit crater and a single flank cone on the SW flank. The degree of erosional dissection suggests activity ceased during the Pleistocene (Johnson et al. 1971).     ",-5.67,148.4,1524.0,Pleistocene
252811,Unea,Caldera,Caldera,Papua New Guinea,Southwestern Pacific Volcanic Regions,Bismarck Sea Volcanic Province,"A 6-km-wide caldera rim forms the margin of Unea Island, which contains three post-caldera domes.  The volcano is largely of Pleistocene age, although Holocene activity cannot be ruled out (Johnson 1990, pers. comm.).     ",-4.888,149.143,579.0,Pleistocene
252801,Narage,Composite,Stratovolcano,Papua New Guinea,Southwestern Pacific Volcanic Regions,Bismarck Sea Volcanic Province,"The small forested island of Narage is the northernmost of the Witu (or Vitu) Islands, which lie north of western New Britain. Narage is the summit of a Pleistocene stratovolcano that displays strong thermal activity, and was included in the Catalog of Active Volcanoes of the World (Fisher, 1957) based on its geothermal activity. Boiling springs and a geyser are found along the SE and SW coasts; in 1863 a geyser 45 m high was observed at a sandbank 8 km offshore. A fringing reef, prominent on satellite imagery, encircles the island at a distance of 200 m to 400 m and encloses a narrow lagoon.",-4.547,149.113,307.0,Pleistocene
252812,Lotomgan Group,Minor,Pyroclastic cone(s),Papua New Guinea,Southwestern Pacific Volcanic Regions,Bismarck Volcanic Arc,A group of small Quaternary andesitic and rhyolitic volcanoes are located south of Bola volcano (Lowder and Carmichael 1970).      ,-5.22,150.07,555.0,Pleistocene
252802,Bangum,Composite,Stratovolcano,Papua New Guinea,Southwestern Pacific Volcanic Regions,Bismarck Volcanic Arc,"Bangum is a Pleistocene stratovolcano dissected to much the same stage as the Garbuna volcanoes (Johnson and Blake 1972; Johnson 1990, pers. comm.). IAVCEI lists a thermal area, but gives a coordinate that appears to be at the west foot of Welcker volcano. Johnson and Blake note no thermal areas on Bangum.",-5.345,149.94,988.0,Pleistocene
252803,Oto Group,Composite,Stratovolcano(es),Papua New Guinea,Southwestern Pacific Volcanic Regions,Bismarck Volcanic Arc,"The Oto volcanic group consists of five stratovolcanoes and a caldera of early to late Pleistocene age. The oldest volcanoes, Ko and Husa, are about 800-900,000 years old, and the steep-sided Oto, Mululus and Mateleloch volcanoes range from about 190,000 to less that 70,000 years old (Blake and McDougall 1973, Johnson and Blake 1972). The 4-km-wide Busui caldera of probable Pleistocene age is formed in a broad, low-angle cone of dominantly pyroclastic material. The names of Oto, Mululus and Mateloch peaks on published maps differ from that used by local inhabitants and in the geological literature.",-5.558,150.407,1277.0,Pleistocene
252804,Likuruanga,Composite,Stratovolcano,Papua New Guinea,Southwestern Pacific Volcanic Regions,Bismarck Volcanic Arc,"Likuruanga is a dissected, low stratovolcano with a large crater breached to the north. In September 2006, a boy died of carbon dioxide asphyxiation in a hole at Bakada village on the volcano's N flank.",-4.953,151.385,904.0,Pleistocene
253000,Doma Peaks,Composite,Stratovolcano,Papua New Guinea,Southwestern Pacific Volcanic Regions,Eastern New Guinea Volcanic Province,"The Doma Peaks, at the western end of a volcanic chain in the highlands of Papua New Guinea, are dominated by two westward-facing escarpments of probable landslide origin. Satellite cones and lava domes occur on the NE and S flanks of the dominantly andesitic volcano. There is no evidence for magmatic eruptions within the last few hundred or possibly few thousand years (Mackenzie and Johnson, 1984). A reported eruption within the past few hundred years was actually from Long Island, and an older lahar mentioned by Blong (1979) was not accompanied by any significant tephra production (Blong, 1982).",-5.9,143.15,3568.0,Pleistocene
253001,Crater Mountain,Composite,Stratovolcano,Papua New Guinea,Southwestern Pacific Volcanic Regions,Eastern New Guinea Volcanic Province,"Crater Mountain, an arcuate chain of peaks, is extensively eroded to the point that its volcanic origin is almost unrecognizable.  However, steep-sided valleys to the N and E are floored by lava flows and other young volcanic features.  The easternmost Agotu Valley contains several small craters, cinder cones, and maars of late-Pleistocene or Holocene age (Mackenzie and Johnson, 1984).  Several small cones, lava domes, and associated lava flows N and NW of the Erun Anticline may, in part, be Holocene in age.     ",-6.581,145.091,2950.0,Pleistocene
253002,Yelia,Composite,Stratovolcano,Papua New Guinea,Southwestern Pacific Volcanic Regions,Eastern New Guinea Volcanic Province,"Mount Yelia, first recognized as a volcano in 1963, contains a group of andesitic lava domes in the summit area and NW flank.  Marble Peak is an older volcanic center immediately to the south. The largest dome in the summit crater is perforated by at least 11 craters. Two large steep-sided, flat-topped lava domes occupy the NNE flank, and two smaller domes are located to the west. The last significant eruption occurred about 18,000 years ago, and no direct evidence for Holocene eruptions has been observed.  Weak solfataric activity is present and there was an unverified report from local inhabitants of an eruption during the early 1940's. Weak fumarolic activity continues in the summit crater.",-7.05,145.858,3384.0,Pleistocene
253800,Kerewa,Composite,Stratovolcano,Papua New Guinea,Southwestern Pacific Volcanic Regions,Eastern New Guinea Volcanic Province,"Mt. Kerewa is a deeply dissected Pleistocene andesitic stratovolcano south of Doma Peaks.  A group of small cones, craters and domes is located to the west, and Mt. Ne is situated immediately to the NE (Mackenzie and Johnson 1984).     ",-6.02,143.15,3700.0,Pleistocene
253801,Sisa,Composite,Stratovolcano,Papua New Guinea,Southwestern Pacific Volcanic Regions,Eastern New Guinea Volcanic Province,Mt. Sisa is a deeply dissected Pleistocene stratovolcano with a large U-shaped depression open to the SW that may have originated by slope failure (Johnson 1987).      ,-6.13,142.73,2650.0,Pleistocene
253802,Bosavi,Composite,Stratovolcano,Papua New Guinea,Southwestern Pacific Volcanic Regions,Eastern New Guinea Volcanic Province,"Mt. Bosavi is a truncated Pleistocene basaltic to andesitic stratovolcano with a 5-km-wide erosion caldera enlarged by the Turama River through a narrow breach on the SE.  A group of cones, craters and maars are scattered over the plains to the SW of Bosavi (Mackenzie and Johnson, 1984).     ",-6.58,142.82,2397.0,Pleistocene
253803,Darai Hills,Cluster,Volcanic field,Papua New Guinea,Southwestern Pacific Volcanic Regions,Eastern New Guinea Volcanic Province,A group of Pleistocene cones and craters are scattered over a limestone karst plateau SE of Mt. Bosavi (Mackenzie and Johnson 1984).      ,-6.8,143.08,500.0,Pleistocene
253804,Biwau Hills,Minor,Pyroclastic cone(s),Papua New Guinea,Southwestern Pacific Volcanic Regions,Eastern New Guinea Volcanic Province,The Pleistocene Mt. Biwau consists of two coalescing cones surrounded by lavas and probable lahar deposits.  The northern cone is capped by a spine-like peak and a dome-like protuberance 1.5 km to the east.  A small cinder cone lies 17 km to the west (Mackenzie and Johnson 1984).     ,-7.32,143.28,400.0,Pleistocene
253805,Sugarloaf,Cluster,Volcanic field,Papua New Guinea,Southwestern Pacific Volcanic Regions,Eastern New Guinea Volcanic Province,"The Pleistocene Sugarloaf Volcanic Field is composed of a group of coalescing lava domes, with several small cinder cones, explosion craters, and maars (Mackenzie and Johnson, 1984).      ",-5.8206,143.8089,3596.0,Pleistocene
253806,Hagen,Composite,Stratovolcano(es),Papua New Guinea,Southwestern Pacific Volcanic Regions,Eastern New Guinea Volcanic Province,"The heavily eroded Mount Hagen massif is comprised of three coalescing stratovolcanoes with NW-facing escarpments that may resulted from slope failure (Johnson, 1987). Mackenzie and Johnson (1984) obtained Potassium-Argon dates of 420,000 and 220,000 years ago.",-5.7465,144.0486,3789.0,Pleistocene
253807,Giluwe,Shield,Shield,Papua New Guinea,Southwestern Pacific Volcanic Regions,Eastern New Guinea Volcanic Province,"Mount Giluwe is the only shield volcano in the New Guinea Highlands. The 30-km-wide basaltic-andesitic volcano has numerous cinder cones and lava domes; the upper slopes are heavily dissected by glaciers. The latest volcanism may post-date the younger glaciation that lasted until about 23,000 before present (Blake and Loffler, 1971).",-6.0432,143.8865,4320.0,Pleistocene
253808,Ialibu,Composite,Stratovolcano,Papua New Guinea,Southwestern Pacific Volcanic Regions,Eastern New Guinea Volcanic Province,"The Pleistocene Ialibu stratovolcano is morphologically complex, with deeply eroded gorges and a major fault zone that cuts the entire edifice. In contrast to many other Highlands volcanoes, the most mafic basaltic rocks are topographically higher than andesitic rocks (Mackenzie and Johnson, 1984).     ",-6.2341,144.0774,3442.0,Pleistocene
253809,Murray,Composite,Stratovolcano,Papua New Guinea,Southwestern Pacific Volcanic Regions,Eastern New Guinea Volcanic Province,"The Pleistocene Mt. Murray stratovolcano straddles WNW-trending limestone ridges and contains a 6-km-wide crater breached to the south that may have originated from slope failure (Johnson, 1987). Two cones are situated on the NE and SE flanks.",-6.75,144.02,2254.0,Pleistocene
253810,Suaru,Composite,Stratovolcano,Papua New Guinea,Southwestern Pacific Volcanic Regions,Eastern New Guinea Volcanic Province,Suaru is a conical Pleistocene stratovolcano with three satellitic cones on the east flank. The volcano is extensively modified by seven narrow valleys that radiate from the dissected summit region (Mackenzie and Johnson 1984).,-6.25,144.83,2667.0,Pleistocene
253811,Karimui,Composite,Stratovolcano,Papua New Guinea,Southwestern Pacific Volcanic Regions,Eastern New Guinea Volcanic Province,"The Pleistocene Karimui volcano is composed of 3-5 closely spaced eruptive centers extensively modified by a complex 17-20 km wide erosion caldera (Mackenzie and Johnson, 1984).",-6.57,144.77,2561.0,Pleistocene
253812,Duau,Composite,Stratovolcano,Papua New Guinea,Southwestern Pacific Volcanic Regions,Eastern New Guinea Volcanic Province,"The Pleistocene Mt. Duau is dominated by a 10-km-wide breached escarpment that may result from slope failure (Johnson, 1987). A slide block that includes the summit crater is located at the head of the escarpment.",-6.92,144.58,1850.0,Pleistocene
253813,Favenc,Composite,Stratovolcano,Papua New Guinea,Southwestern Pacific Volcanic Regions,Eastern New Guinea Volcanic Province,"The Pleistocene Mt. Favenc has a SW-facing escarpment similar to that of neighboring Duau that may originate from slope failure, although the structural relationships are less clear than on Duau (Johnson, 1987).",-6.97,144.68,1583.0,Pleistocene
253814,Aird Hills,Minor,Lava dome(s),Papua New Guinea,Southwestern Pacific Volcanic Regions,Eastern New Guinea Volcanic Province,The Aird Hills are a group of Pleistocene andesitic and dacitic lava domes that rise above the Kikori River delta (Mackenzie and Johnson 1984).      ,-7.45,144.35,328.0,Pleistocene
253815,Trafalgar,Composite,Stratovolcano,Papua New Guinea,Southwestern Pacific Volcanic Regions,Trobriand Volcanic Province,"Mount Trafalgar is a deeply dissected stratovolcano of Pleistocene age (Smith and Davies, 1976).",-9.17,149.17,1726.0,Pleistocene
254010,Lihir,Composite,Compound,Papua New Guinea,Southwestern Pacific Volcanic Regions,New Ireland Volcanic Province,"The Lihir Group of islands N of New Ireland is a Pliocene-to-Pleistocene volcanic complex that is the exposed part of a submarine edifice ~12 km in diameter. Five stratovolcanoes form the large island of Aniolam (or Lihir): Huniho (NW), Wurtol (S central), Luise (E central), Londolovit (N), and Kinami (SE). Luise consists of an elliptical 5.5-km-wide edifice collapse scarp breached by the sea on the NE side that formed about 400,000 years ago. The flanks are only moderately dissected, and the steep scarp wall rises to 700 m above sea level. A central lava plug is strongly hydrothermally altered and displays extensive thermal activity along its margins. Thermal activity includes boiling hot springs, mud pools, and sulfur-encrusted low-temperature fumaroles. Open pit mining of the Ladolam hydrothermal deposit, hosted in the collapse scarp adjacent to the harbor, began in 1997. The Kinami volcano, which is also now a collapse feature, is thought to be the youngest on the island, but no eruption dates are known.",-3.1222,152.6,700.0,Pleistocene
254020,Feni,Composite,Stratovolcano,Papua New Guinea,Southwestern Pacific Volcanic Regions,New Ireland Volcanic Province,"The Feni island group, consisting of Ambitle and Babase islands, is located NE of New Ireland. The islands are the emergent summit of a large submarine, dominantly Pliocene-to-Pleistocene, volcanic edifice characterized by a variety of alkalic rocks types. Ambitle is covered by trachytic volcanics, including a possible 3-km-diameter central crater with lava domes K-Ar dated by Licence at al. (1987) to 490,000-680,000 years. Licence et al. (1987) also mapped an 800-m-diameter maar on the E side of the domes that they described as a phreato-magmatic event which produced a 5-30 m thick trachyte tuff-breccia deposit 14C dated at 2,300 +/- 100 years (no details about the sample). Distinct crater features are not clearly identifiable among the highly irregular eroded landscape visible in satellite images (as of 2025), though topographic renderings reveal features consistent with the geological mapping. Several thermal areas, consisting of hot and boiling springs, mud pools, and low-temperature fumaroles, are across the central part of the island. Shallow-water hydrothermal venting also occurs in a coral reef environment just off the western coast. Babase Island, immediately NE of Ambitle, is composed of a low eroded 2.5-km-diameter crater and a lava dome connected by a narrow isthmus.",-4.0815,153.6193,448.0,Pleistocene
254800,Tabar,Composite,Stratovolcano,Papua New Guinea,Southwestern Pacific Volcanic Regions,New Ireland Volcanic Province,"Tabar Island, the southernmost of the Tabar island group, consists of two partially coalescing Pleistocene volcanoes connected by a low isthmus.  The younger, southern cone contains a 3-5 km wide depression breached to the SE.     ",-2.9481,152.0364,607.0,Pleistocene
254801,Tanga,Composite,Stratovolcano,Papua New Guinea,Southwestern Pacific Volcanic Regions,New Ireland Volcanic Province,"The Tanga Island Group of Malendok, Lif and Tefa are the visible summit of a mostly submerged volcanic edifice. In the center of the caldera, the small islands of Bitlik and Bitbok mark remnants of early Pleistocene post-caldera lava domes, the volcano's latest activity.",-3.4669,153.201,435.0,Pleistocene
255000,Tore,Minor,Lava cone,Papua New Guinea,Southwestern Pacific Volcanic Regions,Bougainville Volcanic Arc,Features in the Emperor Range on NW Bougainville Island about 10 km N and NNW of Balbi volcano have been described as an andesitic volcano and a related 6 x 9 km caldera named Tore. This location may be the source of two Pleistocene ignimbrites that form a broad fan that extends the coastline to the west. The S and SW sides of the supposed caldera rim are covered by lava flows that extend up to 14 km from a large lava cone. The summit consists of an erosional pyramidal peak and a forested satellitic ash cone 3 km to the NW. Blake and Miezitis (1967) noted that freshly preserved features of the post-caldera ash cone and lava cone indicate a Recent age. These features as described are not apparent in satellite imagery (2022) of the area.,-5.835,154.935,2175.0,Pleistocene
255062,Gallego,Cluster,Volcanic field,Solomon Islands,Southwestern Pacific Volcanic Regions,Solomon Volcanic Province,"The Pliocene-to-Quaternary Gallego volcanics, comprising a group of steeply dissected cones, cover a large area of NW Guadalcanal Island (Hackman, 1980). Mount Roundhead is a small, but well-preserved volcano.  Local traditions mention an eruption, but this could refer to activity from Savo, a volcanic island ~15 km offshore to the NE (1991 pers. comm. from Coleman to R W Johnson). The International Association of Volcanology and Chemistry of the Earth's Interior (1973) considered andesitic Mount Esperance, a peak adjacent to Roundhead on the coast N of the main volcanic highland, to have been active during the past 2,000 years. However, there are no obviously recent volcanic features across the complex.",-9.35,159.73,1000.0,Pleistocene
255800,Emperor Range,Caldera,Caldera(s),Papua New Guinea,Southwestern Pacific Volcanic Regions,Bougainville Volcanic Arc,The Emperor Range in northern Bougainville Island is a group of strongly eroded volcanic centers of Pleistocene age. A poorly preserved caldera 5-6 km in diameter is filled by a lava dome complex. The Kunua complex immediately to the west contains a 3.5 x 4.5 km caldera that produced ignimbrites dated about 0.2 million years ago that reached the western coast.     ,-5.7,154.95,2040.0,Pleistocene
255801,Numa Numa,Composite,Stratovolcano,Papua New Guinea,Southwestern Pacific Volcanic Regions,Bougainville Volcanic Arc,"The broad, densely forested Numa Numa stratovolcano contains an erosion caldera more than 3 km wide with a lava dome immediately to the south.  Extensive erosion suggests a Pleistocene age (Blake and Miezitis (1967).     ",-6.02,155.192,1567.0,Pleistocene
255802,Bakanovi,Composite,Stratovolcano,Papua New Guinea,Southwestern Pacific Volcanic Regions,Bougainville Volcanic Arc,"Bakanovi is the deeply eroded crescentic remnant of an andesitic stratovolcano about 15 km east of Bagana volcano.  Its poor state of preservation suggests a Pleistocene or even Pliocene age (Blake and Miezitis, 1967).     ",-6.15,155.35,600.0,Pleistocene
255803,Nonda,Composite,Stratovolcano,Solomon Islands,Southwestern Pacific Volcanic Regions,Solomon Volcanic Province,"Nonda volcano, on Vella Lavella Island in the Solomon Islands, is a lava dome located within an eroded crater open to the NE. No eruptions have been reported, although inhabitants reported ""smoke"" and explosive activity in the vicinity of andesitic Nonda Hill at the time of a major earthquake in 1959 (Taylor, 1976). The island was mapped as several coalescing Pliocene to possibly Pleistocene volcanic centers (Solomon Islands Geological Survey, 1982), and was included in the Catalog of Active Volcanoes of the World (Fisher, 1957) based on its geothermal activity. The Paraso thermal area displays solfataras, hot springs, and boiling mud pots.",-7.67,156.6,760.0,Pleistocene
255805,Kolombangara,Composite,Stratovolcano,Solomon Islands,Southwestern Pacific Volcanic Regions,Solomon Volcanic Province,"Kolombangara is a Pleistocene stratovolcano with young scoria cones on the western and NE flanks.  No Holocene rocks have been mapped (Solomon Is Geol Surv, 1982).  Thermal areas are also present (Grover, 1955).     ",-7.97,157.08,1760.0,Pleistocene
255806,Rendova,Composite,Stratovolcano,Solomon Islands,Southwestern Pacific Volcanic Regions,Solomon Volcanic Province,Rendova Island consists of a Pliocene to Pleistocene basaltic volcano on the north and uplifted submarine lavas to the south.      ,-8.47,157.33,1050.0,Pleistocene
255807,Mbareke,Composite,Stratovolcano,Solomon Islands,Southwestern Pacific Volcanic Regions,Solomon Volcanic Province,The Pliocene to Pleistocene Mbareke volcanic center consists of a core of basaltic andesite to andesite lavas and breccias overlain by a thick pile of olivine basalt lavas.  An andesitic plug lies on the southern rim of the dissected summit crater.     ,-8.55,158.07,500.0,Pleistocene
255808,Vangunu,Composite,Stratovolcano,Solomon Islands,Southwestern Pacific Volcanic Regions,Solomon Volcanic Province,The Pliocene to Pleistocene Vangunu volcano has two deeply eroded central craters breached on their southern sides.,-8.67,158.0,1040.0,Pleistocene
255809,Nggatokae,Composite,Stratovolcano,Solomon Islands,Southwestern Pacific Volcanic Regions,Solomon Volcanic Province,Nggatokae consists of a well-formed volcanic cone of Pliocene to Pleistocene age with a breached central crater and a subsidiary scoria cone on the northern flank<.      ,-8.78,158.18,840.0,Pleistocene
257021,Mere Lava,Composite,Stratovolcano,Vanuatu,Southwestern Pacific Volcanic Regions,Vanuatu Volcanic Arc,"The small 5-km-diameter island of Mere Lava (also known as Star Peak) in the southern Banks Islands has a well-preserved summit crater containing a small cinder cone. Eruptive products are olivine basalt lavas and related tephra, and nine small craters are aligned down and across the NE flank above a small coastal plain extending into the ocean (Mallick and Ash, 1975). Although Mallick and Ash (1975) considered the volcano to be ""very young"", they noted that there were no records or legends of activity. Although some writers claim that the Spanish explorer Queiros reported the volcano to be ""smoking"" in 1606, a reading of the Markham (1904) translation seems to describe human, not volcanic, activity.",-14.4585,168.04,1003.0,Pleistocene
257080,Northeast Shepherd Islands,Composite,Stratovolcano(es),Vanuatu,Southwestern Pacific Volcanic Regions,Vanuatu Volcanic Arc,"This group of small islands (Ewose, Buninga, and Tongariki) SE of Tongoa Island have no obvious volcanic features. Although it has been suggested that they lie on the rim of a caldera (Crawford et al. 1988, Macfarlane et al. 1988), no evidence for such a feature was found by Eissen et al. (1991). Buninga and Tongariki appear to be the exposed parts of a submarine edifice that extends towards Emae island, 15 km SW. Pyroclastic rocks intruded by dikes are exposed on Ewose, whereas Buninga is largely composed of tilted lava flows. Tongariki consists of basalts with dacitic pumiceous tuffs in low-lying areas.",-17.0007,168.636,513.0,Pleistocene
257110,Aneityum,Composite,Stratovolcano(es),Vanuatu,Southwestern Pacific Volcanic Regions,Vanuatu Volcanic Arc,"Aneityum Island, also known as Anatom or Anetchom, is a 17-km-wide oval-shaped island SE of Tanna Island and is the southernmost of the Vanuatu Islands chain. Aneityum consists of two coalescing, dominantly basaltic Pleistocene volcanoes. Both the NW side of Inrerow Atamwan volcano and the SE side of Nanawarez volcano are truncated by large erosional cirques. Volcanic activity ceased during the late Pleistocene to Holocene (Carney and Macfarlane, 1979).",-20.1875,169.8194,852.0,Pleistocene
257800,Ureparapara,Composite,Stratovolcano,Vanuatu,Southwestern Pacific Volcanic Regions,Vanuatu Volcanic Arc,"The 8-km-wide Ureparapara Island is topped by a 5-km-wide erosional caldera that is breached by the sea on the NE.  Sapper (1917) states that Ureparapara must have still been active in 1872, but the the latest activity occurred during the Pleistocene (Ash et al. 1980).     ",-13.53,167.32,764.0,Pleistocene
257801,Mota,Composite,Stratovolcano,Vanuatu,Southwestern Pacific Volcanic Regions,Vanuatu Volcanic Arc,The 5-km-wide Mota Island is comprised of the eroded vent-filling intrusive of a Pleistocene volcano that rises above a wide raised Holocene platform of reef limestones.      ,-13.85,167.68,411.0,Pleistocene
257802,Merig,Composite,Stratovolcano,Vanuatu,Southwestern Pacific Volcanic Regions,Vanuatu Volcanic Arc,A andesite plug dated 1.1 million years ago surrounded by basaltic and andesitic breccia is all that remains above sea level on the tiny island of Merig (Macfarlane et al. 1988).      ,-14.32,167.8,125.0,Pleistocene
257803,Paama Island,Composite,Complex,Vanuatu,Southwestern Pacific Volcanic Regions,Vanuatu Volcanic Arc,Williams & Warden (1964) report an eruption of Paama in 1897 (p 54) but Warden (1967) reports extensive erosion has destroyed the original volcanoes on Paama and classifies them as older than the Pliocene-early Pleistocene volcanoes of Emae.     ,-16.47,168.23,544.0,Pleistocene
257806,Northwest Shepherd Islands,Composite,Complex,Vanuatu,Southwestern Pacific Volcanic Regions,Vanuatu Volcanic Arc,"The Northwest Shepherd Islands group includes three volcanic cones on Emae Island (Pahunga, Talimasa, and Tipikal), Makura Island (~8 km SE of Emae), and the large submarine edifice under them. Williams and Warden (1964) report historical activity on Emae and some ashfall, which could have originated from a different volcano (Eissen et al. 1991). Warden (1967) reported strongly eroded summit craters and deep dissection of surficial deposits, and suggested that the Emae volcanoes may have become extinct in the Pliocene or early Pleistocene. Crawford et al. (1988) place Emae on the rim of a large caldera that extends to Mataso Island, more than 15 km S. Macfarlane et al. (1988) place two smaller uncertain calderas at this location; Eissen et al. (1991) did not find evidence for a caldera. Makura is largely composed of tilted lava flows.",-17.063,168.381,629.0,Pleistocene
257810,Southern Shepherd Islands,Composite,Stratovolcano,Vanuatu,Southwestern Pacific Volcanic Regions,Vanuatu Volcanic Arc,"There are two main edifices that comprise the Southern Shepherd Islands volcano group. Mataso Island is a volcanic remnant and the only surface expression of a large submarine edifice. A submarine volcano with a central crater, ~15 km ESE of Mataso and distinct from that edifice, was discovered during a 1984 survey  (Crawford et al., 1988).",-17.2525,168.4245,343.0,Pleistocene
257804,Northern Efate,Cluster,Stratovolcano(es),Vanuatu,Southwestern Pacific Volcanic Regions,Vanuatu Volcanic Arc,"Largely submarine basaltic eruptions during the Pleistocene from 1.5 to 0.9 million years ago constructed composite volcanoes on northern Éfaté Island (Macfarlane et al., 1988).      ",-17.6167,168.3792,500.0,Pleistocene
257805,William,Composite,Stratovolcano,Vanuatu,Southwestern Pacific Volcanic Regions,Vanuatu Volcanic Arc,"The Pleistocene William stratovolcano of dominates the northern end of Erromango Island. Headward erosion by streams has excavated a 5-6 km diameter erosional basin which is partially filled by a basaltic lava plug (Colley and Ash, 1971).",-18.7,169.08,886.0,Pleistocene
257807,Pumpan,Composite,Stratovolcano,Vanuatu,Southwestern Pacific Volcanic Regions,Vanuatu Volcanic Arc,"The eroded Pleistocene basaltic Pumpan volcano occupies the center of Erromango Island. Rocks are dominantly pyroclastics overlain by widespread thick lava flows (Colley and Ash, 1971).",-18.85,169.12,802.0,Pleistocene
257808,Melkum,Composite,Stratovolcano(es),Vanuatu,Southwestern Pacific Volcanic Regions,Vanuatu Volcanic Arc,"The eroded Pleistocene Mt. Melkum stratovolcano occupies the west-central part of Erromango Island, along with several other small stratovolcanoes.",-18.85,169.05,758.0,Pleistocene
257809,East Tanna,Composite,Stratovolcano,Vanuatu,Southwestern Pacific Volcanic Regions,Vanuatu Volcanic Arc,"Volcanic rocks forming much of the northern part of Tanna island originated from the Pleistocene East Tanna volcano, now largely collapsed below sea level on the eastern side of the island (Robin et al., 1993). Lavas and pyroclastics along the east coast of the island have a westward dip. The Green Hill volcanics at the northern end of the island (Carney and Macfarlane, 1979) can be considered a subordinate center to East Tanna.",-19.42,169.45,552.0,Pleistocene
259800,Maer Volcanic Province,Cluster,Pyroclastic cone(s),Australia,Eastern Australia Volcanic Regions,Northeastern Australia Volcanic Province,"Eight small islands in the NE part of the Torres Straits form the northernmost east-Australian Cenozoic volcanic field.  The Quaternary pyroclastic cones have been dated between 3 and 1 million years ago (Stephenson, in Johnson et al., 1989).     ",-9.717,143.833,171.0,Pleistocene
259801,Piebald Volcanic Province,Cluster,Shield(s),Australia,Eastern Australia Volcanic Regions,Northeastern Australia Volcanic Province,"The Piebald volcanic province consists of eroded small shield volcanoes and pyroclastic cones dated between 1.6 and 1.2 million years ago (Stephenson, in Johnson et al., 1989).      ",-15.23,145.03,420.0,Pleistocene
259802,Mclean Volcanic Province,Cluster,Pyroclastic cone(s),Australia,Eastern Australia Volcanic Regions,Northeastern Australia Volcanic Province,"The McLean Volcanic Province consists of Tertiary volcanoes, undated younger scoria cones, and valley-floor lava fields that are probably less than 1 million years old (Stephenson, in Johnson et al., 1989).",-15.87,144.83,610.0,Pleistocene
259803,Atherton Basalt Province,Cluster,Shield(s),Australia,Eastern Australia Volcanic Regions,Northeastern Australia Volcanic Province,"The Atherton Basalt Province covers an area of 1,800 km2 and contains 52 eruptive centers, including small lava shields, cinder cones, maars, and one diatreme. The maars, the only ones in Northern Queensland, range in age from 200,000 to 10,000 years before present (Stephenson, in Johnson et al., 1989).     ",-17.3,145.72,1160.0,Pleistocene
259805,Fox,Minor,Pyroclastic cone,Australia,Eastern Australia Volcanic Regions,Northeastern Australia Volcanic Province,"Mount Fox is a pyroclastic cone distinct from the large volcanic provinces of NE Australia. Young basanite lava flows dated 1.5 million years ago descend the coastal scarp into the Stone River valley (Stephenson, in Johnson et al., 1989).",-18.85,145.8,840.0,Pleistocene
259806,Chudleigh Volcanic Province,Cluster,Shield(s),Australia,Eastern Australia Volcanic Regions,Northeastern Australia Volcanic Province,"Straddling the Great Divide, the Chudleigh volcanic province contains 46 vents and covers an area of 2,000 km2.  Several lava shields and numerous pyroclastic cones are present; the youngest dated rocks are 250 ka. Two lava flows traveled 100 km from their source (Stephenson, in Johnson et al. 1989).",-19.73,144.2,1000.0,Pleistocene
259807,Nulla Volcanic Province,Cluster,Shield(s),Australia,Eastern Australia Volcanic Regions,Northeastern Australia Volcanic Province,"The Nulla volcanic province consists of 46 vents and associated lava flows covering an area of 7,500 km2. The youngest volcano, Toomba, is only 13,000 years old, and produced a massive 120 km long lava flow. Three other lava flows exceed 100 km length (Stephenson and Griffin, 1976).",-19.82,145.08,840.0,Pleistocene
259808,Sturgeon Volcanic Province,Shield,Shield(s),Australia,Eastern Australia Volcanic Regions,Northeastern Australia Volcanic Province,"Wide lava plains of the Sturgeon volcanic field cover 7500 km2. The youngest lava flow is dated at 0.92 Ma and traveled 120 km from its source at Twins crater (Stephenson, in Johnson et al. 1989).",-20.35,144.25,,Pleistocene
259809,Bundaberg-Boyne Province,Minor,Pyroclastic cone(s),Australia,Eastern Australia Volcanic Regions,East Central Australia Volcanic Provinces,"The Hummmock (1.1-0.9 million years ago) (Ma), Berrembea, and Barambah (0.6 Ma) basalts from the Bundaberg, Gin Gin and Gayndah areas, respectively, are of Pleistocene age.  The northern Boyne area has also had Pleistocene volcanism (Robertson, Sutherland and Hollis, inJohnson et al. 1989).     ",-25.58,151.87,330.0,Pleistocene
260001,Narcondam,Composite,Stratovolcano,India,Sunda-Banda Volcanic Regions,Andaman Volcanic Province,"The 2.5 x 4 km island of Narcondam is located in the Andaman Sea about 130 km E of North Andaman Island. The island is densely vegetated, bounded by cliffs on the southern side, and capped by three peaks on the main cone. The island's name means ""pit of hell,"" though the name could have been mistakenly transferred from the active Barren Island volcano, 140 km SSW. Volcanism at the andesitic volcano was considered to have continued into the Holocene by Krishnan (1957), but the last eruption is unknown. A review by Bandopadhyay (2017) found no documented Holocene activity.",13.4452,94.2617,722.0,Pleistocene
261020,Seulawah Agam,Composite,Stratovolcano,Indonesia,Sunda-Banda Volcanic Regions,Sunda Volcanic Arc,"Seulawah Agam, near the NW tip of Sumatra, is an extensively forested volcano with a small summit crater. It was constructed within the large Pleistocene Lam Teuba caldera, which also contains a smaller 6 x 8 caldera. The van Heutsz crater is an active fumarolic area on the NNE flank extending about 200 m downslope around 700 m elevation; it does not have the appearance of a volcanic crater. Additional geothermal areas are noted by Marwan et al. (2021). Sapper (1927) and Neumann van Padang (1951 CAVW) listed an explosive eruption in the early 16th century, and the CAVW also listed an eruption from the van Heutsz crater in 1839. However, Rock et al. (1982) found no evidence for historical eruptions. The Volcanological Survey of Indonesia also noted that although no reported eruptions have occurred from the main cone, the NNE-flank activity may have only been hydrothermal.",5.4472,95.6555,1309.0,Pleistocene
261090,Toba,Caldera,Caldera,Indonesia,Sunda-Banda Volcanic Regions,Sunda Volcanic Arc,"The 35 x 100 km Toba volcano, the Earth's largest Quaternary caldera, was formed during four major Pleistocene ignimbrite-producing eruptions beginning at 1.2 million years ago. The latest of these produced the Young Toba Tuff (YTT) about 74,000 years ago from vents at the NW and SE ends of present-day Lake Toba. The YTT represents the largest known Quaternary eruption, ejecting about 3,800 km3 (dense rock equivalent) of ash that covered ~40 million km2 to a depth greater than 5 mm, plus another 1,500 km3 of pyroclastic density current (PDC) deposits (Costa et al., 2014). Resurgent doming formed the massive Samosir Island and Uluan Peninsula structural blocks after the YTT eruption. Additional post-YTT eruptions include emplacement of a series of lava domes, growth of the solfatarically active Pusukbukit volcano on the south margin of the caldera, and formation of Tandukbenua volcano at the NW-most rim of the caldera. Lack of vegetation suggests that Tandukbenua may be only a few hundred years old (Chesner and Rose, 1991), but no radiometric dating has been done.",2.6083,98.8417,2157.0,Pleistocene
261101,Imun,Minor,Lava cone,Indonesia,Sunda-Banda Volcanic Regions,Sunda Volcanic Arc,"Imun is a single small dacitic and/or rhyolitic cone south of Lake Toba with a youthful, undissected morphology. It is surrounded by and sits over Toba tuffs, and is considered to be of late-Pleistocene/Holocene age (Aldiss et al., 1983; Ryberg et al., 2016). Nukman and Moeck (2013, reproduced in Niasari, 2015) mapped it as Pleistocene. Imun lies along the Sumatra Fault, and magmatic processes in this region appear to be related to activity on this fault (Muksin et al., 2013). ",2.156,98.934,1503.0,Pleistocene
261111,Lubuk Raya,Composite,Stratovolcano,Indonesia,Sunda-Banda Volcanic Regions,Sunda Volcanic Arc,"Lubuk Raya is an andesitic stratovolcano of latest Pleistocene to possibly Holocene age with a broad crater breached to the S and a prominent lava dome at the southern foot. (Aspden et al., 1982).",1.478,99.209,1862.0,Pleistocene
261110,Sibualbuali,Composite,Stratovolcano,Indonesia,Sunda-Banda Volcanic Regions,Sunda Volcanic Arc,"Sibualbuali is an eroded Pleistocene stratovolcano with two solfatara fields on the eastern flank. Rhyolitic-dacitic lava domes erupted from fissure vents along the Toru-Asik fault to the S are late Pleistocene or possibly Holocene in age, and are considered part of the Sibualbuali volcanic center (Aspden et al., 1982).",1.556,99.255,1819.0,Pleistocene
261131,Sarik-Gajah,Minor (Silicic),Pyroclastic cone(s),Indonesia,Sunda-Banda Volcanic Regions,Sunda Volcanic Arc,"The Sarik center consists of two young andesitic/basaltic cones with vegetated, but uneroded surfaces. The andesitic-dacitic Gajah center, about 6 km SW, consists of a single cone with a rubbly lava flow. Both centers were considered to be Quaternary (Rock et al., 1983).",0.074,100.189,737.0,Pleistocene
261171,Kunyit,Composite,Stratovolcano,Indonesia,Sunda-Banda Volcanic Regions,Sunda Volcanic Arc,"Kunyit volcano lies about 10 km S of Lake Kerinci, well to the N of its location listed in Neumann van Padang (1951). The summit of the dacitic volcano contains two craters open to the S, the uppermost of which has a small crater lake. The age of the latest eruptive activity is not known, but there do not appear to be any recent volcanic features. Fumarolic activity occurs at the youngest crater on the N side of the summit area. Social media reports from hikers confirmed hot springs and sulfur odors along the trail in 2013. Silitonga et al. (2015) mapped the most recent volcanic unit as late Pleistocene while researching the area as a geothermal energy prospect.",-2.274,101.483,2151.0,Pleistocene
261200,"Hulu Lais, Bukit",Composite,Compound,Indonesia,Sunda-Banda Volcanic Regions,Sunda Volcanic Arc,Bukit Hulu Lais is an eroded volcanic complex towards the NW end of a volcanic ridge ~30 km long offset ~7 km SW of the Great Sumatra Fault. A large NE-facing scarp SE of the summit hosts abundant thermal activity; the SW high point is Belirang Beriti and the SE high point is Beriti Besar. The area was mapped by Budiardjo et al. (2001) as the Pleistocene 907 ka Hululais Andesite. The crater and a large area to the north are part of a major geothermal development area.,-3.247,102.239,2122.0,Pleistocene
261210,"Daun, Bukit",Composite,Stratovolcano(es),Indonesia,Sunda-Banda Volcanic Regions,Sunda Volcanic Arc,"Located in a sparsely populated region of Sumatra, Bukit Daun is part of a volcanic complex with multiple peaks at the SE end of a volcanic ridge ~30 km long. The complex is truncated by what might be a 3-km-wide caldera. Its 600-m-wide summit crater contains a lake; a smaller crater lake is found at Tologo Kecil on the SSW flank. No eruptions are known, although active fumaroles are present on the SSW peak.",-3.38,102.37,2467.0,Pleistocene
261250,Besar,Composite,Stratovolcano?,Indonesia,Sunda-Banda Volcanic Regions,Sunda Volcanic Arc,"The Gunung Besar stratovolcano in SE Sumatra was characterized by Neumann van Padang (1951) as a solfatara field (Marga Bajur or Bayur) on the NW and N foot of the edifice. The crater was noted as having an ""unimportant"" sulfur deposit in its crater and vapor exhalation. The remaining edifice consists of about 50% of a crater rim completely open to the E, with three small domes or cones, the largest of which contains a small pond in a summit crater. The geothermal area was described by Neumann van Padang (1951) as including four small solfatara fields: Gemurah Badas (8 x 10 m with hot springs and sulfur gas exhalation), Gemurah Bubur (large basin of boiling water formed between 1930-40), Gemurah Keningan (boiling mud springs, very active 1938-40), and Gemurah Ilahan (2 km upstream of Badas with geyser-like mud springs and dead trees). A ""phreatic steam eruption"" in April 1940 was noted from Gemurah Ilahan. Hochstein and Sudarman (1993) considered the Marga Bayur geothermal system to be associated with a degassing magma reservoir because ""radiometric dating of the youngest tuff deposits (unpublished data, Pertamina files) showed that [the volcano had been] active during the last 30 kyr."" This geothermal prospect has been studied but not yet developed.",-4.437,103.671,1900.0,Pleistocene
261260,Sekincau Belirang,Composite,Caldera(s),Indonesia,Sunda-Banda Volcanic Regions,Sunda Volcanic Arc,"Sekincau volcano was constructed near the southern rim of the small NW-SE-trending double Belirang and Balak calderas, 2 and 2.5 km wide, respectively. The 300-m-wide crater of Sekincau is open to the south. The age of the latest eruptive activity is not known, although fumarolic activity occurs on the caldera floor and on the E and SE outer flanks of Balak caldera.",-5.107,104.317,1717.0,Pleistocene
261280,Ulubelu,Caldera,Caldera,Indonesia,Sunda-Banda Volcanic Regions,Sunda Volcanic Arc,"Ulubelu is an elliptical, 4-km-long, volcano-tectonic depression in SE Sumatra. The age of its latest eruptions is not known, although solfataric areas, mud volcanoes, and hot springs occur at several locations. Thermal areas are aligned NE of and parallel to the Great Sumatran Fault.",-5.334,104.59,849.0,Pleistocene
261290,Rajabasa,Composite,Stratovolcano,Indonesia,Sunda-Banda Volcanic Regions,Sunda Volcanic Arc,"Rajabasa is a prominent isolated volcano along the Sunda Strait at the SE-most tip of Sumatra. The eroded edifice is ~7.5 km diameter overall, with the Balerang summit towards the SE and the slightly higher Rajabasa to the NW with a crater ~600 m in diameter. Fumarolic activity occurs on the foot and flanks of the edifice; increased activity was reported in April 1863 and May 1892. Bronto et al. (2012) described Quaternary lavas (andesite-basalt), breccias, and tuff. Hasibuan et al. (2020) reported that the youngest eruptive material, an andesite from the Rajabasa cone, was K-Ar dated at 0.120 +/- 0.04 Ma.",-5.7803,105.6314,1282.0,Pleistocene
261800,Pulau Weh,Composite,Stratovolcano,Indonesia,Sunda-Banda Volcanic Regions,Sunda Volcanic Arc,"Pulau Weh island off the NW tip of Sumatra has been interpreted as the remains of a partially collapsed older center breached to the NW and filled by the sea.  Pulau Weh was included in the Catalog of Active Volcanoes of the World (Neumann van Padang 1951) based on its geothermal activity.  Volcanism was assumed to be of Pleistocene age (Bennett et al., 1981), but fumaroles and hot springs are found a NW-E-trending line along the summit of the island and near the western shore of Lhok Perialakot bay on the northern side of the island.",5.82,95.28,617.0,Pleistocene
261858,Seulawah Inong,Unknown,Unknown,Indonesia,Sunda-Banda Volcanic Regions,Sunda Volcanic Arc,Seulawah Inong is mapped as a Quaternary volcano (Bennett et al. 1981).      ,5.43,95.77,730.0,Pleistocene
261801,Olim,Cluster,Fissure vent(s),Indonesia,Sunda-Banda Volcanic Regions,Sunda Volcanic Arc,"The Olim volcanics are Pleistocene porphyritic andesitic volcaniclastics erupted from fissure vents (Bennett et al., 1981, Keats et al., 1981).",5.2,96.18,,Pleistocene
261802,Teu Minas,Composite,Stratovolcano,Indonesia,Sunda-Banda Volcanic Regions,Sunda Volcanic Arc,"Teu Minas is a small eroded Pleistocene andesitic stratovolcano with local thin basalt lava flows (Keats et al. 1981). Porphyritic andesite is also present at the volcanic center (Rock et al., 1982).",5.17,96.43,,Pleistocene
261803,Geureugoh,Cluster,Fissure vent(s),Indonesia,Sunda-Banda Volcanic Regions,Sunda Volcanic Arc,The Geureugoh volcanics are mapped as andesitic pyroclastic breccias originating from fissure vents (Keats et al. 1981).      ,5.15,96.67,,Pleistocene
261805,"Tudeuk, Gunung",Minor,Lava dome,Indonesia,Sunda-Banda Volcanic Regions,Sunda Volcanic Arc,"Gunung Tudeuk is a recently extinct Pleistocene andesitic to dacitic lava dome (Keats et al. 1981, Cameron et al. 1983).      ",5.0,96.57,,Pleistocene
261806,Nama Salah,Unknown,Unknown,Indonesia,Sunda-Banda Volcanic Regions,Sunda Volcanic Arc,"Nama Salah is mapped as pumiceous andesites and dacites of Pleistocene age (Cameron et al. 1983).  Lahars from Nama Salah blocked drainages, forming lake Laut Tawar.      ",4.65,96.78,,Pleistocene
261807,"Telago, Gunung",Unknown,Unknown,Indonesia,Sunda-Banda Volcanic Regions,Sunda Volcanic Arc,Gunung Telago is mapped as a complex double volcanic center of Pleistocene age (in part Pliocene) by Cameron et al. (1983).      ,4.47,96.82,1930.0,Pleistocene
261808,"Sembuang, Gunung",Minor,Explosion crater,Indonesia,Sunda-Banda Volcanic Regions,Sunda Volcanic Arc,Gunung Sembuang is an andesitic Pleistocene explosion crater with a lava flow (Cameron et al. 1983).      ,4.62,97.42,,Pleistocene
261809,Geureudong,Composite,Stratovolcano,Indonesia,Sunda-Banda Volcanic Regions,Sunda Volcanic Arc,"Geureudong is a massive, 30-km-wide complex that rises above schists and granitic rocks and is one of the largest volcanic complexes in NW Sumatra.  The 2885-m-high Bur ni Geureudong is Pleistocene in age, but hot springs are found on its northern and southern flanks.  The Pupandji pyroclastic cone was constructed on its SE flank, adjacent to two maars with diameters of 300 and 60 m.",4.813,96.82,2885.0,Pleistocene
261810,Kembar,Shield,Shield,Indonesia,Sunda-Banda Volcanic Regions,Sunda Volcanic Arc,"The Gayolesten fumarole field is located on the flanks of the Pleistocene Gunung Kembar volcano.  The Kembar complex, located at the junction of two fault systems, is an andesitic shield volcano capped by a complex of craters and cones (Cameron et al. 1982).  Gayolesten was included in the Catalog of Active Volcanoes of the World (Neumann van Padang 1951) based on its geothermal activity.  Active fumaroles and hot springs are present at several locations.     ",3.85,97.664,2245.0,Pleistocene
261811,Bekulap,Minor,Lava dome(s) ?,Indonesia,Sunda-Banda Volcanic Regions,Sunda Volcanic Arc,The Bekulap volcanic center consists of three possible lava domes and an explosion crater of Pleistocene age (Cameron et al. 1982).  The Palpalan and Sumilir volcanoes of IAVCEI (1973) near this location are mapped (Paipalan and Semilir) as sedimentary rocks by Cameron et al. (1982).     ,3.288,98.351,1782.0,Pleistocene
261812,Takur-Takur,Unknown,Unknown,Indonesia,Sunda-Banda Volcanic Regions,Sunda Volcanic Arc,"Takur-Takur (Takor) is a dissected volcano composed of plagioclase-hornblende-phyric dacite and mapped as Pliocene to Pleistocene in age (Rock et al., 1983; Cameron et al. 1982). ",3.222,98.627,1499.0,Pleistocene
261813,"Tenaroh, Bukit",Unknown,Unknown,Indonesia,Sunda-Banda Volcanic Regions,Sunda Volcanic Arc,Bukit Tenaroh is mapped as Pliocene to Pleistocene (Cameron et al. 1982).      ,3.12,98.63,,Pleistocene
261814,Simbolon,Composite,Stratovolcano,Indonesia,Sunda-Banda Volcanic Regions,Sunda Volcanic Arc,Simbolon is a Pleistocene volcano with a large summit caldera and several flank lava plugs (Cameron et al. 1982).      ,3.02,98.9,1509.0,Pleistocene
261816,Martimbang,Composite,Stratovolcano,Indonesia,Sunda-Banda Volcanic Regions,Sunda Volcanic Arc,Martimbang is an andesitic volcano of Pleistocene age (Aspden et al. 1982).      ,1.96,98.968,1669.0,Pleistocene
261859,Melintang,Composite,Stratovolcano,Indonesia,Sunda-Banda Volcanic Regions,Sunda Volcanic Arc,Melintang (also known as Malintang or Gunung Sago) is a andesitic to basaltic volcano of Quaternary age with a crater breached to the SE (Silotonga and Kastowo 1975).      ,-0.32,100.67,2262.0,Pleistocene
261817,Maninjau,Caldera,Caldera,Indonesia,Sunda-Banda Volcanic Regions,Sunda Volcanic Arc,"Maninjau caldera is the largest silicic volcanic center in the Padang area of central Sumatra. The elongated caldera, filled by a lake, was formed during three Pleistocene eruptive episodes. K-Ar dating on the andesites and tuffs surrounding the caldera yielded ages of 0.83 +/- 0.42 Ma for older pre-caldera andesites (Barber et al., 2005). The youngest rhyolitic ashflow deposit was dated at about 0.28 +/- 0.12 million years (Leo et al., 1980; Barber et al., 2005).
",-0.35,100.2,1724.0,Pleistocene
261818,"Telor, Bukit",Minor,Pyroclastic cone,Indonesia,Sunda-Banda Volcanic Regions,Sunda Volcanic Arc,"Bukit Telor, also known as Bukit Ibul, is a basaltic cone located along the northern coast of Sumatra, more than 200 km behind the axis of Quaternary volcanism. It is only about 38 m high, but the total outcrop of the basalts is as much 4 km2 in area (Barber et al., 2005). The K-Ar age of these basalts is about 1.25 +/- 0.19 million years. As with Sukadana and because of its back-arc location, Bukit Telor basalts are quite texturally and compositionally different from the arc volcanics. Lherzolite mantle xenoliths are common, and the lavas typically range from quartz-tholeiite to mildly alkaline in composition (Barber et al., 2005).
",-1.245,103.523,38.0,Pleistocene
261861,Tujuh,Composite,Stratovolcano,Indonesia,Sunda-Banda Volcanic Regions,Sunda Volcanic Arc,"Tujuh is a Quaternary volcano with a caldera partially filled by Lake Gunung Tujuh.  A post-caldera composite cone, breached to the NW, fills the NW part of the caldera, giving the caldera lake a half-moon shape.     ",-1.7,101.42,2732.0,Pleistocene
261862,Runcing,Unknown,Unknown,Indonesia,Sunda-Banda Volcanic Regions,Sunda Volcanic Arc,"Gunung Runcing was identified by Rosidi et al. (1976) as an early Quaternary volcano. The exact age is unknown, and it appears heavily eroded with about half of a remnant edifice rim on the west side.",-1.755,101.627,1789.0,Pleistocene
461838,Raja-Sabanda,Unknown,Unknown,Indonesia,Sunda-Banda Volcanic Regions,Sunda Volcanic Arc,"Gunung Raja (or Raya) appears to be a remnant stratovolcano with a large caldera open towards the entire SE side that may originally have been about 3 km in diameter. The Bukit Sabanda cone lies about 2 km NE of the caldera. Although eroded, the volcanic features are still evident. Mapping related to geothermal exploration of the adjacent Kunyit volcano identified a ""Raja volcanic unit"" as Middle Pleistocene, but did not include this volcano in the mapped area that was published (Silitonga et al., 2015).",-2.228,101.43,2527.0,Pleistocene
461839,Hulunilo,Composite,Stratovolcano,Indonesia,Sunda-Banda Volcanic Regions,Sunda Volcanic Arc,"The Hulunilo stratovolcano, about 5 km E of Sumbing volcano, has a caldera about 1.5 km in diameter that is breached to the W. Morphologically it appears no more eroded than other Quaternary edifices in central Sumatra, though the age of it's most recent eruption is unknown.",-2.418,101.776,2469.0,Pleistocene
461840,Tungkat,Unknown,Unknown,Indonesia,Sunda-Banda Volcanic Regions,Sunda Volcanic Arc,"The small Bukit Tungkat about 10 km E of the Masurai complex exhibits an extensively eroded appearance, but is still a recognizable volcanic cone. Pleistocene activity is possible , although no ages are known.",-2.48,102.026,1576.0,Pleistocene
261819,Masurai,Composite,Stratovolcano,Indonesia,Sunda-Banda Volcanic Regions,Sunda Volcanic Arc,"Gunung Masurai is a large volcanic complex with a remnant half-caldera and a chain of two summit crater lakes and a cone extending SW beyond the former caldera rim. Its youthful constructional phase suggests a late Pleistocene age (Sieh and Natawidjaja, 2000). The Masurai volcanic cluster is associated with the Sungai Penuh pull-apart basin, a feature of the Sumatra strike-slip fault, which becomes wider towards the volcanic cluster (Muraoka et al., 2010).",-2.503,101.858,2916.0,Pleistocene
261863,Isau-Isau,Unknown,Unknown,Indonesia,Sunda-Banda Volcanic Regions,Sunda Volcanic Arc,"Isau-Isau is of Quaternary age, and though it was a predominantly andesitic volcano, it is part of the Pasoemah Highland ignimbrite complex (van Bemmelen 1949b; Westerveld, 1952). The edifice is mostly surrounded by andesites, dacites, and basalts from Isau-Isau and the surrounding stratovolcanos (Westerveld, 1952).
",-3.967,103.643,1422.0,Pleistocene
261864,"Nanti, Bukit",Unknown,Unknown,Indonesia,Sunda-Banda Volcanic Regions,Sunda Volcanic Arc,Bukit Nanti is a young Quaternary volcano (van Bemmelen 1949b).      ,-4.2,103.85,1619.0,Pleistocene
261820,Raja,Unknown,Unknown,Indonesia,Sunda-Banda Volcanic Regions,Sunda Volcanic Arc,"Raja volcano, located north of Ranau Lake, was mapped as a morphologically youthful volcano of likely late Pleistocene age (Sieh and Natawidjaja, 2000).",-4.83,104.08,1643.0,Pleistocene
261821,Pesagi,Unknown,Unknown,Indonesia,Sunda-Banda Volcanic Regions,Sunda Volcanic Arc,"Pesagi volcano, a collapsed caldera SE of Ranau Lake, was mapped as a morphologically youthful volcano of likely late Pleistocene age (Sieh and Natawidjaja, 2000; Widarto et al., 2016). However, Wahib (1998) suggests that it erupted in the Holocene, and is in part responsible for young volcanic breccias, tuffs, and andesites in the region. The slopes are quite dissected in spots and approach angles as steep as 70° near the summit (Wahib, 1998). These inherently unstable slopes collapsed in the wake of the 1993 Liwa earthquake, leading to destructive landslides.",-4.9233,104.1462,2201.0,Pleistocene
261865,Tanggamus,Composite,Stratovolcano,Indonesia,Sunda-Banda Volcanic Regions,Sunda Volcanic Arc,"Gunung Tanggamus is of Quaternary age (van Bemmelen 1949b). Its products, which mostly consist of lavas, breccias, and tuffs of predominantly dacitic and andesitic composition, dominate the geology of the western part of the Lampung Province in southern Sumatra (Zulkarnain, 2011). Older Tanggamus products close to the main cone are generally pyroclastic breccias, consisting of porphyritic andesite and lapilli tuff. The younger products that make up the relatively undissected cone are of intermediate composition, and those deposits in the proximal zone surrounding the cone and in more distal regions are pyroclastic and laharic breccias and ignimbrites (Husein et al., 2015). The ignimbrites appear to be younger than the pyroclastic breccias (Husein et al., 2015). The lavas on Tanggamus are vesicular and porphyritic, and at about 1.4 million years old, are younger than the pyroclastic breccias and ignimbrites. The laharic breccias, consisting of porphyritic andesite and pumice, yielded an age of 1.5 Ma; however, field observations indicate that these units may be younger (Husein et al., 2015).
",-5.427,104.675,2079.0,Pleistocene
261822,Sukadana Basalts,Cluster,Fissure vent,Indonesia,Sunda-Banda Volcanic Regions,Sunda Volcanic Arc,"The low Sukadana Plateau, 30 x 11 km wide, is a volcanic expression of the Sukadana Basalts of Pleistocene age (Barber et al., 2005). The plateau itself covers an area of approximately 1000 km2 and contains fissure-fed lava flows 2-3 m thick issued from NW-SE trending fissures (Barber et al., 2005; van Bemmelen 1949b). The basaltic region may be over 200 m thick in areas, localized around eruptive centers, but no deposits greater than 10 m have been observed. Some columnar jointing is present. K-Ar dating gave ages ranging from 0.44 Ma to 1.15 Ma for the oldest samples (Soeria-Atmadja et al., 1985 in Barber et al., 2005), but more recent ages measured from more well-preserved flows and spatter cones are around 0.01 to 0.8 million years. Sukadana is technically part of the back-arc region of the Sumatra Volcanic Arc Segment, evidenced by notable textural and compositional differences from the arc volcanics, as well as a similarity to the back-arc Bukit Telor basalts (Barber et al., 2005).
",-5.25,105.65,300.0,Pleistocene
263081,Malabar,Composite,Stratovolcano,Indonesia,Sunda-Banda Volcanic Regions,Sunda Volcanic Arc,"The broad, forested, Gunung Malabar stratovolcano is located immediately south of the city of Bandung in western Java. While it was previously thought to be of possible Holocene age (Bronto 1995, pers. comm.), K-Ar dates of 0.23 Ma were reported by Bogie and Mackenzie (1997). Additionally, Malabar material was overlain by other Pleistocene deposits from the Wayang-Windu domes a few kilometers south. A geothermal energy project is present on the S flank closest to Wayang-Windu, but no active geothermal features have been reported.",-7.132,107.639,2307.0,Pleistocene
263080,Wayang-Windu,Minor,Lava dome,Indonesia,Sunda-Banda Volcanic Regions,Sunda Volcanic Arc,"Wayang-Windu, the site of a geothermal prospect, is a series of andesitic lava domes about 30 km S of Bandung and immediately S of Malabar volcano. Both Gunung Wayang and Gunung Windu have fumarolic areas.  The age of the latest eruptive activity is not known, but Bogie and MacKenzie (1997) reported K-Ar dates of 0.49 Ma (G. Wayang), 0.19 Ma (G. Bedil), and 0.10 Ma (G. Windu).",-7.213,107.637,2184.0,Pleistocene
263110,Kendang,Composite,Stratovolcano,Indonesia,Sunda-Banda Volcanic Regions,Sunda Volcanic Arc,"Gunung Kendang is located ~9 km N of Papandayan volcano at the N end of a volcanic massif, and is associated with Darajang geothermal reservoir on the E flank and along the Kendang fault, which extends NE to the Kawah Kamojang geothermal field. There are four fumarole fields, the most prominent of which is Kawah Manuk, located in a broad 2.75-km-wide depression; thermal activity consists of fumaroles with sulfur sublimation, mud pots, and hot water pools with occasional mild water ejections. The latest eruptions produced the Kiamis rhyolitic lava dome and obsidian lava flows, 2 km NE of Darajat, characterized as ""Recent"" by Whittome and Salveson (1990). Mapping of the Darajat area and stratigraphic interpretations by Intani et al. (2021) found Plio-Pleistocene Kendang volcanics, Rakutak pyroclastics, and Gagak volcanics, followed by Pleistocene Kamasan volcanics, dacite domes, and Kiamis volcanics; no Holocene deposits were noted.",-7.245,107.709,2594.0,Pleistocene
263160,"Putri, Gunung",Minor,Lava dome,Indonesia,Sunda-Banda Volcanic Regions,Sunda Volcanic Arc,Gunung Putri is a peak in an area of eroded Quaternary volcanoes about 10 km WSW of Galunggung.,-7.269,107.973,1796.0,Pleistocene
263231,Telomoyo,Composite,Stratovolcano,Indonesia,Sunda-Banda Volcanic Regions,Sunda Volcanic Arc,"The Telomoyo cone was constructed over the southern flank of the eroded Pleistocene Soropati volcano, about 3 km from the approximate center of that older edifice. A similar eroded cone or lava dome, Gunung Andong, is 4 km SW. Both of these features are also on the NW flank of Merbabu, with Telomoyo ~11 km from the summit, and appear to be partially buried by deposits from that volcano. These volcanoes are along a NNW-SSE line of volcanoes extending from Ungaran in the north to Merapi in the south. Although van Bemmelen (1941) suggested that part of this complex was Holocene, no eruptions have been identified or dated.",-7.3613,110.3998,1891.0,Pleistocene
263230,Ungaran,Composite,Stratovolcano,Indonesia,Sunda-Banda Volcanic Regions,Sunda Volcanic Arc,"Gunung Ungaran, S of the northern Java coastal city of Semarang, lies at the northern end of four volcanoes extending NNW from Merapi. According to van Bemmelen (1941), the edifice was formed in three stages, with the youngest constructed S of three large remnant structural blocks of the second edifice during the late Pleistocene and Holocene. A group of pyroclastic cones was also constructed along the margins of the older edifice. However, there have been no deposits dated or eruptions reported from this deeply eroded volcano. There have been many geothermal studies, and there are active fumarole fields are located on the flanks. One such study, by Muchni and Suryantini (2025), noted that an uncited geological map indicated a measured age of less than 600,000 years for the youngest dome (Kemalon); other domes were dated at 620 +/- 500 ka (Mergi and Kemalon), and 680 +/- 500 ka (Munding). Kohno et al. (2006, cited in Setyawan et al., 2009), placed the formation of the ""Young Ungaran"" volcano around 300 ka.",-7.1876,110.3455,2033.0,Pleistocene
263251,Muria,Composite,Stratovolcano,Indonesia,Sunda-Banda Volcanic Regions,Sunda Volcanic Arc,"The Muria (also spelled Muriah) stratovolcano forms much of the broad Muria Peninsula along the northern coast of central Java, well N of the main volcanic chain. This edifice is flanked to the N by Genuk, an eroded dome complex near the coast. It is largely Pleistocene in age, with a deeply eroded central edifice and flanks. The most recent eruptive activity produced three maars on the SE and NE flanks, and a lava flow from a SE-flank vent that entered one of the maars. Conflicting late-Pleistocene to Holocene dates for these maars leave uncertainties about their ages; McBirney et al. (2003) noted that their youthful morphology in surrounding eroded terrain suggested Holocene activity. Radiocarbon dating by McBirney et al., (2003) of a paleosol underlying E-flank maar deposits gave 2,110 ± 360 BP from Gunung Bambang and 6,230 ± 360 BP from Gunung Rowo, but they were considered unreliable because of possible contamination with young organic material.",-6.62,110.88,1625.0,Pleistocene
263270,Wilis,Composite,Stratovolcano,Indonesia,Sunda-Banda Volcanic Regions,Sunda Volcanic Arc,"Gunung Wilis is a volcanic massif ~30 km long surrounded by low-elevation plains on all but its southern side. The complex includes multiple valleys and eroded peaks, but no cones or craters suggestive of recent activity. It was formed during three episodes dating to the early Pleistocene, with the final magmatic episode during the Holocene (van Bemmelen, 1949, summarizing Tissot van Patot, 1926, and Duyfyes, 1938). Mapping, aerial photo analysis, and radiometric dating by Hartono (1994) found no clear support for Holocene activity, with the most recent ages from sampled material being over 500 ka. No confirmed eruptions are known; one listing of an eruption in 1641 CE was likely confused with a major eruption of nearby Kelud that same year. Fumaroles and mud pots occur near Lake Ngebel on the lower W flank.",-7.808,111.758,2563.0,Pleistocene
263292,Malang Plain,Cluster,Maar(s),Indonesia,Sunda-Banda Volcanic Regions,Sunda Volcanic Arc,"A group of nine ""small eruption"" centers were mapped by van Bemelen (1937) as ""subrecent or recent"" within an area almost 40 km N-S on the Malang alluvial plain, west of Semeru and the Tengger Caldera. Some of these may be related to Tengger activity, but others have no clear connection to any specific eruption center and are situated on a distinct N-S zone of tectonic weakness. No other studies are known, and van Bemmelen (1937) provided no further descriptions that would indicate Holocene activity. Two of the locations appear to be eroded cones with craters, while others are small hills with no distinguishing volcanic features.",-8.067,112.733,662.0,Pleistocene
263321,Lurus,Composite,Complex,Indonesia,Sunda-Banda Volcanic Regions,Sunda Volcanic Arc,"The small Lurus volcanic complex along the northern coast of eastern Java, north of the Iyang-Argapura massif, produced leucite-bearing rocks followed by later eruptions of andesitic and trachytic composition.  This little known complex was mapped as subrecent-to-recent age by van Bemmelen (1949b). Ringgit, 30 km E also along the N coast of Java, was dated at 1.2-0.5 Ma.",-7.739,113.58,507.0,Pleistocene
263810,Gede,Unknown,Unknown,Indonesia,Sunda-Banda Volcanic Regions,Sunda Volcanic Arc,"Gede volcano on the NW tip of Java is of Quaternary age and is located about 280 km from the trench (van Bemmelen 1949b). The Gede Salak volcanic complex consists of pyroclastic flows on its western flanks and lava flows on its eastern flanks (Kurniawan et al., 2011). Mt. Gede is also surrounded by Plio-Quaternary tuffs (Banten Tuffs) ranging from 0.07 to 0.1 Ma in age (Pramumijoyo and Sebrier, 1991). Kurniawan et al. (2011) suggest that these Tuffs came from the calderas of the nearby Rawa Dano volcanic complex but gravity anomalies in the region suggest that neither Gede nor its nearby volcanoes could have been responsible for these ignimbrites and instead suggest a pre-existing caldera in the Sunda Straight was responsible (Nishimura et al., 1986).
",-5.93,106.07,595.0,Pleistocene
263811,Cibugis,Composite,Stratovolcano,Indonesia,Sunda-Banda Volcanic Regions,Sunda Volcanic Arc,Volcanoes in this portion of Java are Quaternary in age (van Bemmelen 1949b).      ,-6.5,106.57,613.0,Pleistocene
263812,Kendeng,Composite,Stratovolcano,Indonesia,Sunda-Banda Volcanic Regions,Sunda Volcanic Arc,"Kendeng is a stratovolcano of Pleistocene age characterized by andesites and andesitic breccias (Bronto, 1995, pers. comm.; Tun et al., 2014). These deposits cover older andesites and lapilli tuffs; unlike other volcanic deposits in western Java, they are not greatly affected by hydrothermal alteration (Tun et al., 2014). 
",-6.768,106.526,1732.0,Pleistocene
263800,Endut,Composite,Stratovolcano,Indonesia,Sunda-Banda Volcanic Regions,Sunda Volcanic Arc,"Endut volcano ceased activity in the late Pleistocene (van Bemmelen, 1949b). The size of Gunung Endut suggests that it was a stratovolcano that underwent a summit crater breach and sector collapse, which may have been aided by hydrothermal processes (Bogie et al., 2010). Endut is a volcanic edifice that makes up a series of volcanoes framing the Gunung Salak Geothermal Field (Keetley et al., 2003). It is a largely andesitic volcano (Bogie et al., 2010).
",-6.62,106.37,1297.0,Pleistocene
263801,Halimun,Composite,Stratovolcano,Indonesia,Sunda-Banda Volcanic Regions,Sunda Volcanic Arc,"Activity at the NW-most of two adjacent volcanoes named Halimun ceased in the late Pleistocene (van Bemmelen, 1949b).      ",-6.72,106.45,1929.0,Pleistocene
263802,Halimun-Talaga,Composite,Stratovolcano,Indonesia,Sunda-Banda Volcanic Regions,Sunda Volcanic Arc,Activity at the SE-most of two adjacent volcanoes named Halimun ceased in the late Pleistocene (van Bemmelen 1949b). Halimun and Talaga are the two main peaks about 2.5 km apart along a ridge.,-6.846,106.563,1741.0,Pleistocene
263813,Sanggabuana,Composite,Stratovolcano,Indonesia,Sunda-Banda Volcanic Regions,Sunda Volcanic Arc,"Volcanic activity at Sanggabuana, a stratovolcano in northwest Java, began in the late Tertiary, but continued into the Quaternary (Bronto 1995, pers. comm.; Soeria-Atmadja, 1998). K-Ar dating on a sample from an andesite lava outcrop yielded an age of about 5.35 Ma (Soeria-Atmadja et al., 1998). Products consist of lava flows alternating with pyroclastic and laharic breccias. There are also several andesitic plugs (Soeria-Atmadja et al., 1998). Sanggabuana is also associated with the Jatiluhur-Sanggabuana-Gunung Subang mineral belt (Soeria-Atmadja et al., 1998).
",-6.58,107.22,1291.0,Pleistocene
263803,Kancana,Composite,Stratovolcano,Indonesia,Sunda-Banda Volcanic Regions,Sunda Volcanic Arc,Active in older Quaternary but extinct in Holocene (IAVCEI).,-6.897,107.041,1213.0,Pleistocene
263804,Tilu,Composite,Stratovolcano,Indonesia,Sunda-Banda Volcanic Regions,Sunda Volcanic Arc,Tilu volcano is of Pleistocene age (van Bemmelen 1949b).      ,-7.156,107.529,2042.0,Pleistocene
263814,Kancana,Composite,Stratovolcano,Indonesia,Sunda-Banda Volcanic Regions,Sunda Volcanic Arc,"Kancana is a Quaternary stratovolcano (Bronto 1995, pers. comm.).",-7.32,107.63,2182.0,Pleistocene
263815,Mandalagiri,Composite,Stratovolcano,Indonesia,Sunda-Banda Volcanic Regions,Sunda Volcanic Arc,"Volcanoes in this portion of Java are Quaternary in age (van Bemmelen, 1949b).      ",-7.4,107.78,1831.0,Pleistocene
263816,Cikuray,Composite,Stratovolcano,Indonesia,Sunda-Banda Volcanic Regions,Sunda Volcanic Arc,"Cikuray, a prominent stratovolcano SW of Garut, is of Quaternary age (van Bemmelen 1949b). Products mainly consist of lava flows of basaltic andesite, with some pyroclastic flow and lahar deposits (Abdurrachman and Yamamoto, 2012). Cikuray, along with Papandayan, are located within the Triangular Volcanic Complex of West Java, a group of Pliocene to Quaternary volcanoes (Abdurrachman et al., 2015; Abdurrachman and Yamamoto, 2012).  ",-7.322,107.86,2784.0,Pleistocene
263819,Sedakeling,Composite,Stratovolcano,Indonesia,Sunda-Banda Volcanic Regions,Sunda Volcanic Arc,"Sedakeling is a stratovolcano of Quaternary age (Bronto 1995, pers. comm.).      ",-7.12,108.03,1676.0,Pleistocene
263817,Mandalawangi,Composite,Stratovolcano,Indonesia,Sunda-Banda Volcanic Regions,Sunda Volcanic Arc,"Mandalawangi is stratovolcano of Quaternary age (Bronto 1995, pers. comm.).      ",-7.058,107.864,1631.0,Pleistocene
263809,Kaledong,Minor,Lava dome,Indonesia,Sunda-Banda Volcanic Regions,Sunda Volcanic Arc,The Quaternary Kaledong lava dome is about 5 km E of Gunung Mandalawangi.      ,-7.053,107.908,1235.0,Pleistocene
263818,Canlancang,Unknown,Unknown,Indonesia,Sunda-Banda Volcanic Regions,Sunda Volcanic Arc,"Calancang, at the NNE end of a group of volcanoes extending SSW to Papandayan, is of Quaternary age (van Bemmelen 1949b).      ",-6.958,107.95,1651.0,Pleistocene
263806,Cakrabuana,Composite,Stratovolcano,Indonesia,Sunda-Banda Volcanic Regions,Sunda Volcanic Arc,Cakrabuana is a Pleistocene stratovolcano (van Bemmelen 1949b).      ,-7.03,108.13,1721.0,Pleistocene
263820,Sawal,Composite,Stratovolcano,Indonesia,Sunda-Banda Volcanic Regions,Sunda Volcanic Arc,"Sawal is a stratovolcano of Quaternary age (Katili and Sudradjat 1984a), with a large crater breached to the south.      ",-7.18,108.27,1764.0,Pleistocene
263807,Lasem,Composite,Stratovolcano,Indonesia,Sunda-Banda Volcanic Regions,Sunda Volcanic Arc,"Lasem was active in the middle late Pleistocene (IAVCEI). Deposits have been dated to 1.6-1.1 Ma, and it appears to be the oldest and least potassic Quaternary volcano in the back-arc region of central Java (Leterrier et al., 1990). Products mostly consist of pyroclastic flow deposits, small lava flows, and dome extrusions. Composition is dominantly potassic calc-alkaline andesites, but there are also some basaltic andesites and dacites (Leterrier et al., 1990).
",-6.68,111.52,806.0,Pleistocene
263821,Selokaki,Composite,Stratovolcano,Indonesia,Sunda-Banda Volcanic Regions,Sunda Volcanic Arc,"Selokaki is a Quaternary stratovolcano (Bronto 1995, pers. comm.).      ",-7.83,112.35,1083.0,Pleistocene
263822,Argowayang,Composite,Stratovolcano,Indonesia,Sunda-Banda Volcanic Regions,Sunda Volcanic Arc,"Argowayang is a Quaternary stratovolcano (Bronto 1995, pers. comm.).      ",-7.77,112.43,2198.0,Pleistocene
263808,Ringgit,Composite,Stratovolcano,Indonesia,Sunda-Banda Volcanic Regions,Sunda Volcanic Arc,"Ringgit volcano in eastern Java is of Plio-Pleistocene age, dated to about 1.2-0.5 Ma (van Bemmelen 1941; Leterrier et al., 1990). Eruptions mentioned by Von Wolff (1929) in 1586, 1593, and 1597 are attributed to Raung. Ringgit's products generally consist of leucite basanites and tephras (Leterrier et al., 1990). 
",-7.72,113.85,1250.0,Pleistocene
264070,Poco Leok,Composite,Stratovolcano,Indonesia,Sunda-Banda Volcanic Regions,Sunda Volcanic Arc,"Poco Leok in western Flores Island consists of a heavily dissected edifice with a central 3-km-wide central caldera-like depression of uncertain origin. No pyroclastic-flow deposits are associated with the volcano, which is poorly known geologically (Casadevall, 1989, pers. comm.). There is andesite lava within the crater area, which Mahon and others (1992) attributed to the volcanic group immediately north. Volcanism is of Quaternary age (van Bemmelen, 1949), and four fumarole fields are located at elevations of 825-1,200 m within the depression. The Ulumbu geothermal field is located on its flank at 650 m elevation and includes hot springs, fumaroles, mud pots, and steaming ground.",-8.68,120.48,1675.0,Pleistocene
264170,Ilimuda,Composite,Stratovolcano,Indonesia,Sunda-Banda Volcanic Regions,Sunda Volcanic Arc,"The heavily Ilimuda volcano is located 6.5 km N of Lewotobi Lakilaki volcano opposite Konga Bay in eastern Flores Island. The morphology suggests a 1-km-wide, 450-m-deep crescentic crater open to the SE. Satellitic cones, including the Ilibotong lava dome, are located on the lower SE and NE flanks. No eruptions are known, but a fumarole was reported inside the NE crater rim.",-8.479,122.761,881.0,Pleistocene
264200,Lereboleng,Composite,Complex,Indonesia,Sunda-Banda Volcanic Regions,Sunda Volcanic Arc,"A large volcanic massif extending ~12 km near the E end of Flores Island includes at least five major peaks: Tenawahang, Lereboleng, Kihak, Lekung, and Padung (SW to NE). Without obvious distinct edifices, the entire group is included here as a single complex. Distinctly older edifices are located S and NE of this massif, which is shown as Quaternary on a geological map in Widodo et al. (2005). A ""Leroboleng"" entry by Neumann van Padang (1951, CAVW citing Kemmerling, 1929, and Stehn, 1940) noted 29 small craters aligned on six fissures, with lava flows originating from Gelimun crater. Neumann van Padang (1951) also listed three eruptions during 1873-1881 that formed small craters within the larger Burak crater, which based on the included Stehn (1940) map corresponds to the Subdit Geothermal area described by Widodo et al. (2005) to the SE below the Kihak peak; these were likely hydrothermal explosions. Pilot reports of eruption plumes during June-July 2003 were not seen in satellite imagery, reported by news media, or confirmed by observatory staff; an official hazard map (Taufiqurrohman, 2010) stated that the volcano had not been active for 117 years. Reports of the 2003 events were likely mis-assigned, and have been moved to Lewotobi (20 km SW), for which there was a confirmed eruption during May-September 2003. A possible volcanic plume in an Aqua/MODIS image on 7 September 2013 was attributed by NASA to Lereboleng, but the origin of the cloud is not clear. Satellite imagery as of May 2025 shows no recently active craters in the area, or any MODVOLC thermal alerts.",-8.365,122.833,1111.0,Pleistocene
264830,Merbuk,Unknown,Unknown,Indonesia,Sunda-Banda Volcanic Regions,Sunda Volcanic Arc,Merbuk is mapped as a Quaternary volcano (Purbo-Hadiwidjojo 1971).      ,-8.226,114.653,1359.0,Pleistocene
264831,Patas,Unknown,Unknown,Indonesia,Sunda-Banda Volcanic Regions,Sunda Volcanic Arc,Patas is mapped as a Quaternary volcano (Purbo-Hadiwidjojo 1971).      ,-8.261,114.817,1390.0,Pleistocene
264833,Seraja,Unknown,Unknown,Indonesia,Sunda-Banda Volcanic Regions,Sunda Volcanic Arc,"Seraja volcano at the eastern tip of Bali, is mapped as Quaternary (Purbo-Hadiwidjojo 1971).      ",-8.377,115.654,1142.0,Pleistocene
264834,Punikan,Unknown,Unknown,Indonesia,Sunda-Banda Volcanic Regions,Sunda Volcanic Arc,"Punikan is a young volcanic cone, part of the Quaternary volcanic arc (van Bemmelen 1949b).      ",-8.47,116.13,1490.0,Pleistocene
464807,Ramu-Labumbu,Unknown,Unknown,Indonesia,Sunda-Banda Volcanic Regions,Sunda Volcanic Arc,"This heavily eroded volcano has two peaks, Doro Ramu and Doro Labumbu, and is located abotu 30 km SE of Tambora. It was mapped by Garvin (2002, shown in Khant et al., 2013) as early Pleistocene.",-8.416,118.207,1086.0,Pleistocene
264836,"Lambuwu, Doro",Composite,Stratovolcano,Indonesia,Sunda-Banda Volcanic Regions,Sunda Volcanic Arc,"Doro Lambuwu (or Lambuwa) is a broad Quaternary volcanic zone west of Bima Bay with a caldera open to the NE (Ratman and Yasin 1978). IAVCEI (1973) lists a Doro Oromboha volcano in this area. The area, about 30 km across, was mapped by Garvin (2002, shown in Khant et al., 2013) as early Pleistocene. The Garvin (2002) map also identified volcanic features named Doro Matua and Doro Pokah, but clearly identifying specific peaks in this heavily eroded region is difficult.",-8.362,118.497,1602.0,Pleistocene
264837,"Maria, Doro",Unknown,Unknown,Indonesia,Sunda-Banda Volcanic Regions,Sunda Volcanic Arc,"Doro Maria is a large eroded stratovolcano at the NE end of Sumbawa Island of Quaternary age (Ratman and Yasin 1978). It was mapped by Garvin (2002, shown in Khant et al., 2013) as early Pleistocene, and includes the peaks named Doro Kuta and Doro Kota.",-8.483,118.924,1423.0,Pleistocene
264838,"Saboke, Doro",Unknown,Unknown,Indonesia,Sunda-Banda Volcanic Regions,Sunda Volcanic Arc,"Doro Saboke, at the SE tip of Sumbawa Island, is a Quaternary volcano (Ratman and Yasin 1978). the area was mapped by Garvin (2002, shown in Khant et al., 2013) as Pliocene into early Pleistocene.",-8.68,119.12,1000.0,Pleistocene
264839,Gilibanta,Composite,Stratovolcano?,Indonesia,Sunda-Banda Volcanic Regions,Sunda Volcanic Arc,"The small island of Gilibanta was reported by a pilot to be destroyed by a volcanic eruption in 1957, but the report has not been confirmed by scientific sources and is considered doubtful (Hantke, 1962). Ratman and Yasin (1978) map the island as a Quaternary volcano with a caldera open to the north forming Ouingke Bay.     ",-8.42,119.32,363.0,Pleistocene
264840,"Otota, Doro",Unknown,Unknown,Indonesia,Sunda-Banda Volcanic Regions,Sunda Volcanic Arc,"Doro Otota at the southern end of Komodo Island, is a Quaternary volcano (Ratman and Yasin 1978).      ",-8.72,119.42,518.0,Pleistocene
264841,"Ora, Doro",Unknown,Unknown,Indonesia,Sunda-Banda Volcanic Regions,Sunda Volcanic Arc,Doro Ora volcano forming the southern end of Rinja Island is of Quaternary age (Ratman and Yasin 1978).  Nuso Kode within a bay at the southern end of the island is also of Quaternary age.      ,-8.75,119.67,668.0,Pleistocene
264842,Beliling,Unknown,Unknown,Indonesia,Sunda-Banda Volcanic Regions,Sunda Volcanic Arc,Gunung Beliling is a Quaternary volcano (Ratman and Yasin 1978).      ,-8.62,119.97,1153.0,Pleistocene
265030,Utara Wetar,Composite,Stratovolcano,Indonesia,Sunda-Banda Volcanic Regions,Inner Banda Volcanic Arc,"The island of Gunungapi, or Utara Wetar (North Wetar) is located in the Banda Sea ~100 km N of Wetar Island. The small circular island reaches less than 300 m above the ocean surface but is the summit of a massive stratovolcano that rises 5,000 m above the seafloor. There are three notable landslide scarps, the largest of which forms a prominent embayment on the NE coast, and the others overlapping on the W and SW flanks. Andesite sampled from the island was K-Ar dated by Honthaas et al. (1998) at 420,000 +/- 100,000 years. Observations from 1512 CE of a possible lava flow have been attributed to this island, along with gas-and-steam emissions in 1699 CE. However, in an analysis of documents related to the route taken by Portuguese ships commanded by Abreu in 1512, Sollewijn Gelpke (1995) determined that this was not the erupting volcano described; a drawing of the event showed Sangeang Api.",-6.635,126.66,239.0,Pleistocene
266070,Tondano Caldera,Caldera,Caldera,Indonesia,Western Pacific Volcanic Regions,Sangihe Volcanic Arc,"Tondano is an approximately 20 x 30 km Quaternary caldera in north Sulawesi containing post-caldera pyroclastic cones, obsidian flows, and thermal areas. Lake Tondano lies against the well-defined eastern caldera rim. Active andesitic-to-basaltic stratovolcanoes lie astride the poorly defined southern and northern rims of the caldera. The age of the latest eruptions within the caldera is not known, although thermal areas occur at Batu Kolok and Sarangson, and at the Tampusu cinder cone and Lahendong maar.",1.23,124.83,1202.0,Pleistocene
268071,Tigalalu,Composite,Stratovolcano,Indonesia,Western Pacific Volcanic Regions,Halmahera Volcanic Arc,"Gunung Tigalalu is located at the northern end of Kayoa Island, which straddles the equator and is the southernmost of a chain of volcanic islands off the western coast of Halmahera Island. This N-S-trending volcanic ridge at the north end of the island is partially flanked by coral limestones. Although it was mapped as Holocene (Apandi and Sudana, 1980), no eruptions have been reported or dated. Little work has been published about this island, but it is generally not considered part of the active Holocene arc.",0.07,127.42,422.0,Pleistocene
268072,Amasing,Composite,Stratovolcano(es),Indonesia,Western Pacific Volcanic Regions,Halmahera Volcanic Arc,"Bukit Amasing (Amasing Hill) is the largest and NW-most of a group of three small andesitic volcanoes along a NW-SE line on central Bacan Island, west of the southern tip of Halmahera. Two smaller volcanoes, Cakasuanggi and Dua Saudara, were constructed to the SE, north of the Sibela Mountains metamorphic complex. These mountains separate the Amasing group from another group of three andesitic volcanic features on SE Bacan Island. Although mapped as Holocene by Yasin (1980), work by Malaihollo (1993) found that the most recent volcanic material was Pleistocene.",-0.5249,127.4956,1006.0,Pleistocene
268073,Bibinoi,Composite,Stratovolcano(es),Indonesia,Western Pacific Volcanic Regions,Halmahera Volcanic Arc,"Bukit Bibinoi (Bibinoi Hill) is the largest and SE-most of a group of three andesitic volcanoes located along a NW-SE line on the SE part of Bacan Island, west of the southern tip of Halmahera. The smaller Songa and Lansa volcanoes straddle a narrow isthmus separating the SE-most peninsula from the Sibela Mountains metamorphic complex. The group lies along the same trend as the Amasing volcano group, located to the NW on the other side of the Sibela Mountains. Although mapped as Holocene by Yasin (1980), work by Malaihollo (1993) found that the most recent volcanic material was Pleistocene.",-0.761,127.725,932.0,Pleistocene
268800,Hamiding,Composite,Unknown,Indonesia,Western Pacific Volcanic Regions,Halmahera Volcanic Arc,"Hamidang volcano is mapped as Quaternary (Supriatna 1980). Based on the morphology of the area, it appears to consist of approximately a dozen small cones.",1.62,127.82,1204.0,Pleistocene
269010,Tawau Hills,Cluster,Pyroclastic cone,Malaysia,Western Pacific Volcanic Regions,Negros-Sulu Volcanic Arc,"The Tawau Hills is a large Miocene to late-Pleistocene volcanic field on the Semporna Peninsula of NE Borneo, in the Malaysian province of Sabah, across Port Cowie bay from the the Indonesian province of Kalimantan. Tahir et al. (2010) noted that the larger mountains resulted from Pleistocene dacite eruptions on top of older andesites; late Pleistocene olivine basalt lavas originated from multiple small cones (eg. Tiger Hill, Bombalai Hill, and Quoin Hill). Two young lava flows from Bombalai extend almost to the coastal plain; they were considered younger than a lava flow radiocarbon dated at about 27,000 years before present (Kirk, 1968), but later workers make no mention of Holocene activity. The lavas from the Tawau area are geochemically distinct from those erupted from fissures at Mostyn (Macpherson et al., 2010), also on the Semporna Peninsula about 30 km NE.",4.383,117.95,1077.0,Pleistocene
269814,Mostyn,Cluster,Fissure vent(s) ?,Malaysia,Western Pacific Volcanic Regions,Negros-Sulu Volcanic Arc,Late Quaternary lavas (Kirk 1968).,4.6,118.18,,Pleistocene
270010,Jolo,Cluster,Pyroclastic cone(s),Philippines,Western Pacific Volcanic Regions,Negros-Sulu Volcanic Arc,"Numerous pyroclastic cones and craters are present on the 60-km-wide Jolo Island at the SW end of the Philippines archipelago. Jolo lies in the Sulu archipelago, ~150 km SW of the tip of the Zamboanga Peninsula on SW Mindanao Island. Youthful-looking Tumatangus cone forms the high point of the island. Bud Dajo (or Buddajo) is a basaltic cinder cone that reaches above 600 m elevation; other nearby cones are Matanding, Guimba, and Sungal. Hot springs have been reported at craters on Cagayan Sulu, and solfataras at Siit Lake. Reported activity in 1641 CE was actually ashfall from Melebingoy eruption on Mindanao. Two large earthquakes (M 7.4-7.5) on 20-21 September 1897 caused a significant tsunami and later speculation of a possible submarine eruption, but there were no direct observations or later evidence of volcanism.",6.0,121.125,811.0,Pleistocene
271010,Balut,Composite,Stratovolcano,Philippines,Western Pacific Volcanic Regions,Mindanao Volcanic Province,"Balut volcano, also known as Sanguil, forms a small island in the Sarangani Island group south of the Batulaki Peninsula of southern Mindanao. Hot springs and thermally altered ground are located on the W and SW flanks. Reports in Mindanao of a major eruption in 1641 CE from an unknown volcano to the south, which caused darkness over much of Mindanao, were originally attributed to Balut; later work indicated that the source was Melebingoy, ~80 km NW of Balut on southern Mindanao.",5.398,125.376,840.0,Pleistocene
271030,Apo,Composite,Stratovolcano,Philippines,Western Pacific Volcanic Regions,Mindanao Volcanic Province,"Apo volcano  but its geologic history is poorly known. Apo, which means master or grandfather, is the highest peak in the Philippines, located SW of the coastal city of Davao. The andesitic-to-dacitic volcano has a flat-topped summit with three peaks and a 500-m-wide crater containing a small lake. A line of solfataras rises from a fissure on the SE side that extends ~1 km downslope. No reported eruptions are known, but it is one of several volcanoes to which the major 1641 CE eruption from Melebingoy volcano was incorrectly attributed.",6.989,125.269,2938.0,Pleistocene
271050,Latukan,Composite,Stratovolcano,Philippines,Western Pacific Volcanic Regions,Mindanao Volcanic Province,"The poorly known Latukan volcano is in NW Mindanao SE of Lake Lanao just SW of Ragang volcano. The Makaturing volcano in the Butig Mountains is to the W. Though listed as an active volcano in the Catalog of Active Volcanoes of the World (Neumann van Padang, 1953), the age of its most recent eruptions is not known and PHIVOLCS lists it as an ""inactive"" volcano.",7.654,124.438,2280.0,Pleistocene
271061,Kalatungan,Composite,Stratovolcano,Philippines,Western Pacific Volcanic Regions,Mindanao Volcanic Province,"Kalatungan volcano, also known as Catatungan, is a dominantly basaltic edifice forms a broad east-west trending volcanic ridge in central Mindanao east of Lake Lanao. It was was listed as ""potentially active"" (with possible Holocene activity) by the Philippine Institute of Volcanology and Seismology (2004-), but no dated eruptions are known.   ",7.95,124.8,2824.0,Pleistocene
271071,Malindang,Composite,Stratovolcano,Philippines,Western Pacific Volcanic Regions,Mindanao Volcanic Province,"The Quaternary Malindang volcano is located at the southern end of an eroded massif (Ampiro volcano is at the northern end), W of Iligan Bay in N-central Mindanao. Legends record a large eruption from the dominantly basaltic-to-andesitic volcano in the past, although no confirmed eruptions have been documented (Salise et al., 1991). Reports of increased activity in 1991 at the time of tectonic earthquakes prompted widespread evacuations, and although an eruption did not occur, a previously unknown geothermal area was discovered.",8.22,123.63,2404.0,Pleistocene
271072,Balatukan,Composite,Compound,Philippines,Western Pacific Volcanic Regions,Mindanao Volcanic Province,"Balatukan (also known as Balingoan or Balatocan) is a massive compound stratovolcano that rises above the SW shore of Gingoog Bay in north-central Mindanao, opposite Camiguin Island. Lava flows on its flanks have Pleistocene ages. Although the volcano currently displays fumarolic activity, it is extensively eroded and the age of its latest eruption is not known.",8.77,124.98,2450.0,Pleistocene
271090,Paco-Maniayao,Composite,Stratovolcano,Philippines,Western Pacific Volcanic Regions,Eastern Philippine Volcanic Arc,"Located at the NE tip of Mindanao, the Paco-Maniayao volcanic complex is truncated by two nested calderas, 2.5 and 5 km in diameter. The basaltic-dacitic volcano is located east of the N-S-trending Philippine Fault that cuts across eastern Mindanao. Andesitic lava domes rim a breached crater, and the youngest dated rock is an overlying basaltic lava flow dated at about 90,000 yrs +/- 40,000 years BP. Legends record a major caldera collapse eruption (Wolfe 1982, pers. comm.). The age of the last eruption is not known, although the volcano currently displays fumarolic activity. Geological mapping by Omac and Fermin (2012; see Africa et al., 2015) indicated that the youngest volcanics were late Pleistocene.",9.593,125.52,664.0,Pleistocene
271800,Blit,Unknown,Unknown,Philippines,Western Pacific Volcanic Regions,Mindanao Volcanic Province,"Mt. Blit, a poorly known volcanic complex in south-central Mindanao, south of Cotabato City, has two main summits.  The youngest dated rocks of the basaltic-to-dacitic volcano, also known as Blik, are about 760,000 years old. ",6.958,124.23,1198.0,Pleistocene
271801,Quezon,Minor,Lava dome(s),Philippines,Western Pacific Volcanic Regions,Mindanao Volcanic Province,"Low basaltic to andesitic lava domes at Quezon, north of the Cotabato Basin and east of Illana Bay, were dated at about 115,000 yrs BP.",6.58,124.62,652.0,Pleistocene
271802,Kitabud,Unknown,Unknown,Philippines,Western Pacific Volcanic Regions,Mindanao Volcanic Province,"A lava flow from the Kitabud Mountains, south of Ragang volcano, was dated at about 460,000 years BP.",7.285,124.662,1167.0,Pleistocene
271805,Ampiro,Composite,Stratovolcano?,Philippines,Western Pacific Volcanic Regions,Mindanao Volcanic Province,"Ampiro lies north of Malindang volcano in NW Mindanao. It was classified as ""active"" by Sajona et al. (1994), although it appears on the ""inactive"" list of PHIVOLCS (2004-). Samples from the flanks of the volcano were dated at between about 700,000 and 290,000 years BP.",8.388,123.63,1532.0,Pleistocene
271803,Imbing,Composite,Stratovolcano(es),Philippines,Western Pacific Volcanic Regions,Negros-Sulu Volcanic Arc,"Mount Imbing is one of the highest of a group of volcanoes at the southern end of the SE-most peninsula of the Zamboanga Peninsula.  A K-Ar date of 0.82 million years from a sample on the western coast of this peninsula (Sajona et al., 1994, 1997).",7.68,123.23,700.0,Pleistocene
271804,Kaladis,Composite,Stratovolcano,Philippines,Western Pacific Volcanic Regions,Negros-Sulu Volcanic Arc,"K-Ar dates of about 1.08 and 1.21 million years were obtained from a lava flow from Mt. Kaladis on the Zamboanga Peninsula (Sajona et al., 1994, 1997).",7.58,122.97,,Pleistocene
272010,Cuernos de Negros,Composite,Complex,Philippines,Western Pacific Volcanic Regions,Negros-Sulu Volcanic Arc,"Cuernos de Negros (also known as Magaso) is a large stratovolcano complex at the SE tip of Negros Island. The eastern side of the complex consists of two stratovolcanoes and a lava dome; two crater lakes up to 1.5 km in diameter are present. The lower western part of the complex contains four volcanic centers. The small summit crater of Magaso, the highest peak of the complex, rises above the city of Dumaguete and contains fumaroles; two sulfuric springs are found on the ESE flank, with hot springs on the NE flank. The youngest radiocarbon date obtained was 14,000 years BP from a dacitic breccia, and a younger andesitic unit is present. An increase in fumarolic activity took place after a major tectonic earthquake in 1902. The Palinpinon geothermal field is located south of the Okoy River on the N flank.",9.25,123.17,1862.0,Pleistocene
272030,Mandalagan,Composite,Complex,Philippines,Western Pacific Volcanic Regions,Negros-Sulu Volcanic Arc,"The deeply dissected, dominantly andesitic-to-dacitic Mandalagan volcanic complex on northern Negros Island contains a vigorous solfataric area at a highly altered domed structure. The complex consists of seven volcanic centers, including at least five craters up to 2 km in diameter. One solfataric area emits a high-temperature (106°C) plume to 30 m height with a roaring noise. The age of the most recent eruptive activity, which produced a thin basaltic lava flow, is not known.",10.65,123.25,1885.0,Pleistocene
272040,Silay,Composite,Stratovolcano,Philippines,Western Pacific Volcanic Regions,Negros-Sulu Volcanic Arc,"Silay, the northernmost volcano on Negros Island, lies 28 km E of Silay City. The compound basaltic andesite stratovolcano contains a partially breached, 3.5-km-wide caldera. Though listed as Holocene by IAVCEI (1973), the age of its most recent eruptions is not known. The Malisbog solfatara field displays fumarolic activity and extensive sulfur deposits.",10.7701,123.233,1510.0,Pleistocene
272070,Mahagnao,Composite,Stratovolcano,Philippines,Western Pacific Volcanic Regions,Eastern Philippine Volcanic Arc,"The forested Mahagnao volcano in central Leyte Island is also known as Kasiboi or Casiboi. The andesitic volcano contains a steep-walled forested summit crater open to the south. Thermal areas with fumaroles and mud pots occur on the flanks. Two lakes, Malagsom and Danao, are located on the S flank. The former is a crater lake that is acidic and green in color, and the latter is a freshwater lake with an irregular shoreline and hot springs on its southern side. No source or confirmation is known for the possible 1895 eruption listed by the Commission on Volcanology (1981).",10.8805,124.8651,834.0,Pleistocene
272800,Nelangaapan,Unknown,Unknown,Philippines,Western Pacific Volcanic Regions,Eastern Philippine Volcanic Arc,This volcanic edifice was mapped at the SE tip of Panaon Island; a K-Ar date of 1.61 +/- 0.08 million years was obtained from a sample.,9.932,125.27,687.0,Pleistocene
272801,Ilihan,Unknown,Unknown,Philippines,Western Pacific Volcanic Regions,Eastern Philippine Volcanic Arc,"Ilihan is Quaternary volcano with a lava flow dated at about 1.24 million years lies in SE Leyte Island, north of Cabalían volcano (Sajona et al., 1997). Another undated Quaternary volcano was mapped immediately to the north of Silago.",10.483,125.122,903.0,Pleistocene
272803,Cancajanag,Minor,Lava dome(s),Philippines,Western Pacific Volcanic Regions,Eastern Philippine Volcanic Arc,"Cancajanag is a lava dome complex on Leyte Island, north of Mahagnao volcano on the lower NW flank of Lobi. The age of its most recent eruptions is not known, but it was classified as potentially active by PHIVOLCS.",11.07,124.78,900.0,Pleistocene
272802,Alto,Composite,Compound,Philippines,Western Pacific Volcanic Regions,Eastern Philippine Volcanic Arc,The massive compound Alto volcano at the northern end of Leyte Island has K-Ar dates of 0.43-0.38 million years and contains the Tongonan geothermal field.,11.108,124.75,1350.0,Pleistocene
272804,Maripipi,Unknown,Unknown,Philippines,Western Pacific Volcanic Regions,Eastern Philippine Volcanic Arc,"Maripipi is a small island volcano located NW of Biliran Island.  The age of its most recent eruptions is not known, but PHIVOLCS classified it as potentially active.",11.8,124.33,924.0,Pleistocene
273020,Pocdol Mountains,Composite,Compound,Philippines,Western Pacific Volcanic Regions,Eastern Philippine Volcanic Arc,"The triangular-shaped Pocdol Mountains volcanic range, also known as the Bacon-Manito complex, covers an area of about 225 km2 between Saragon Bay and Albay Gulf in southern Luzon, SE of Mayon volcano. Volcanic cones in the western part of the complex are dissected, but those in the eastern part are morphologically youthful. Several Pleistocene K-Ar dates have been obtained from the volcanic complex. The age of its latest eruptions is not known, but a fumarole field that contains a geyser is located near the summit of the compound, dominantly andesitic volcanic complex.",13.05,123.958,1102.0,Pleistocene
273031,Masaraga,Composite,Stratovolcano,Philippines,Western Pacific Volcanic Regions,Eastern Philippine Volcanic Arc,"Masaraga is a sharp-topped, forested andesitic-to-ryholitic stratovolcano ~11 km NW of Mayon volcano. Thick lava flows occur on the flanks. It was classified as Holocene by IAVCEI (1973), and K-Ar dates of zero age were obtained. However, as of 2025 it was not listed by PHIVOLCS as active (Holocene).",13.3099,123.5978,1294.0,Pleistocene
273044,Malindig,Composite,Stratovolcano,Philippines,Western Pacific Volcanic Regions,Luzon Volcanic Arc,"The forested Malindig, also known as Marlanga, is located at the southern tip of Marinduque Island, west of the Bondoc Peninsula on Luzon Island. Sharp-topped peaks form the summit of this andesitic stratovolcano. The age of the most recent eruptions is not known, but hot springs are located at its western foot.",13.24,122.018,1157.0,Pleistocene
273081,Mariveles,Composite,Stratovolcano,Philippines,Western Pacific Volcanic Regions,Luzon Volcanic Arc,"The low Mariveles stratovolcano lies at the southern end of the Bataan Peninsula, on the west side of Manila Bay. This massive, dominantly andesitic, volcano includes a 4-km-wide caldera that drains to the north. Flank cones are located to the NNE (Mount Samat) and E (Mount Limay). Although one source (NRC, 1979) noted an eruption dated at 4,000 years before present, no details were available about the sample or method. Other age determinations (EBASCO, 1977) of lava flow samples ranged from about 3.5 million to 190,000 years old.",14.527,120.482,1388.0,Pleistocene
273082,Natib,Composite,Stratovolcano,Philippines,Western Pacific Volcanic Regions,Luzon Volcanic Arc,"The massive, dominantly andesitic, Mount Natib stratovolcano, at the northern end of the Bataan Peninsula, is truncated by a 6 x 7 km caldera. The latest dated (by fission track) eruptive products are 69,000 +/- 27,000 years old (Ebasco Services, 1977), but sampling was not of sufficient detail to determine the date of the most recent eruptions. Although Ruaya and Panem (1991) listed a ""Young Volcanics"" unit in a late Pleistocene to Holocene stratigraphic group, they noted that the latest eruption was estimated at 90-100,000 years ago. Five thermal areas are present in the summit region.",14.72,120.4,1253.0,Pleistocene
273084,Arayat,Composite,Stratovolcano,Philippines,Western Pacific Volcanic Regions,Luzon Volcanic Arc,"The forested Arayat volcano is one of the few topographic features that rise above the flat Central Plain of Luzon Island, NE of the city of Angeles. A large breached crater on the WNW side is the apparent source of a major debris-avalanche deposit that forms hummocky terrain beyond the W and NW flanks. The volcano has been listed as active during the past 2,000 years (IAVCEI, 1973), perhaps referring to its thermal activity; weak steaming occurs at the NW side of the summit. The only dated rocks are 530,000 and 650,000 year old basalts that predated the collapse and formation of an andesitic dome known as White Rock in the collapse amphitheater. No eruptions have been recorded or observed.",15.2,120.742,1026.0,Pleistocene
273085,Amorong Group,Cluster,Volcanic field,Philippines,Western Pacific Volcanic Regions,Luzon Volcanic Arc,"Mount Amorong is the only one of a cluster of small trachyandesitic lava domes and diatremes at the northern end of the Luzon Central Plain, along the Eastern Bataan volcanic lineament, that displays solfataric activity (Wolfe, 1982, pers. comm.). A date of about 1.14 million years (K-Ar) was obtained. Yumul et al. (1999) collectively called Amorong, Mount Balungao, and Mount Cuyapo the Paniqui Plugs, and noted that nearby Mount Bangcay was a tuff cone.",15.825,120.742,369.0,Pleistocene
273086,Santo Tomas,Composite,Stratovolcano,Philippines,Western Pacific Volcanic Regions,Luzon Volcanic Arc,"Santo Tomas is a stratovolcano with numerous volcanic vents and fissures (Philippines Commission of Volcanology, 1981). There was a report of an eruption or ""displacement"" in the region on 4 January 1641, described as an outburst of water accompanied by an earthquake. That is also the date of the major eruption of Parker volcano in southern Mindanao that impacted much of the Philippines. The Asin Hot Springs are about 12 km NNW of the summit, but their connection to the volcano is unknown.",16.33,120.55,2260.0,Pleistocene
273080,Laguna Caldera,Caldera,Caldera,Philippines,Western Pacific Volcanic Regions,Luzon Volcanic Arc,"The elliptical 12 x 24 km Laguna Caldera SE of Manila forms the middle of the three large basins of Laguna de Bay, the largest lake on Luzon Island. Pre-caldera Pleistocene volcanism formed basaltic to basaltic-andesitic volcanoes, including Mount Sembrano on the Jalajala peninsula E of the current caldera. That peninsula is the E rim of the caldera, and hosts the Jalajala solfataric field on the S flank of Mount Sembrano. Elongated Talim Island forms the SW rim of the caldera. The caldera may have formed during at least two major explosive eruptions about 1 million and 27,000-29,000 years ago.",14.42,121.27,743.0,Pleistocene
273800,Gate Mountains,Unknown,Unknown,Philippines,Western Pacific Volcanic Regions,Eastern Philippine Volcanic Arc,The andisitic-to-rhyolitic Gate Mountains at the southern tip of Luzon Island have K-Ar dates ranging from 2.16 to 0.8 million years.,12.6,123.997,559.0,Pleistocene
273802,Sangay,Unknown,Unknown,Philippines,Western Pacific Volcanic Regions,Eastern Philippine Volcanic Arc,"K-Ar dates of about 0.556 to 0.387 million years were obtained from Sangay volcano, which lies NE of Iriga volcano and NW of Malinao volcano.",13.52,123.53,,Pleistocene
273803,Cone-Culasi,Cluster,Volcanic field,Philippines,Western Pacific Volcanic Regions,Eastern Philippine Volcanic Arc,The Cone-Culasi volcanic field covers an area of about 270 km2 to the W of San Miguel Bay and SE of Labo volcano. K-Ar dates of about 1.21-0.83 Ma have been obtained from this andesitic-to-dacitic volcanic field.,13.92,123.02,959.0,Pleistocene
273804,Labo,Composite,Compound,Philippines,Western Pacific Volcanic Regions,Eastern Philippine Volcanic Arc,"Mount Labo is a compound volcano at the NW end of the Bicol Peninsula in SE Luzon, SW of the city of Daet.  The forested 1544-m-high andesitic stratovolcano is surrounded by numerous andesitic-to-dacitic satellitic lava domes.  Mid-Pleistocene eruptions beginning about 580,000 years ago formed lava domes on the northern side of the complex.  The present edifice was formed beginning about 270,000 years ago, and flank lava dome emplacement took place from about 200,000 to about 40,000 years ago.  The latest activity from Mt. Labo produced pyroclastic flows from the summit cone about 27,000 years ago.  Thermal activity in the form of hot and warm springs continues, and Mount Labo has been the object of an extensive geothermal exploration program.",14.02,122.792,1544.0,Pleistocene
273805,Dagit-Dagitan,Composite,Stratovolcano,Philippines,Western Pacific Volcanic Regions,Luzon Volcanic Arc,"Dagit-Dagitan is an andesitic volcano forming the small Verde Island between Luzon and Mindoro Islands.  The most recent activity on Verde Island is probably late Pleistocene in age (Wolfe and Self, 1983) and formed a small tuff cone.  No hot springs are present, although wells are hot and argillic alteration is taking place (Wolfe 1982, pers. comm.).      ",13.53,121.078,364.0,Pleistocene
273806,Panay,Composite,Stratovolcano,Philippines,Western Pacific Volcanic Regions,Luzon Volcanic Arc,"Mount Panay is a low andesitic stratovolcano on the Calumpang Peninsula west of the Batangas Bay, south of Lake Taal.  Panay was mapped as Pleistocene in age by the Philippine Bureau of Mines (Wolf and Self, 1983), but displays strong solfataric activity.  Batangas Bay lies at the intersection of two major regional trends, the Bataan Lineament and the Palawan-Macolod Lineament, and may represent a submarine caldera. ",13.723,120.893,501.0,Pleistocene
273801,Malinao,Composite,Stratovolcano,Philippines,Western Pacific Volcanic Regions,Eastern Philippine Volcanic Arc,"Forested Malinao stratovolcano, NNW of Mayon, contains a large summit crater that is breached to the east. This Quaternary volcano, also known as Buhi or Takit, was active from about 500,000 to 60,000 years ago (Nielson et al., 1996), but the E flank is the site of Luzon's largest solfataras and hot springs, some of which deposit silicious sinter. A minor explosion from the Naglabong thermal area that ejected blocks in 1980 was probably due to water drawdown during development of the Tiwi geothermal field (Newhall 1994, pers. comm.).",13.416,123.608,1548.0,Pleistocene
273807,Malepunyo,Composite,Stratovolcano,Philippines,Western Pacific Volcanic Regions,Luzon Volcanic Arc,Malepunyo is an andesitic stratovolcano located east of Taal volcano.  K-Ar dates ranging from 3.0 to 0.58 million years were obtained.,13.9615,121.2468,987.0,Pleistocene
273808,Anilao Hill,Minor,Pyroclastic cone,Philippines,Western Pacific Volcanic Regions,Luzon Volcanic Arc,Anilao Hill is a basaltic scoria cone east of Taal volcano and SW of Malepunyo volcano. A K-Ar date of about 0.87 millions years was obtained from Anilao Hill.,13.9,121.18,358.0,Pleistocene
273809,Cariliao,Composite,Stratovolcano,Philippines,Western Pacific Volcanic Regions,Luzon Volcanic Arc,"Cariliao volcano, also known as Mt. Talamitan, is an andesitic stratovolcano located NW of Taal volcano. A K-Ar date of about 1.34 million years was obtained from Cariliao.",14.13,120.75,656.0,Pleistocene
273810,Corregidor,Caldera,Caldera,Philippines,Western Pacific Volcanic Regions,Luzon Volcanic Arc,"Corregidor is a largely submarine caldera with a post-caldera dacitic lava dome located on the Bataan lineament at the mouth of Manila Bay.  Corregidor Island forms the northern part of the caldera, and Caraballo Island lies on the SE part of the caldera rim.  A radiometric date of 1.0 +/- 0.09 million years was obtained from Corregidor.",14.4,120.58,173.0,Pleistocene
274800,Matarem,Composite,Compound,Philippines,Western Pacific Volcanic Regions,Luzon Volcanic Arc,"Radiometric dates for Matarem (Mafarem) volcano at the SW end of Bataan Island range from about 6 to 1.71 million years (Richards et al., 1986).",20.38,121.93,459.0,Pleistocene
275010,Leizhou Bandao,Cluster,Volcanic field,China,Eastern Asia Volcanic Regions,Southeast Asia Volcanic Province,"The Leizhou Bandao volcanic field is an area of extensive Quaternary lava flows and basaltic cones on the Leizhou (Liuchow) Peninsula in SE China, across the Qiongzhou strait N of Hainan Island. The field is the northern portion of the Qionglei volcano group (also known as the Leiqiong volcanic field), a 7300 km2 basaltic-to-basanitic plateau that covers the southern Leizhou (Liuchow) Peninsula and extends across a broad area of northern Hainan. Volcanism on the peninsula was controlled by E-W extension related to the opening of the South China Sea Basin. Yingfengling and Tianyang are Pleistocene stratovolcanoes that contain large amounts of mantle xenoliths. Many cones are found in the southern portion of the peninsula, and another similar area lies at the the northern end, W of Zhanjiang City. No Holocene features have been identified in either of the volcanic areas on the Leizhou Peninsula.",20.78,110.17,259.0,Pleistocene
275030,Toroeng Prong,Unknown,Pyroclastic cone,Vietnam,Eastern Asia Volcanic Regions,Southeast Asia Volcanic Province,"Toroeng Prong is in west-central Vietnam SW of the coastal city of Quang Ngai. Whitford-Stark (1987, pers. comm.) indicated that this was a small well-preserved basaltic volcano with a crater lake and three vents, possibly of Holocene age. However, no distinct volcanic features are observable in this area or reported elsewhere, so this may refer to a small basaltic plateau between Quang Ngai and the Pleiku-Bantour basalts to the SW.",14.733,108.483,800.0,Pleistocene
275040,Haut Dong Nai,Cluster,Volcanic field,Vietnam,Eastern Asia Volcanic Regions,Southeast Asia Volcanic Province,"Haut Dong Nai volcanic field, also known as the Djiring Plateau volcanic field, is an extensive lava field in south-central Vietnam NE of Ho Chi Minh city (Saigon). The 70 x 150 km area contains both extensively eroded and well-preserved features, with the younger landforms located to the east. Haut Dong Nai was considered to be late-Pleistocene or possibly Holocene in age (Whitford-Stark, 1987, pers. comm.).",11.617,108.017,1000.0,Pleistocene
275050,Bas Dong Nai,Cluster,Volcanic field,Vietnam,Eastern Asia Volcanic Regions,Southeast Asia Volcanic Province,"The Bas Dong Nai volcanic field, also known as the Xuan Loc Plateau volcanic field, is located in SE Vietnam, east of Ho Chi Minh city (Saigon). ",10.833,107.283,392.0,Pleistocene
275090,Lower Chindwin,Cluster,Volcanic field,Burma (Myanmar),Eastern Asia Volcanic Regions,Southeast Asia Volcanic Province,"The Lower Chindwin area contains seven or eight late-Pliocene and Pleistocene explosion craters. A lake-filled crater located at Songyuang is surrounded by olivine basaltic lava flows and pyroclastic material.  This region along the lower Chindwin River also contains rhyolitic, dacitic, and andesitic rocks. Although some workers have made statements about the presence of Holocene or ""sub-Recent"" basalts, there is no clear morphological or dating evidence of such activity.",22.28,95.1,385.0,Pleistocene
275100,Singu Plateau,Cluster,Fissure vent(s),Burma (Myanmar),Eastern Asia Volcanic Regions,Southeast Asia Volcanic Province,"The Singu Plateau volcanic field, also known as Letha Taung, is a basaltic trachyandesite lava plateau in north-central Burma, N of the city of Mandalay. The lava flows originated from fissure vents and cover an area of about 62 km2. Though some previous catalogues indicated a Holocene age, Bertrand et al. (1998) provided 40K-40Ar ages of 0.25-0.31 Ma from five of the youngest flows at the southern border of the plateau.",22.7,95.98,507.0,Pleistocene
275834,Gaojianshi,Unknown,Unknown,China,Eastern Asia Volcanic Regions,Southeast Asia Volcanic Province,Late-Cenozoic Gaojianshi volcanoes are located in the Xisha Islands (Wei et al. 1988).      ,17.0,112.5,,Pleistocene
275800,Weizhoudao,Shield,Shield,China,Eastern Asia Volcanic Regions,Southeast Asia Volcanic Province,"Circular, shield-like 4 x 5 km island with a 1 km explosion crater on the south side, of Pleistocene (?) age (Whitford-Stark, 1987). Part of Qionglei Volcano Group.      ",21.05,109.13,,Pleistocene
275801,Nghia Dan Volcanic Plateau,Cluster,Volcanic field,Vietnam,Eastern Asia Volcanic Regions,Southeast Asia Volcanic Province,"This volcanic area is described by Hoang et al. (2015) as follows: ""The Nghia Dan volcanic plateau comprises a number of monogenetic volcanoes, forming a lava cover with thickness ranging from several meters to more than 200 m. The volcanoes include Nui Tien (Nghia Son village), Nui Hang (Nghia Lam), Doi Tro and Doi Troc (Nghia My) and Nui Ro (Xuan Binh). The basalts are both massive and porous, but porous lava type is dominant. The massive type sometimes occurs as 4-to-5 sided columnar lavas (KeLui, Nghia Lam)."" This area was listed on the IAVCEI Post-Miocene data sheets, which indicated two adjacent areas with basaltic cones in this general location, one with three and the other with four volcanoes. A geological map (Fromagel, 1971) showed six small areas of basalt outcrops, and satellite imagery shows no cones. Hoang et al. (2015) further noted that there was an ""Ar-Ar age of 5.9 Ma (C.T. Chi et al., 1998) for a sample collected in the Nghia My village area; and another was dated to 4.2 Ma (Lee et al., 1998).""",19.45,105.53,,Pleistocene
275803,Vinkh-Linkh,Minor,Cone,Vietnam,Eastern Asia Volcanic Regions,Southeast Asia Volcanic Province,,17.08,107.05,,Pleistocene
275804,Ban Chay Plateau,Cluster,Volcanic field,Cambodia-Vietnam,Eastern Asia Volcanic Regions,Southeast Asia Volcanic Province,"This small basalt plateau immediately NE of the Boleo Volcanic Field was described by Whitford-Stark (1987, citing Lacombe, 1969) as having lavas that appear to have flowed radially away from a vent in the S-central portion of the field. Piilonen et al. (2018) place this small basalt plateau mainly within Cambodia north of the Seasan River.",13.883,107.4,,Pleistocene
275805,Pleiku-Bantour Volcanic Field,Cluster,Cone(s),Vietnam,Eastern Asia Volcanic Regions,Southeast Asia Volcanic Province,"Extensive volcanic area with a number of edifices, most of which are poorly preserved. IAVCEI (1973) and Whitford-Stark (1987) list it as Pleistocene.",13.85,108.1,1028.0,Pleistocene
275806,Darlac Volcanic Field,Cluster,Cone(s),Vietnam,Eastern Asia Volcanic Regions,Southeast Asia Volcanic Province,Darlac is the southern extension of the Pleiku-Bantour Volcanic Field.,12.88,108.2,,Pleistocene
275807,Bas Song Be,Cluster,Volcanic field,Vietnam,Eastern Asia Volcanic Regions,Southeast Asia Volcanic Province,Basaltic field 25 km in diameter (Whitford-Stark 1987).      ,11.67,106.67,,Pleistocene
275808,Pailin,Unknown,Unknown,Cambodia,Eastern Asia Volcanic Regions,Southeast Asia Volcanic Province,Lavas dated at 1.99 +/- 0.19 million years ago (Whitford-Stark 1987).,12.9,102.6,,Pleistocene
275809,Cham,Unknown,Unknown,Cambodia,Eastern Asia Volcanic Regions,Southeast Asia Volcanic Province,,12.1,105.6,,Pleistocene
275810,Chup,Unknown,Unknown,Cambodia,Eastern Asia Volcanic Regions,Southeast Asia Volcanic Province,Lower Pleistocene aged basalts (Whitford-Stark 1987).,11.9,105.82,,Pleistocene
275811,Snoul,Unknown,Unknown,Cambodia,Eastern Asia Volcanic Regions,Southeast Asia Volcanic Province,Lower Pleistocene aged basalts (Whitford-Stark 1987).,12.1,106.4,,Pleistocene
275812,Haut Song Be,Cluster,Volcanic field,Cambodia,Eastern Asia Volcanic Regions,Southeast Asia Volcanic Province,,12.05,107.25,,Pleistocene
275835,Bokeo Volcanic Plateau,Cluster,Volcanic field,Cambodia,Eastern Asia Volcanic Regions,Southeast Asia Volcanic Province,"Activity continued during mid & recent Quaternary (Whitford-Stark, 1987).      ",13.75,107.092,500.0,Pleistocene
275813,Bolaven Plateau,Cluster,Fissure vent(s),Laos,Eastern Asia Volcanic Regions,Southeast Asia Volcanic Province,Basalt dated at 1.10 +/- 0.9 million years ago (Whitford-Stark 1987).,15.142,106.45,1350.0,Pleistocene
275814,Buriram,Unknown,Unknown,Thailand,Eastern Asia Volcanic Regions,Southeast Asia Volcanic Province,Basalt flow from a central vent Potassium-Argon dated 0.92 +/- 0.30 million years ago.      ,15.0,103.0,,Pleistocene
275815,Chanthaburi,Unknown,Unknown,Thailand,Eastern Asia Volcanic Regions,Southeast Asia Volcanic Province,Potassium-Argon age date of 0.44 million years ago for Khao Phloi Waen cone. Basalt E of Chanthaburi fission track dated at 2.57 million years ago (Whitford-Stark).,12.5,102.2,,Pleistocene
275816,Lampang,Unknown,Unknown,Thailand,Eastern Asia Volcanic Regions,Southeast Asia Volcanic Province,Flows overlie gravel deposits containing pebble tools. Fission track and K-Ar dating yield Pleistocene ages of 0.64 to 0.95 million years ago (Whitford-Stark 1987).,18.3,99.6,,Pleistocene
275817,Ban Chiang Khian,Unknown,Unknown,Thailand,Eastern Asia Volcanic Regions,Southeast Asia Volcanic Province,Dissected lava flows dated 1.62 +/- 1.25  million years ago (Whitford-Stark).      ,19.8,100.0,,Pleistocene
275818,Ban Hui Sai,Unknown,Unknown,Thailand,Eastern Asia Volcanic Regions,Southeast Asia Volcanic Province,Alkali olivine basalts form dike-like bodies in the Mekong River and a Potassium-Argon age of 1.74 +/- 0.12 million years ago has been obtained from a subcircular outcrop of basanite (Whitford-Stark 1987).      ,20.3,100.3,,Pleistocene
275819,Kuantan Basalt,Minor,Cone,Malaysia,Eastern Asia Volcanic Regions,Southeast Asia Volcanic Province,Basaltic lava flows crop out over an area of 150 km2 near the coast of the South China Sea at Pantai Batu Hitam and Beserah. Bignell and Snelling (1977) obtained a K-Ar age of 1.6 +/- 0.2 Ma.,3.886,103.365,10.0,Pleistocene
275820,Medaw Island,Cluster,Fissure vent(s),Burma (Myanmar),Eastern Asia Volcanic Regions,Southeast Asia Volcanic Province,Plateau of basalt probably of late Tertiary to sub-Recent age (Whitford-Stark 1987).      ,11.72,98.67,115.0,Pleistocene
275821,Thaton,Cluster,Fissure vent(s),Burma (Myanmar),Eastern Asia Volcanic Regions,Southeast Asia Volcanic Province,Rhyolites and rhyolitic tuffs of late Pliocene to Pleistocene age are found at Thaton (Whitford-Stark 1987).      ,17.42,96.95,30.0,Pleistocene
275823,Namyong,Cluster,Fissure vent(s),Burma (Myanmar),Eastern Asia Volcanic Regions,Southeast Asia Volcanic Province,Pliocene to Pleistocene basalts to rhyolites erupted from fissure vents (Whitford-Stark 1987).,25.68,96.43,508.0,Pleistocene
281801,Tsaolingshan,Shield,Shield,Taiwan,Western Pacific Volcanic Regions,Ryukyu Volcanic Arc,"Tsaolingshan volcano was active during the late Pleistocene (Wang et al., 1999).",24.83,121.28,347.0,Pleistocene
281802,Chilung Group,Minor,Lava dome(s),Taiwan,Western Pacific Volcanic Regions,Ryukyu Volcanic Arc,"The Chilung volcano group (also spelled Keelung) is of Pleistocene age (Ho, 1988; Wang et al., 1999).",25.08,121.85,729.0,Pleistocene
281805,Pengchiahsu,Composite,Stratovolcano,Taiwan,Western Pacific Volcanic Regions,Ryukyu Volcanic Arc,"Pengchiahsu is one of five small Pleistocene volcanic islands NE of Taiwan. The summit of the andesitic island (also known as Agincourt) reaches only 129 m above sea level. The age of volcanism is considered to be Pleistocene, but it was reported to display fumarolic activity (Volcanological Society of Japan, 1971). However, there are no more recent reports of fumaroles or other indications of ongoing unrest as of 2015, and the Central Geological Survey makes no mention of them, though it does for other locations.",25.63,122.08,120.0,Pleistocene
281803,Huapinghsu,Composite,Stratovolcano,Taiwan,Western Pacific Volcanic Regions,Ryukyu Volcanic Arc,"The island of Huapinghsu is thought to be of Pleistocene age (Ho, 1988).",25.424,121.946,51.0,Pleistocene
281804,Mienhuayu,Composite,Stratovolcano,Taiwan,Western Pacific Volcanic Regions,Ryukyu Volcanic Arc,"Meinhuayu was active from about 0.5 to less than 0.1 million years ago (Wang et al., 1999).",25.484,122.106,29.0,Pleistocene
282041,Kogajajima,Minor,Lava dome(s),Japan,Western Pacific Volcanic Regions,Ryukyu Volcanic Arc,"The small volcanic island of Kogajajima (Little Gaja Island), about 20 km WNW of Nakanoshima, has andesitic lava domes that were considered to be of late-Pleistocene to Holocene age (Nakano et al., 2001-), and a K-Ar date of 28 +/- 6 ka was reported by Matsumoto et al. (2006). Hydrothermal alteration along with several fumaroles and hot springs were noted during fieldwork in 2005 and 2006 by Nakano and Geshi (2008).",29.879,129.625,301.0,Pleistocene
282800,Kobi-sho,Composite,Stratovolcano,Japan,Western Pacific Volcanic Regions,Ryukyu Volcanic Arc,"Kobi-sho is a stratovolcano, the top of which breaches the surface of the East China Sea to form a small 1-km-wide island. A few craters are present, but thin basalt flows make up the majority of the island. These basalts are typically porphyritic, characterized by phenocrysts of plagioclase (dominant), olvine, and clinopyroxene (Shinjo, 1998). It was probably active less than a few tens of thousand years ago, but is generally less than 0.2 million years old (Nakano et al., 2001; Shinjo, 1998). 
",25.919,123.682,117.0,Pleistocene
282801,Gajajima,Composite,Stratovolcano,Japan,Western Pacific Volcanic Regions,Ryukyu Volcanic Arc,"The andesitic Gajajima stratovolcano lies east of the main Ryukyu arc, 30 km WNW of Nakanoshima. The age of the volcano is mid-Pleistocene (Nakano et al., 2001-, mistranslated in the English version as late-Pleistocene to Holocene). Kogajajima (Little Gaja Island) lies 8 km ESE.",29.904,129.541,452.0,Pleistocene
282820,Tokara Hirase,Unknown,Unknown,Japan,Western Pacific Volcanic Regions,Ryukyu Volcanic Arc,"Takara Hirase is a group of small islets along a NE-SW trend NE of Kuchino-shima.  The highest islet reaches 27 m above sea level above a 600-m-high submarine rise.  The rocks are altered but were considered of probable Quaternary age (Nakano et al., 2001-).",30.036,130.058,27.0,Pleistocene
282802,Kuroshima,Composite,Stratovolcano,Japan,Western Pacific Volcanic Regions,Ryukyu Volcanic Arc,"Kuroshima is a basaltic-andesitic stratovolcano characterized by an abundance of monogenetic cinder cones (Joshima et al., 1978; Shinjo et al., 2000). Located in a back-arc region of the Ryuku arc, it has been K-Ar dated at 1.03 +/- 0.13  million years (Ono et al. 1981; Shinjo et al., 2000).
",30.825,129.94,622.0,Pleistocene
282805,Satsuma Maruyama,Minor,Lava dome,Japan,Western Pacific Volcanic Regions,Ryukyu Volcanic Arc,"The Satsuma Maruyama andesitic lava dome was dated at about 0.5 Ma (Nakano et al., 2001-).",31.799,130.411,218.0,Pleistocene
282806,Imuta,Minor,Lava dome(s),Japan,Western Pacific Volcanic Regions,Ryukyu Volcanic Arc,"Early Pleistocene lava domes (Ono et al., 1981).      ",31.819,130.463,509.0,Pleistocene
282807,Hokusatsu,Minor,Pyroclastic cone,Japan,Western Pacific Volcanic Regions,Ryukyu Volcanic Arc,"Hokusatsu erupted expansive plateau lavas ranging from 100-200 m in thickness (Hosono et al., 2003). Lava compositions mostly range from basaltic to andesitic. While silicic deposits were produced throughout Hokusatsu's eruptive history, they mostly dominate the youngest products. Hokusatsu lavas are Plio-Pleistocene in age, ranging from 0.35 to 3.4 Ma (Nakano et al., 2001; Hosono et al., 2008). They are calc-alkaline in composition (Hosono et al., 2008). The Hokusatsu volcanic region is also noted for its silver and gold deposits and is therefore of economic importance to Japan (Hosono et al., 2008). 
",31.872,130.608,703.0,Pleistocene
282804,Sendai,Minor,Pyroclastic cone,Japan,Western Pacific Volcanic Regions,Ryukyu Volcanic Arc,"Fission track age dated at 1 million years ago (Ono et al., 1981).      ",31.731,130.451,677.0,Pleistocene
282809,Sone,Minor,Pyroclastic cone,Japan,Western Pacific Volcanic Regions,Nankai Volcanic Arc,"A basaltic scoria cone lies along the W coast of the northern peninsula of Nakadori-jima of the Goto Islands off the western coast of Kyushu (Nakano et al., 2001-). It is described in the GSJ database (2015) as an isolated monogenetic volcano distinct from the Ojikajima volcano group to the N, with the most recent activity in the middle Pleistocene (0.19 Ma). It is designated as a natural monument, Sone volcano ""red fired cliff"" after the a cliff face along the bay to the SW from the summit. The villages of Sonego and Sone lie on the NW flank of the cone.",33.053,129.083,143.0,Pleistocene
282810,Ojikajima,Shield,Shield(s),Japan,Western Pacific Volcanic Regions,Nankai Volcanic Arc,"Ojikajima is a field of monogenetic cinder cones located about 200 km behind the active volcanic front (Sudo et al., 1998). Ojikajima itself is a shield volcano forming a relatively flat island about 36 km2 in area, containing a variety of small peaks and pyroclastic cones ranging from 50 to 110 m high (Sudo et al., 1998; Nakano et al., 2001). The products of this volcanic group, considered to be cogenetic, are predominantly scoria deposits and lava flows (Sudo et al., 1998). The scatter of small islands surrounding Ojikajima are considered part of the Ojikajima Volcanic Group as well (Sudo et al., 1998). The 1.3-1.1 Ma Ukujima stratovolcano occupies an island to the north (Nakan et al., 2001; Sudo et al.,1998). Based on K-Ar ages (Nakano et al., 2001; Sudo et al., 1998) and the local geology, the eruptive history is divided into four stages: 1 (1.1-0.85 Ma): the most voluminous eruptive phase, with activity concentrated at the center of the field; 2 (0.85-0.7 Ma): after a possible volcanic hiatus between 0.95 and 0.76 Ma, activity resumes in the center of the field; 3 (0.7-0.56 Ma): volcanic activity expands to the adjacent eastern and western islands; 4 (0.56-0.3 Ma): volcanic activity continues but at a lower intensity (Sudo et al., 1998). Volcanism in this field is likely a result of a mantle diapir (Sudo et al., 1998).
",33.199,129.051,95.0,Pleistocene
282811,Taradake,Composite,Stratovolcano,Japan,Western Pacific Volcanic Regions,Nankai Volcanic Arc,"Taradake is a stratovolcano and lava dome NW of Unzen volcano that was active mostly between 1.3 and 0.4 million years ago (Nakano et al., 2001). Mainly basalt was erupted from about 4.6 to 1 Ma. At this point, a stratovolcano formed, erupting calc-alkaline andesites and dacites. Basaltic volcanism resumed at around 0.8 Ma, and from 0.6 to 0.4 Ma was mostly andesitic lavas (Higo and Mashima, 2004). 
",32.984,130.079,1076.0,Pleistocene
282808,Kakuto,Caldera,Caldera,Japan,Western Pacific Volcanic Regions,Ryukyu Volcanic Arc,"Kakuto is a large figure-eight shaped caldera north of Kirishima that consists of the overlapping Kakuto and Kobayashi calderas, formed about 0.4-0.5 and 0.3 Ma, respectively (Nakano et al., 2001-).  Major explosive eruptions have occurred around 110,000, 65,000 and 12,000 years ago (Newhall and Dzurisin, 1988).     ",32.042,130.767,,Pleistocene
282812,Kinpo,Composite,Stratovolcano,Japan,Western Pacific Volcanic Regions,Nankai Volcanic Arc,"The Kinpo stratovolcano and lava dome were active from about 1.4 to 0.18 million years ago (Toshida et al., 2006). In total it is about 150 km2 in area and comprised of four main cones and some lava domes (Yanagi et al., 1988). Deposits mainly consist of andesitic lava flows and pyroclastics, the latter of which are more heavily dissected (Yanagi et al., 1988).",32.811,130.641,665.0,Pleistocene
282813,Yabakei,Caldera,Caldera,Japan,Western Pacific Volcanic Regions,Nankai Volcanic Arc,"The largely buried Yabakei caldera (also known as the Shishimuta caldera), a member of the Hohi Volcanic Zone, was the source of two major Pleistocene explosive eruptions producing the dacitic Yabakei (0.1 Ma) and Imaichi (0.9 Ma) pyroclastic flows (Hayashida et al., 1996; Kamata, 1989). The Yabakei pyroclastics take the form of densely welded tuffs, originally more than 110 km3 in total volume, and crop out over an area of about 480 km2 (Kamata, 1989). The 8-km-diameter funnel-shaped caldera is filled with breccia and shows no evidence of resurgent volcanic activity after these two caldera eruptions. However, post-caldera monogenetic activity appears to have continued for about 600,000 years after the caldera activity (Kamata, 1989). 
",33.169,131.221,800.0,Pleistocene
282814,Haneyama,Shield,Shield,Japan,Western Pacific Volcanic Regions,Nankai Volcanic Arc,"Haneyama and Kameishiyama are rhyolitic and dacitic volcanoes dated between 0.6 and 0.5 million years (Nakano et al., 2005).",33.228,131.133,1140.0,Pleistocene
282815,Hohi,Composite,Stratovolcano(es),Japan,Western Pacific Volcanic Regions,Nankai Volcanic Arc,"The Hohi volcanic group was Potassium-Argon age dated at about 600,000 - 400,000 years (Nakano et al., 2001-).  ",33.284,131.319,1236.0,Pleistocene
282816,Futago,Minor,Lava dome(s),Japan,Western Pacific Volcanic Regions,Nankai Volcanic Arc,"The Futago volcano group consists of several lava domes and a lava plateau with ages of 1.5-1.1 million years forming a peninsula NE of Beppu City (Nakano et al., 2001-).",33.58,131.604,720.0,Pleistocene
282817,Himeshima Volcanic Group,Minor,Lava dome(s),Japan,Western Pacific Volcanic Regions,Nankai Volcanic Arc,"The Himeshima volcano group north of the northern coast of Kyushu consists of lava domes and pyroclastic cones active from 350,000 to 20,000 years ago (Nakano et al., 2001-).",33.718,131.669,267.0,Pleistocene
282818,Kurose,Unknown,Volcanic remnant,Japan,Western Pacific Volcanic Regions,Nankai Volcanic Arc,"Small basaltic islets forming a volcanic neck rise only 8 m above sea level north of Genkaijima off the NW coast of Kyushu and are dated at about 1.13 +/- 0.12 million years (Nakano et al., 2001; Yokochi et al., 2005). Kurose is actually a small reef, formed from a highly eroded lava flow and columnar basalts (Yokochi et al., 2005). It is known for its ultramafic xenoliths, rich in olivine and pyroxene, which have been extensively studied geochemically for insight into the origin of these back-arc magmas (Senda et al., 2007). 
",33.695,130.233,8.0,Pleistocene
282819,Iki Volcanic Group,Cluster,Pyroclastic cone(s),Japan,Western Pacific Volcanic Regions,Nankai Volcanic Arc,"A group of pyroclastic cones on Iki Island NW of Kyushu was active from the Pliocene to about 600,000 years ago (Nakano et al., 2001). However, volcanic activity here began around 15 Ma as the back-arc basin began to open, producing mostly basaltic lavas (Kimura et al., 2005). The Iki volcanic group is part of a Quaternary alkaline province in northwestern Kyushu; the volcanic compositions range from basaltic to rhyolitic (Aoki and Oji, 1966).
",33.738,129.712,213.0,Pleistocene
283003,Oki-Dogo,Unknown,Shield,Japan,Western Pacific Volcanic Regions,Nankai Volcanic Arc,"Dogo, one of the Oki islands, is located north of the SW Honshu city of Matsue off the west coast of Japan. Some of the alkaline basalts on the island contain abundant mantle xenoliths. No unambiguous volcanic features are visible, though Tomita (1969) described a shield volcano and cinder cone. Reportedly the Daimanji-san lava flow overlies alluvial gravel containing an ancient water-jar, and the name Takuhi-yama (""Burning Mountain"") may record a tradition of an eruption. The Misaki Basalt Group of lava flows form a small flat peninsula on the SW side of the island where the airport is located. Uto et al. (1994) identified the Misaki basalts as the youngest on the island, with a K-Ar date of about 550,000 years. ",36.176,133.334,151.0,Pleistocene
283071,Washiba-Kumonotaira,Shield,Shield(s),Japan,Western Pacific Volcanic Regions,Nankai Volcanic Arc,"The Washiba-Kumonotaira volcano group consists of a cluster of small shield volcanoes with possible lava domes in a remote area in Chubu Sangaku National Park in the heart of the Northern Japan Alps.  Iwagokekodani, an older Kumonotaira volcano was active from about 1-0.9 million years (Ma). The younger Kumonotaira volcano was active about  300-100 ka. Washiba-ike volcano is younger than 120 ka (Nakano et al., 2001-). Hayakawa (2009 pers. comm.) indicated that the Washiba-ike explosion crater was formed in an area that post-dates the latest Pleistocene glaciation, and produced a tephra layer consisting of accretionary lapilli and fresh volcanic bombs. However, the Japan Meteorological Agency (2013) did not include it in their national catalogue of Holocene volcanoes.",36.408,137.594,2924.0,Pleistocene
283800,Mutsurejima,Minor,Pyroclastic cone(s),Japan,Western Pacific Volcanic Regions,Nankai Volcanic Arc,"A lava flow dated at about 1.2 million years forms Mutsurejima island just off the SW tip of Honshu (Nakano et al., 2001-). Kifune volcano (1.6 or 1.3 million years old), 7 km E, consists of basaltic scoria cones and lava flows.",33.974,130.866,104.0,Pleistocene
283801,Shikuma,Minor,Lava dome(s),Japan,Western Pacific Volcanic Regions,Nankai Volcanic Arc,"Shikuma volcano consists of Shikumaga-take (dated at about 450,000 years ago) and Dake-yama lava domes (Nakano et al., 2001-).",34.098,131.761,504.0,Pleistocene
283802,Tokuyama-Mitake,Minor,Lava dome,Japan,Western Pacific Volcanic Regions,Nankai Volcanic Arc,"Tokuyama-Mitake is a lava dome in SW Honshu dated at about 0.43 million years (Nakano et al., 2001-).  It is also known as Mitake-yama or Kinpo-san.",34.189,131.844,790.0,Pleistocene
283803,Sengoku,Minor,Lava dome(s),Japan,Western Pacific Volcanic Regions,Nankai Volcanic Arc,"The Sengoku volcano group consists of a group of four mid-Pleistocene lava domes active from about 0.5 to 0.36 million years ago (Nakano et al., 2001-).",34.186,131.76,661.0,Pleistocene
283804,Chojagahara,Minor,Pyroclastic cone,Japan,Western Pacific Volcanic Regions,Nankai Volcanic Arc,"Chojagahara is a 1.7 million year old pyroclastic cone and lava flow (Nakano et al., 2001-).",34.271,131.669,390.0,Pleistocene
283805,Aonoyama,Minor,Lava dome(s),Japan,Western Pacific Volcanic Regions,Nankai Volcanic Arc,"The Aonoyama volcano group consists of about 10 lava domes from about 1.3 to 0.15 million years in age (Nakano et al., 2001-). The volcanic products have a narrow chemical composition similar to that of Daisen and consist of biotite and hornblende andesites that often contain granulitic inclusions (Matsuhisa and Kurasawa, 1983).
",34.459,131.798,908.0,Pleistocene
283806,Oetakayama,Minor,Lava dome(s),Japan,Western Pacific Volcanic Regions,Nankai Volcanic Arc,"Oetakeyama consists of a group of lava domes active from about 1.8 to 0.8 million years ago (Nakano et al., 2001-). Kano and Takarada (2007) noted late-Pliocene to early Pleistocene activity, including at the early Pleistocene Senyama pyroclastic cone north of the Oetakayama (O'e-Takayama). The latest activity noted was K-Ar dated at about 1.8-1.6 million years.",35.061,132.431,808.0,Pleistocene
283807,Yokote,Minor,Pyroclastic cone(s),Japan,Western Pacific Volcanic Regions,Nankai Volcanic Arc,"The Yokote volcano group was active between about 2.3 and 0.9 million years and consists of 10 monogenetic volcanoes (Nakano et al., 2001-).",35.201,133.267,967.0,Pleistocene
283808,Noro,Minor,Pyroclastic cone,Japan,Western Pacific Volcanic Regions,Nankai Volcanic Arc,"The Noro basaltic lava flow was erupted about 1.1 million years ago from a monogenetic volcano (Nakano et al., 2001-).",35.41,133.182,180.0,Pleistocene
283809,Daikonjima,Minor,Pyroclastic cone,Japan,Western Pacific Volcanic Regions,Nankai Volcanic Arc,"A scoria cone and lava flow at Daikonjima was erupted about 250,000 or 200,000 years ago (Nakano et al., 2001-).",35.493,133.174,42.0,Pleistocene
283810,Tsuruta,Minor,Pyroclastic cone(s),Japan,Western Pacific Volcanic Regions,Nankai Volcanic Arc,"The Tsuruta volcano group consists of a group of scoria cones about 1.2 million years in age aligned NW-SE, including the Takatsuka-yama cone (Nakano et al., 2001-).",35.338,133.422,301.0,Pleistocene
283811,Daisen,Composite,Stratovolcano,Japan,Western Pacific Volcanic Regions,Nankai Volcanic Arc,"Daisen volcano, along the northern coast of SW Honshu, has been the source of large explosive eruptions during the late Pleistocene. The last dated major eruption took place about 17,000-18,000 years before present, but at least one large tephra deposit is younger (Machida and Arai, 1992). Although included in a list of volcanoes with eruptions in the past 2,000 years (Hayakawa, 1994a), that list includes some youthful volcanoes that are not Holocene, and the latest eruption of Daisen occurred during the late Pleistocene (Hayakawa 1996, pers. comm.). The volcanic products mostly consist of biotite and hornblende andesites (Matsuhisa and Kurasawa, 1983).
   ",35.368,133.549,1729.0,Pleistocene
283812,Ogino-Sen,Minor,Pyroclastic cone(s),Japan,Western Pacific Volcanic Regions,Nankai Volcanic Arc,"The Ogino-Sen volcano group in eastern Tottori Prefecture consists of 20 monogenetic volcanoes from 1.2 to 0.4 million years in age (Nakano et al., 2001-).  The adjacent Mikata volcano group in western Hyogo Prefecture consists of 8 monogenetic volcanoes from 1.7 to 0.22 million years in age.     ",35.437,134.444,1310.0,Pleistocene
283896,Kannabe,Shield,Shield,Japan,Western Pacific Volcanic Regions,Nankai Volcanic Arc,"The Kannabe volcano group is the westernmost and youngest of a cluster of monogenetic volcanoes that are part of the Kita-Tajima volcano group in Hyogo Prefecture, along with Mesaka, Kamisano, and Gembudo volcanoes.  A radiocarbon age of 19,000 years before present was obtained from the small shield volcano of Kannabe-yama (Ono et al., 1981), and Nakano et al (2001-) listed an age of 20,000 or 10,000 years.  Mesaka volcano was dated at 130,000 years, Kamisano volcano at 230,000 years, and Gembudo (Genbudo) at about 1.6 million years (Nakano et al., 2001-).  Other more isolated volcanoes of the Kita-Tajima volcano group, such as the Ogino-Sen and Mikata volcano groups and Takara-yama, are listed separately in this compilation.  ",35.504,134.678,460.0,Pleistocene
283813,Takara,Shield,Shield,Japan,Western Pacific Volcanic Regions,Nankai Volcanic Arc,"Takara-yama (also known as Takura-yama) is a small shield volcano topped by a pyroclastic cone and was active about 0.4 or 0.3 million years ago (Nakano et al., 2001-).  It is the SE-most volcano of the Kita-Tajima volcano group in SW Honshu.",35.343,134.922,350.0,Pleistocene
283814,Nanzaki,Minor,Pyroclastic cone,Japan,Northwestern Pacific Volcanic Regions,Izu Volcanic Arc,"Nanzaki (also known as Ikenohara) is a basaltic pyroclastic cone at the southern tip of the Izu Peninsula dated at about 450,000 or 400,000 years (Nakano et al., 2001-).",34.604,138.832,106.0,Pleistocene
283815,Jaishi,Shield,Shield,Japan,Northwestern Pacific Volcanic Regions,Izu Volcanic Arc,"Jaishiyama is a small andesitic shield volcano with a lava flow dated at about 1.4-1.3 million years (Nakano et al., 2001-).",34.71,138.786,520.0,Pleistocene
283816,Tanaba,Composite,Stratovolcano,Japan,Northwestern Pacific Volcanic Regions,Izu Volcanic Arc,"Tanaba-yama is an andesitic stratovolcano dated at about 1.5-1.2 million years (Nakano et al., 2001-).",34.907,138.852,1035.0,Pleistocene
283817,Daruma,Composite,Stratovolcano,Japan,Northwestern Pacific Volcanic Regions,Izu Volcanic Arc,"Daruma-yama is an andesitic stratovolcano dated at about 0.8-0.5 million years (Nakano et al., 2001-).  Ida volcano and the underlying Osezaki volcano lie to the north at the NW tip of the Izu Peninsula.",34.952,138.843,982.0,Pleistocene
283818,Tenshi,Composite,Stratovolcano,Japan,Northwestern Pacific Volcanic Regions,Izu Volcanic Arc,"Tenshi is an andesitic and dacitic stratovolcano dated at about 1.7-1.4 million years (Nakano et al., 2001-).",34.924,138.968,608.0,Pleistocene
283819,Usami,Composite,Stratovolcano,Japan,Northwestern Pacific Volcanic Regions,Izu Volcanic Arc,"Usami is a basaltic-to-andesitic stratovolcano north of the Izu-Toba volcano group dated at about 0.9 to 0.4 million years (Nakano et al., 2001-).",34.968,139.063,592.0,Pleistocene
283820,Taga,Composite,Stratovolcano,Japan,Northwestern Pacific Volcanic Regions,Izu Volcanic Arc,"Taga is an basaltic-to-andesitic stratovolcano SW of Atami City dated at about 0.7-0.3 million years (Nakano et al., 2001-).",35.078,139.031,798.0,Pleistocene
283821,Yugawara,Composite,Stratovolcano,Japan,Northwestern Pacific Volcanic Regions,Izu Volcanic Arc,"Yugawara is an andesitic and basaltic stratovolcano south of Hakone volcano dated at about 0.4-0.2 million years (Nakano et al., 2001-).",35.173,139.029,1004.0,Pleistocene
283822,Ashitaka,Composite,Stratovolcano,Japan,Northwestern Pacific Volcanic Regions,Izu Volcanic Arc,"Ashitaka-yama is a large basalitic-to-dacitic stratovolcano and lava dome SE of Fuji volcano that was active from about 0.4-0.1 million years ago (Nakano et al., 2001-).",35.238,138.794,1504.0,Pleistocene
283825,Kirigamine,Shield,Shield,Japan,Northwestern Pacific Volcanic Regions,Northeast Japan Volcanic Arc,"Kirigamine is a small shield volcano and lava dome (Wada-Toge) that lies west of Kita-Yatsugatake volcano  and NW of Yatsugatake volcano.  Kirigamine was active about 1.3-0.75 million years ago (Oikawa and Nishiki, 2005).",36.1,138.2,1925.0,Pleistocene
283826,Utsukushigahara,Shield,Shield,Japan,Northwestern Pacific Volcanic Regions,Northeast Japan Volcanic Arc,"Utsukushigahara, NE of Yatstuga-take, was active about 1.6-1.2 million years ago (Nakano et al., 2001-). ",36.223,138.111,2034.0,Pleistocene
283827,Ueno,Shield,Shield,Japan,Western Pacific Volcanic Regions,Nankai Volcanic Arc,"Ueno volcano is a small basaltic-to-andesitic shield volcano and lava flow that was active about 1.6 or 1.5 million years ago (Nakano et al., 2001-).  Ono et al. (1981) listed a Potassium-Argon date of <110,000 thousand years ago.      ",35.59,137.505,606.0,Pleistocene
283828,Yuga-mine,Minor,Lava dome,Japan,Western Pacific Volcanic Regions,Nankai Volcanic Arc,"Yuga-mine is a rhyolitic lava dome SW of On-take volcano that was active about 0.1 million years ago (Nakano et al., 2001-).",35.802,137.284,1067.0,Pleistocene
283823,Kurofuji,Composite,Stratovolcano(es),Japan,Northwestern Pacific Volcanic Regions,Northeast Japan Volcanic Arc,"The Kurofuji (Black Fuji) lava-dome complex and Kanaga-take and Kayaga-take stratovolcanoes active from about 1 million to 0.4 or 0.2 million years ago lie in Chichibu-Tama National Park north of the city of Kofu (Nakano et al., 2001-).",35.8,138.513,1764.0,Pleistocene
283824,Yatsugatake,Composite,Stratovolcano(es),Japan,Northwestern Pacific Volcanic Regions,Northeast Japan Volcanic Arc,"The older Yatsugatake volcano was active about 1 million years ago and the younger was active about 0.2 million years ago (Nakano et al., 2001). This complex of N-S-trending stratovolcanoes extends for about 10 km and is also known as Minami Yatsugatake (""Southern Eight Peaks"") (Matsuhisa and Kurasawa, 1983). Both ends of the complex produced volcanic dry avalanche deposits (sector collapses of a volcanic cone), ranging from 0.27 to 9.0 km3 in volume(Tadahide, 1983). The volcanic rocks of the northern end generally consist of hornblende and pyroxene dacites, whereas those at the southern end are composed of olivine and pyroxene andesites. The volcanic products also contain xenoliths derived from a diverse assortment of basement rocks (Matsuhisa and Kurasawa, 1983). Extensive geochemical data is available from Matsuhisa and Kurasawa (1983).
",35.968,138.373,2899.0,Pleistocene
283829,Eboshi-Washigatake,Composite,Stratovolcano,Japan,Western Pacific Volcanic Regions,Nankai Volcanic Arc,"Eboshi and Washigatake are early Pleistocene andesitic stratovolcanoes active about 1.6-1.1 million years ago (Nakano et al., 2001-).",35.937,136.974,1672.0,Pleistocene
283830,Bishamondake,Composite,Stratovolcano,Japan,Western Pacific Volcanic Regions,Nankai Volcanic Arc,"Bishamondake is an andesitic stratovolcano active about 0.4-0.25 million years ago (Nakano et al., 2001-).",35.936,136.795,1386.0,Pleistocene
283831,Dainichigatake,Composite,Stratovolcano,Japan,Western Pacific Volcanic Regions,Nankai Volcanic Arc,"Dainichigatake is an andesitic-to-dacitic stratovolcano that was active about 1.1-0.9 million years ago (Nakano et al., 2001-).",35.998,136.841,1709.0,Pleistocene
283832,Ryohaku Maruyama,Composite,Stratovolcano,Japan,Western Pacific Volcanic Regions,Nankai Volcanic Arc,"Ryohaku Maruyama (named to distinguish from Maruyama volcano in Hokkaido) is an andesitic stratovolcano active about 0.4-0.3 million years ago (Nakano et al., 2001-).",36.046,136.8,1786.0,Pleistocene
283833,Gankyoji,Composite,Stratovolcano,Japan,Western Pacific Volcanic Regions,Nankai Volcanic Arc,"Gankyoji-yama is a Pliocene-Pleistocene andesitic stratovolcano active until about 1.3 million years ago (Nakano et al., 2001-).   ",36.054,136.743,1691.0,Pleistocene
283834,Kyogatake,Composite,Stratovolcano(es),Japan,Western Pacific Volcanic Regions,Nankai Volcanic Arc,"The Kyogatake volcano group consists of andesitic stratovolcanoes active about 1.4-0.7 million years ago (Nakano et al., 2001-).",36.043,136.625,1671.0,Pleistocene
283835,Dainichiyama,Composite,Stratovolcano,Japan,Western Pacific Volcanic Regions,Nankai Volcanic Arc,"Dainichiyama is an early Pleistocene andesitic stratovolcano west of Haku-san volcano (Ono et al., 1981). This volcano was not listed by Nakano et al. (2001-).",36.15,136.5,1369.0,Pleistocene
283836,Tomuro,Minor,Lava dome(s),Japan,Western Pacific Volcanic Regions,Nankai Volcanic Arc,"The Tomuro lava-dome complex contains four domes that were active from about 0.4-0.3 million years (Nakano et al., 2001-).",36.528,136.75,548.0,Pleistocene
283837,Kamitakara,Unknown,Unknown,Japan,Northwestern Pacific Volcanic Regions,Northeast Japan Volcanic Arc,"Kamitakara (or Takara) volcano was the source of deposits forming the Kamitakara pyroclastic flow plateau.  The dacitic-to-rhyolitic deposits were erupted about 0.75 or 0.70 million years ago (Nakano et al., 2001-).  Ono et al. (1981) listed a Potassium-Argon date of  about 600,000 years.",36.2,137.502,1831.0,Pleistocene
283840,Kaminoroka,Unknown,Unknown,Japan,Western Pacific Volcanic Regions,Nankai Volcanic Arc,"Kaminoroka volcano produced andesitic and dacitic lava flows about 0.4-0.2 million years ago (Nakano et al., 2001-).",36.471,137.599,2465.0,Pleistocene
283838,Hodakadake,Caldera,Caldera,Japan,Western Pacific Volcanic Regions,Nankai Volcanic Arc,"Hodakadake, the highest of a rugged group of peaks in the scenic Northern Alps National Park, lies within the Hodaka Graben, the source of two major explosive eruptions about 1.75 million years ago. The eruption of the caldera-forming Nyukawa Pyroclastic Flow Deposit about 1.76 million years ago (Kimura and Nagahashi, 2007) was followed by the Ebisutoge-Fukuda Tephra, with an estimated volume of 380-490 km3 (Kataoka et al., 2001).",36.286,137.651,3190.0,Pleistocene
283839,Momisawadake,Unknown,Unknown,Japan,Western Pacific Volcanic Regions,Nankai Volcanic Arc,"Momisawadake volcano in the Northern Japan Alps was the source of a dacitic-rhyolitic pyroclastic-flow plateau. The complex includes the Sueindani vent and the Okuhida pyroclastic-flow deposit and was active sometime between about 0.65 and 0.3 million years ago (Nakano et al., 2001-).",36.364,137.611,2755.0,Pleistocene
283841,Shirouma-Oike,Composite,Stratovolcano(es),Japan,Northwestern Pacific Volcanic Regions,Northeast Japan Volcanic Arc,"The andesitic and dacitic Shirouma-Oike volcanic complex consists of the Norikura-dake stratovolcano and the Kazafuki-dake lava dome.  An older volcano was active 0.8-0.5 million years ago and younger volcano was active since 0.2 million years ago (Nakano et al., 2001-).",36.786,137.802,2469.0,Pleistocene
283842,Madarao,Composite,Stratovolcano,Japan,Northwestern Pacific Volcanic Regions,Northeast Japan Volcanic Arc,"Madarao-yama is an andesitic-to-dacitic stratovolcano and lava domes that were active about 0.7-0.55 million years ago (Nakano et al., 2001).",36.834,138.278,1382.0,Pleistocene
283843,Kurohime,Composite,Stratovolcano,Japan,Northwestern Pacific Volcanic Regions,Northeast Japan Volcanic Arc,"Kurohime is a stratovolcano and associated lava domes south of Myoko volcano that were active from about 250,000 to 50,000 years ago (Nakano et al., 2001-).",36.81,138.13,2053.0,Pleistocene
283844,Iizuna,Composite,Stratovolcano,Japan,Northwestern Pacific Volcanic Regions,Northeast Japan Volcanic Arc,"Iizuna stratovolcano south of Kurohime volcano was active about 0.34-0.15 million years ago (Nakano et al., 2001-).",36.736,138.137,1917.0,Pleistocene
283845,Motodori,Minor,Lava dome,Japan,Northwestern Pacific Volcanic Regions,Northeast Japan Volcanic Arc,"The andesitic Motodori-yama lava dome was active about 0.2 million years ago (Nakano et al., 2001-).",36.717,138.247,745.0,Pleistocene
283846,Minakami,Minor,Lava dome,Japan,Northwestern Pacific Volcanic Regions,Northeast Japan Volcanic Arc,"Minakami-yama lava dome was active about 0.3 million years ago (Nakano et al., 2001-) and is a post-caldera dome of Matsushiro volcano.",36.551,138.226,659.0,Pleistocene
283847,Eboshi,Composite,Stratovolcano,Japan,Northwestern Pacific Volcanic Regions,Northeast Japan Volcanic Arc,"The Eboshi volcano group immediately west of Asama volcano includes a group of andesitic-to-dacitic stratovolcanoes and lava domes that were active about 0.97-0.35 million years ago (Takahashi and Miyake, 2004; Takahashi, 2004).",36.43,138.39,2227.0,Pleistocene
283848,Hanamagari,Composite,Stratovolcano(es),Japan,Northwestern Pacific Volcanic Regions,Northeast Japan Volcanic Arc,"The andesitic Hanamagari-yama and neighboring Asamakakushi-yama stratovolcanoes immediately eastd of Asama volcano were active about 1.1-0.7 million years ago (Nakano et al., 2001-).",36.408,138.649,1757.0,Pleistocene
283849,Azumayasan,Composite,Stratovolcano,Japan,Northwestern Pacific Volcanic Regions,Northeast Japan Volcanic Arc,"Azumayasan is an andesitic stratovolcano and lava dome that was active about 0.9-0.3 million years ago (Nakano et al., 2001-). A plinian eruption took place about 0.3 million years ago.",36.541,138.412,2323.0,Pleistocene
283850,Omeshidake,Composite,Stratovolcano,Japan,Northwestern Pacific Volcanic Regions,Northeast Japan Volcanic Arc,"The andesitic Omeshidake stratovolcano west of Kusatsu-Shirane volcano was active about 1.1 million years ago (Nakano et al., 2001-).",36.626,138.461,2160.0,Pleistocene
283851,Takayashiro,Composite,Stratovolcano,Japan,Northwestern Pacific Volcanic Regions,Northeast Japan Volcanic Arc,"Takayashiro-yama is an andesitic stratovolcano that was active about 0.3-0.2 million years ago (Nakano et al., 2001-).",36.796,138.407,1351.0,Pleistocene
283852,Sekita,Composite,Stratovolcano?,Japan,Northwestern Pacific Volcanic Regions,Northeast Japan Volcanic Arc,"The andesitic Sekita volcano was active about 1.7-1.1 million years ago (Nakano et al., 2001-).",36.974,138.386,1289.0,Pleistocene
283853,Kenashi,Composite,Stratovolcano,Japan,Northwestern Pacific Volcanic Regions,Northeast Japan Volcanic Arc,"Kenashi-yama is an andesitic stratovolcano active about 1.6-1.0 million years ago (Nakano et al., 2001-).",36.895,138.489,1650.0,Pleistocene
283854,Torikabuto,Composite,Stratovolcano,Japan,Northwestern Pacific Volcanic Regions,Northeast Japan Volcanic Arc,"The andesitic Torikabuto-yama stratovolcano was active about 0.9-0.7 million years ago (Nakano et al., 2001-).",36.836,138.587,2038.0,Pleistocene
283855,Naeba,Composite,Stratovolcano,Japan,Northwestern Pacific Volcanic Regions,Northeast Japan Volcanic Arc,"The andesitic Naeba-san stratovolcano and caldera was active about 0.8-0.2 Ma (Nakano et al., 2001-).",36.843,138.694,2145.0,Pleistocene
283856,Iiji,Composite,Stratovolcano,Japan,Northwestern Pacific Volcanic Regions,Northeast Japan Volcanic Arc,"The andesitic Iiji-san stratovolcano was active about 0.3-0.2 million years ago (Nakano et al., 2001-).  The Iiji Moka Pumice was erupted about 0.22-0.23 million years ago.",36.953,138.836,1112.0,Pleistocene
283857,Masugata,Minor,Pyroclastic cone,Japan,Northwestern Pacific Volcanic Regions,Northeast Japan Volcanic Arc,"The andesitic Masugata-yama pyroclastic cone and lava flow was active about 1.1 million years ago (Nakano et al., 2001-).",37.075,138.833,749.0,Pleistocene
283858,Komochi-Onoko,Composite,Stratovolcano(es),Japan,Northwestern Pacific Volcanic Regions,Northeast Japan Volcanic Arc,"The Komochi-Onoko volcano group NW of Maebashi City consists of the andesitic Komochi-yama stratovolcano and lava dome on the east and andesitic Onoko-yama stratovolcano on the west.  Komochi-yama was active from about 0.9-0.2 million years and Onoko-yama from about 1.3-1.2 million years (Nakano et al., 2001-).",36.589,139.001,1296.0,Pleistocene
283863,Kinunuma-Nenakusa,Minor,Lava dome(s),Japan,Northwestern Pacific Volcanic Regions,Northeast Japan Volcanic Arc,"The dacitic Kinunuma volcano produced a lava flow and pyroclastic flow about 0.24 or 0.20 million years ago. The Kinunuma-Kurodahara tephra consists of pumice fall deposits (~5 km3) and mostly-welded pyroclastic flow deposits (less than 1 km3), erupted at 0.20-0.24 Ma. Andesitic and dacitic lava domes of the Nenakusa-yama volcano to the SE were active about 0.3 million years ago.",36.88,139.375,2141.0,Pleistocene
283859,Sukai-Kesemaru,Composite,Stratovolcano(es),Japan,Northwestern Pacific Volcanic Regions,Northeast Japan Volcanic Arc,"The basaltic-to-dacitic Sukai stratovolcano was active about 1.6-0.9 million years ago (Nakano et al., 2001-).  Koshin-zan volcano is part of the Sukai edifice, and activity of the roughly 1-million-year-old Kesemaru-yama volcano to the south overlapped with activity at Sukai-san volcano.",36.687,139.34,2144.0,Pleistocene
283860,Numanokami,Composite,Stratovolcano,Japan,Northwestern Pacific Volcanic Regions,Northeast Japan Volcanic Arc,"The andesitic Numanokami-yama stratovolcano was active about 1.1 million years ago (Nakano et al., 2001-).",36.772,139.279,1541.0,Pleistocene
283861,Hotaka,Composite,Stratovolcano,Japan,Northwestern Pacific Volcanic Regions,Northeast Japan Volcanic Arc,"The andesitic-to-dacitic Hotaka-yama volcano (also known as Joshu-Hotaka) was active about 1.2-1 million years ago (Nakano et al., 2001-).",36.802,139.136,2158.0,Pleistocene
283862,Ayame-daira,Composite,Stratovolcano(es),Japan,Northwestern Pacific Volcanic Regions,Northeast Japan Volcanic Arc,"The Ayame-daira stratovolcano south of Ozegahara in Nikko National Park was active about 1.6 million years ago (Nakano et al., 2001-).  Nikura-yama volcano lies to the SE.",36.895,139.243,1969.0,Pleistocene
283864,Nyoho-Akanagi,Composite,Stratovolcano,Japan,Northwestern Pacific Volcanic Regions,Northeast Japan Volcanic Arc,"Nyoho and Akanagi volcano consists of a basaltic-to-dacitic stratovolcano and lava dome active about 0.5-0.4 million years ago (Nakano et al., 2001-).",36.808,139.54,2483.0,Pleistocene
283869,Sunagohara,Caldera,Caldera,Japan,Northwestern Pacific Volcanic Regions,Northeast Japan Volcanic Arc,"The rhyolitic Sunagohara caldera and lava dome, east of Numazawa caldera, was active about 0.29-0.22 million years ago (Nakano et al., 2001-).  The Sunagohara-Kubota tephra is made up of pumice fall deposits (ca. 4 km3 in volume) and pyroclastic flow deposits (more than 2 km3 in volume), erupted from Sunagohara caldera at about 0.22Ma.",37.454,139.688,729.0,Pleistocene
283870,Nekoma,Composite,Stratovolcano,Japan,Northwestern Pacific Volcanic Regions,Northeast Japan Volcanic Arc,"The andesitic Nekoma volcano, immediately W of Bandai, was active about 1-0.8 million years ago (Nakano et al., 2001-). The caldera is about 3 km in diameter and contains a lake on the western side.",37.617,140.011,1404.0,Pleistocene
283865,Futamata,Composite,Stratovolcano,Japan,Northwestern Pacific Volcanic Regions,Northeast Japan Volcanic Arc,"Futamata-yama is a late Pleistocene (about 140,000 or 90,000 years old) stratovolcano and lava dome (Nakano et al., 2001-). A thick lava flow extends to the NW. It is located within the Quaternary Tonohetsuri caldera (Yamamoto, 1995; 2007). The oval-shaped Narioka caldera cuts the western rim of Tonohetsuri caldera and the western rim of the older Ono caldera. These large calderas were formed during eruption of the Kumado, Ashino, and Nishigo pyroclastic flows about 1.4, 1.2, and 1.0 million years ago, respectively.   ",37.243,139.97,1544.0,Pleistocene
283866,Aizu Nunobiki,Composite,Stratovolcano,Japan,Northwestern Pacific Volcanic Regions,Northeast Japan Volcanic Arc,"Aizu Nunobiki-yama is an andesitic-to-dacitic stratovolcano that was active about 1.4 million years ago (Nakano et al., 2001-).",37.321,140.018,1108.0,Pleistocene
283867,Asakusa,Composite,Stratovolcano,Japan,Northwestern Pacific Volcanic Regions,Northeast Japan Volcanic Arc,"Asakusa-dake is an andesitic-to-dacitic stratovolcano active about 1.7-1.5 million years ago (Nakano et al., 2001-).",37.341,139.237,1585.0,Pleistocene
283868,Sumon,Composite,Stratovolcano,Japan,Northwestern Pacific Volcanic Regions,Northeast Japan Volcanic Arc,"Sumon volcano is an andesitic stratovolcano active about 2.4-1.7 million years ago (Nakano et al., 2001-).  The main part of the edifice of Sumon-dake was constructed during the early Quaternary.",37.395,139.14,1537.0,Pleistocene
283871,Aoso,Composite,Stratovolcano,Japan,Northwestern Pacific Volcanic Regions,Northeast Japan Volcanic Arc,"Aoso volcano is an andesitic-to-dacitic stratovolcano at the SE end of the Zao massif.  Aoso-yama was active about 0.4-0.3 million years ago (Nakano et al., 2001-).  Aoso was constructed within a Pleistocene caldera.",38.082,140.611,820.0,Pleistocene
283878,Mukaimachi,Caldera,Caldera,Japan,Northwestern Pacific Volcanic Regions,Northeast Japan Volcanic Arc,"Mukaimachi is a dacitic and andesitic caldera with a post-caldera lava dome.  Post-caldera activity at Mukaimachi took place about 0.8-0.6 million years ago Nakano et al., 2001-).",38.75,140.52,657.0,Pleistocene
283872,Shirataka,Composite,Stratovolcano,Japan,Northwestern Pacific Volcanic Regions,Northeast Japan Volcanic Arc,Shirataka is an andesitic-to-dacitic stratovolcano NW of the Zao volcanic massif. Shiratakayama was active about 0.9-0.7 million years ago. Growth of a stratovolcano was followed by emplacement of a pyroclastic flow and growth of lava domes. Late-stage collapse produced a large debris avalanche and formed a 4-km-wide breached crater.,38.22,140.176,994.0,Pleistocene
283873,Ganto-Kamuro,Composite,Stratovolcano(es),Japan,Northwestern Pacific Volcanic Regions,Northeast Japan Volcanic Arc,"Ganto and Kamuro volcanoes form the Kita-Zao (North Zao) volcano group.  They were active about 0.4-0.3 million years ago (Nakano et al., 2001-).",38.196,140.48,1485.0,Pleistocene
283874,Adachi,Minor,Pyroclastic cone,Japan,Northwestern Pacific Volcanic Regions,Northeast Japan Volcanic Arc,"Adachi is a dacitic pyroclastic cone cone that was the source of the Adachi-Medeshima pumice fallout about 80,000 years ago (Nakano et al., 2001-).",38.218,140.654,,Pleistocene
283875,Daito,Composite,Stratovolcano,Japan,Northwestern Pacific Volcanic Regions,Northeast Japan Volcanic Arc,"Daito volcano is an andesitic stratovolcano NNE of the Zao volcanic massif. Daito-dake was active about 1 million years ago (Nakano et al., 2001-).",38.299,140.527,1366.0,Pleistocene
283876,Funagata,Composite,Stratovolcano(es),Japan,Northwestern Pacific Volcanic Regions,Northeast Japan Volcanic Arc,"The Funagata volcanic complex consists of two basaltic-to-andesitic stratovolcanoes NW of Sendai City.  Funagata-yama was active about 0.9-0.5 million years ago and Izumiga-take volcano about 1.5-1.1 million years ago (Nakano et al., 2001-).",38.453,140.623,1500.0,Pleistocene
283877,Gassan,Composite,Stratovolcano,Japan,Northwestern Pacific Volcanic Regions,Northeast Japan Volcanic Arc,"Gassan is a massive andesitic-to-dacitic stratovolcano south of Chokai volcano that was active about 900,000-300,000 years ago (Nakano et al., 2001-).  It was constructed with a large Pleistocene caldera.",38.546,140.03,1984.0,Pleistocene
283879,Onikobe,Caldera,Caldera,Japan,Northwestern Pacific Volcanic Regions,Northeast Japan Volcanic Arc,"Onikobe caldera, located SW of Kurikoma volcano, is one of the few calderas in Japan with evidence of ring fractures and a resurgent dome.  The Takahinata lava dome was last active about 350,000 years ago according to a fission-track date.  Onikobe was active until about 0.2 million years ago (Nakano et al., 2001-).   Geysers were said to be discovered about 1700 years ago at Onikobe, and geysers and hot springs are present today within the caldera.  ",38.83,140.695,769.0,Pleistocene
283880,Takamatsu,Composite,Stratovolcano,Japan,Northwestern Pacific Volcanic Regions,Northeast Japan Volcanic Arc,"Takamatsu volcano (Takamatsu-dake) is a dacitic stratovolcano active about 0.3 million years ago (Nakano et al., 2001-).  Takamatsu was constructed within a Pliocene caldera.",38.965,140.61,1348.0,Pleistocene
283881,Kobinai,Composite,Stratovolcano,Japan,Northwestern Pacific Volcanic Regions,Northeast Japan Volcanic Arc,"Kobanai volcano (Kobinai-yama) is an andesitic-to-dacitic stratovolcano active about 1-0.6 million years ago (Nakano et al., 2001-).",39.018,140.523,1004.0,Pleistocene
283882,Yakeishi,Composite,Stratovolcano,Japan,Northwestern Pacific Volcanic Regions,Northeast Japan Volcanic Arc,"Yakeishi volcano (Yakeishi-dake) is an andesitic stratovolcano that was active about 1-0.2 million years ago (Nakano et al., 2001-).",39.161,140.832,1548.0,Pleistocene
283883,Tazawa,Caldera,Caldera(?),Japan,Northwestern Pacific Volcanic Regions,Northeast Japan Volcanic Arc,"Tazawa was considered to be a late-Pleistocene caldera (Japan Assoc. Quat. Res. 1987), however Nakano et al. (2001-) noted that it is uncertain whether the depression was formed by volcanic activity.  The elevation listed is that of the surface of Tazawa lake.",39.718,140.665,249.0,Pleistocene
283884,Kayo,Composite,Stratovolcano,Japan,Northwestern Pacific Volcanic Regions,Northeast Japan Volcanic Arc,"Early or mid-Pleistocene (Japan Assoc. Quat. Res., 1987).      ",39.804,140.734,1254.0,Pleistocene
283885,Nyuto-Takakura,Composite,Stratovolcano(es),Japan,Northwestern Pacific Volcanic Regions,Northeast Japan Volcanic Arc,"The Nyuto-Takakura volcano group consists of Nyuto-san, Takakura-yama, Hiragakura-yama, Marumori, Sankagu-yama, Sasamori-yama, Yumori-yama volcanoes.  The basaltic-to-dacitic volcano group was active about 0.6-0.1 million years ago (Nakano et al., 2001-).",39.802,140.842,1478.0,Pleistocene
283886,Tamagawa,Caldera,Caldera,Japan,Northwestern Pacific Volcanic Regions,Northeast Japan Volcanic Arc,"The dacitic and rhyolitic Tamagawa caldera was the source of the Tamagawa Ignimbrite associated with formation of a pre-Yaka-yama caldera.  The caldera was active about 2 million and 1 million years ago (Nakano et al., 2001-).",39.897,140.781,1300.0,Pleistocene
283889,Nanashigure,Minor,Lava dome,Japan,Northwestern Pacific Volcanic Regions,Northeast Japan Volcanic Arc,"Nanashigure volcano is a Pleistocene pyroclastic-flow plateau and lava dome.   Nanashigure-yama was active about 1.1-0.9 million years ago (Nakano et al., 2001-).",40.066,141.109,1063.0,Pleistocene
283897,Daira-Komagatake,Composite,Stratovolcano,Japan,Northwestern Pacific Volcanic Regions,Northeast Japan Volcanic Arc,"Daira-Komagatake is an andesitic stratovolcano active about 0.2 million years ago (Nakano et al., 2001-).",40.41,140.255,1158.0,Pleistocene
283890,Tashiro,Composite,Stratovolcano,Japan,Northwestern Pacific Volcanic Regions,Northeast Japan Volcanic Arc,"Tashiro-dake is an andesitic stratovolcano and lava dome that is younger than about 0.6 million years (Nakano et al., 2001-).",40.426,140.412,1178.0,Pleistocene
283887,Moriyoshi,Composite,Stratovolcano,Japan,Northwestern Pacific Volcanic Regions,Northeast Japan Volcanic Arc,"Moriyoshi-zan is a basaltic-to-dacitic stratovolcano and lava dome that was active about 1.1-0.7 miilion years ago (Nakano et al., 2001-).",39.974,140.547,1454.0,Pleistocene
283888,Kanpu,Composite,Stratovolcano,Japan,Northwestern Pacific Volcanic Regions,Northeast Japan Volcanic Arc,"The small Kanpu stratovolcano lies on the Oga Peninsula along the western coast of Honshu NW of Akita City. It was at one time considered to be Holocene, but later work has shown it to be late Pleistocene. Accounts of radiocarbon dates of about 2,700 years BP for a pumice eruption followed by a pyroclastic flow (Hasenaka et al., 1992) have been revised, and the report on the 1810 ""eruption"" submitted to the Shognate was created by the people of the Akita Clan in Edo (present Tokyo) in order to receive reimbursement for damaged crops. Nakano et al. (2001-) list the age of Kanpu as less than 30,000 years, and Kudo and Hoshizumi (2006-) listed no Holocene eruptions. Kanpu produced mostly andesites (Notsu, 1983).",39.931,139.879,355.0,Pleistocene
283891,Okiura,Caldera,Caldera,Japan,Northwestern Pacific Volcanic Regions,Northeast Japan Volcanic Arc,The 15-km-wide Okiura caldera was formed by the eruption of the Aoni Tuff about 1.5 million years ago.  Post-caldera volcanoes comprise several lava domes including Kenashi-yama.,40.57,140.73,985.0,Pleistocene
283892,Mutsu-Hiuchidake,Composite,Stratovolcano,Japan,Northwestern Pacific Volcanic Regions,Northeast Japan Volcanic Arc,"Mutsu-Hiuchidake, on the Shimokita Peninsula, is the northernmost volcano on the island of Honshu. The andesitic-dacitic stratovolcano is Pleistocene in age, with dated activity during an interval ranging from about 700,000 to 50,000 years ago, although fumarolic activity continues.",41.436,141.056,781.0,Pleistocene
284800,Udonejima,Composite,Stratovolcano,Japan,Northwestern Pacific Volcanic Regions,Izu Volcanic Arc,"Udonejima, though techincally part of the Izu Volcanic Arc, is actually considered to be situated just behind the true volcanic front, along a line of volcanoes that is oblique to the Izu Trench. The volcanic rocks of this lineament are characterized by high-alumina basalts, calc-alkaline basalts, andesites, and rhyolites (Onuma et al., 1983). The andesites are rich in pyroxene, and the rhyolites often contain hypersthene, hornblende, and biotite (Onuma et al., 1983). 
",34.469,139.297,209.0,Pleistocene
284802,Inambajima,Minor,Lava dome,Japan,Northwestern Pacific Volcanic Regions,Izu Volcanic Arc,,33.648,139.302,74.0,Pleistocene
284801,Onoharajima,Minor,Lava dome,Japan,Northwestern Pacific Volcanic Regions,Izu Volcanic Arc,"Onoharajima is considered to be situated behind the true front of the Izu Volcanic Arc, along a line of volcanoes that is oblique to the Izu Trench. The volcanic rocks of this lineament are characterized by high-alumina basalts, calc-alkaline basalts, andesites, and rhyolites (Onuma et al., 1983). Onoharajima is dominated by andesites of calc-alkaline composition (Onuma et al., 1983). 
",34.045,139.387,114.0,Pleistocene
284803,Tracey Seamount,Composite,Stratovolcano,United States,Northwestern Pacific Volcanic Regions,Mariana Volcanic Arc,"The conical Tracey Seamount, ~50 km W of the northern end of Guam, had pumice dredged from the summit (Corwin, 1971).      ",13.6351,144.4086,-780.0,Pleistocene
285062,Shikaribetsu Group,Cluster,Lava dome(s),Japan,Northwestern Pacific Volcanic Regions,Kuril Volcanic Arc,"Shikaribetsu consists of a group of andesitic-to-dacitic lava domes west and south of Lake Shikaribetsu in central Hokkaido. The youngest domes were constructed along a ENE-WSW line south of the lake. The largest dome, Higashi-Nupukaushinupuri, was built at the SW, breached end of a horseshoe-shaped crater. Two or more large debris-avalanche deposits extend to the south. Although the Japan Association of Quaternary Research (1987) mapped the youngest domes as Holocene, and Nakano et al. (2001-) indicated that the age of the latest eruptions was less than 20,000 years, Hayakawa (2009, pers. comm.) stated that there was no evidence of Holocene eruptions.",43.267,143.1,1401.0,Pleistocene
285803,Esan Maruyama,Composite,Stratovolcano,Japan,Northwestern Pacific Volcanic Regions,Northeast Japan Volcanic Arc,"Esan Maruyama, an andesitic stratovolcano lying NW of E-san volcano, was active about 0.2 million years ago (Nakano et al., 2001-).",41.849,141.097,691.0,Pleistocene
285804,Yokotsu,Composite,Stratovolcano,Japan,Northwestern Pacific Volcanic Regions,Northeast Japan Volcanic Arc,"Most of Yokotsu-dake volcano formed during the Pliocene, but Nakitsura-yama on the east side was probably constructed during the late Quaternary (Nakano et al., 2001-).",41.935,140.775,1167.0,Pleistocene
285839,Oshima-Kojima,Composite,Stratovolcano,Japan,Northwestern Pacific Volcanic Regions,Northeast Japan Volcanic Arc,"Oshima-Kojima, also known as Matsumae-Kojima, is an andesitic stratovolcano whose summit forms a small island off the SW tip of Hokkaido (Nakano et al., 2001-).",41.355,139.811,282.0,Pleistocene
285800,Oshima Maruyama,Composite,Stratovolcano,Japan,Northwestern Pacific Volcanic Regions,Northeast Japan Volcanic Arc,"Oshima Maruyama, a Pleistocene stratovolcano and lava dome near the SW tip of Hokkaido, was active from about 2.5-1.5 million years ago.",41.54,140.375,855.0,Pleistocene
285801,Hakodateyama,Composite,Stratovolcano,Japan,Northwestern Pacific Volcanic Regions,Northeast Japan Volcanic Arc,"Hakodateyama, a low dacitic stratovolcano, rises above the city of Hakodate in SW Hokkaido.",41.757,140.708,333.0,Pleistocene
285802,Zenikame,Caldera,Caldera,Japan,Northwestern Pacific Volcanic Regions,Northeast Japan Volcanic Arc,"A 2-km-wide shallow submarine caldera just off the SW tip of Hokkaido, SE of Hakodate City reaches to within 30 m of the ocean surface. It was the source of the Zenikame-Menagawa (Z-M) tephra about 33,000-45,000 years ago.",41.706,140.814,-30.0,Pleistocene
285805,Nigorikawa,Caldera,Caldera,Japan,Northwestern Pacific Volcanic Regions,Northeast Japan Volcanic Arc,"The Mori geothermal field is located in the late-Pleistocene Nigorikawa caldera in SW Hokkaido. The small 3-km-wide caldera along the shores of Uchiura Bay WNW of Komagatake volcano, was formed during a major explosive eruption about 12,000 years ago. The caldera-forming eruption included the emplacement of pyroclastic-fall and -surge deposits and pyroclastic-flow deposits that extend north and west to the Pacific coast. The flat-bottomed caldera floor is intersected by roads and houses of the town of Nigorigawa, and a river of the same name drains the caldera to the NE through a notch in the caldera rim.",42.12,140.45,356.0,Pleistocene
285806,Okushiri-Katsumayama,Shield,Shield,Japan,Northwestern Pacific Volcanic Regions,Northeast Japan Volcanic Arc,"Okushiri-Katsumayama volcano lies at the northern end of Okushiri Island off the SW coast of Hokkaido and consists of three centers, Horonaigawa caldera, Katsumayama and Nishi-Katsumayama. They were active about 0.7-0.2 million years ago (Kano et al., 2006).",42.193,139.468,428.0,Pleistocene
285807,Kariba,Composite,Stratovolcano,Japan,Northwestern Pacific Volcanic Regions,Northeast Japan Volcanic Arc,"Kariba-yama, an andesitic stratovolcano along the SW coast of Hokkaido, was active about 0.8-0.25 million years ago (Nakano et al., 2001-).",42.611,139.944,1520.0,Pleistocene
285808,Washibetsu,Composite,Stratovolcano,Japan,Northwestern Pacific Volcanic Regions,Northeast Japan Volcanic Arc,"Washibetsu-dake volcano, an andesitic stratovolcano SE of Usu volcano, was active about 0.5 million years ago (Nakano et al., 2001-).",42.433,141.007,911.0,Pleistocene
285810,Akaigawa,Composite,Stratovolcano,Japan,Northwestern Pacific Volcanic Regions,Northeast Japan Volcanic Arc,"Akaigawa, a  late-Pliocene double caldera containing several somma volcanoes, was active about 1.7-1.3 million years ago (Nakano et al., 2001-).",43.08,140.82,725.0,Pleistocene
285811,Shiribetsu,Composite,Stratovolcano,Japan,Northwestern Pacific Volcanic Regions,Northeast Japan Volcanic Arc,"Shiribetsu volcano, located immediately SE of Yotei volcano in southwestern Hokkaido, is a small, 1107-m-high andesitic stratovolcano that contains a 1.5-km-wide crater breached widely to the west.  It was created by a massive debris avalanche that removed the summit and swept more than 7 km to the west, forming a hummocky deposit at the SE foot of Yotei volcano.  Shiribetsu volcano was mapped as Holocene in age (Japan Association of Quaternary Research, 1987), however Nakano et al. (2001-) list its age as several hundred thousand years.      ",42.767,140.916,1107.0,Pleistocene
285812,Orofure-Raiba,Composite,Stratovolcano(es),Japan,Northwestern Pacific Volcanic Regions,Northeast Japan Volcanic Arc,"The Orofure-Raibe volcano group consists of Orofure-yama and Raibe-dake andesitic stratovolcanoes lying immediately west of Kuttara volcano.  They were active about 0.6 million years ago (Nakano et al., 2001-).",42.563,141.091,1231.0,Pleistocene
285813,Horohoro-Tokushumbetsu,Composite,Stratovolcano(es),Japan,Northwestern Pacific Volcanic Regions,Northeast Japan Volcanic Arc,"The andesitic Horohoro-yama and Tokushumbetsu volcanoes were active about 0.7 or 0.6 million years ago (Nakano et al., 2001-).",42.631,141.146,1322.0,Pleistocene
285809,Raiden,Composite,Stratovolcano(es),Japan,Northwestern Pacific Volcanic Regions,Northeast Japan Volcanic Arc,"The Raiden-yama volcano complex along the SW coast of Hokkaido consists of  Raiden-yama, Iwanai-dake and Mekunnai-dake volcanoes and was active about 1.4-0.8 million years ago (Nakano et al., 2001-).",42.901,140.473,1212.0,Pleistocene
285814,Soranuma,Shield,Shield,Japan,Northwestern Pacific Volcanic Regions,Northeast Japan Volcanic Arc,"Soranuma, a small andesitic shield volcano and lava flow, was active about 0.8 million years ago (Nakano et al., 2001-).",42.863,141.257,1251.0,Pleistocene
285815,Sapporo,Shield,Shield,Japan,Northwestern Pacific Volcanic Regions,Northeast Japan Volcanic Arc,"Sapporo volcano (Sapporo-dake), a small andesitic shield volcano and lava flow, was active about 0.8 million years ago (Nakano et al., 2001-).",42.898,141.204,1294.0,Pleistocene
285816,Tomuraushi Volcanic Group,Composite,Stratovolcano(es),Japan,Northwestern Pacific Volcanic Regions,Kuril Volcanic Arc,"The andesitic-to-dacitic Tomuraushi) volcano group located between Tokachi and Daisetsu volcanoes consists of a half dozen stratovolcanoes and lava domes that were active about 1.1-0.1 million years ago (Nakano et al., 2001-).",43.525,142.852,2141.0,Pleistocene
285817,Chubetsu,Composite,Stratovolcano,Japan,Northwestern Pacific Volcanic Regions,Kuril Volcanic Arc,"Chubetsu volcano (Chubetsu-dake or Tyubetu-dake), an andesitic stratovolcano SE of Daisetsu volcano, was active about 1-0.8 million years ago (Nakano et al., 2001-).",43.589,142.898,1963.0,Pleistocene
285823,Tokachi-Eboshi,Minor,Lava dome(s),Japan,Northwestern Pacific Volcanic Regions,Kuril Volcanic Arc,"The Tokachi-Eboshi volcano group consists of several lava domes and volcanic necks that were active about 1.8-0.7 million years ago (Nakano et al., 2001-).",43.376,143.133,1291.0,Pleistocene
285818,Niseikaushuppe,Composite,Stratovolcano,Japan,Northwestern Pacific Volcanic Regions,Kuril Volcanic Arc,"The basaltic Niseikaushuppe-dake stratovolcano was active about 1.1 million years ago (Nakano et al., 2001-).",43.777,142.989,1883.0,Pleistocene
285819,Tengu-Hirayama,Composite,Stratovolcano(es),Japan,Northwestern Pacific Volcanic Regions,Kuril Volcanic Arc,"The Tengu-Hirayama volcano group consists of the andesitic-to-dacitic Tengu and Hira-yama volcanoes.  They were active about 1.3-1.0 million years ago (Nakano et al., 2001-).  Ariake-yama and Hirami-yama form the high points of Tengu and Hira-yama volcanoes, respectively.  The northern part of this area contains the 1.6-1.3 million year Kitamitoge volcanic rocks.",43.776,143.016,1796.0,Pleistocene
285820,Shiitokoro,Minor,Lava dome,Japan,Northwestern Pacific Volcanic Regions,Kuril Volcanic Arc,"Shiitokoro-yama, an andesitic-to-dacitic lava dome and lava flow, was active about 1.4 million years ago (Nakano et al., 2001-).",43.61,143.184,1336.0,Pleistocene
285821,Kumaneshiri,Composite,Stratovolcano(es),Japan,Northwestern Pacific Volcanic Regions,Kuril Volcanic Arc,"Kumaneshiri volcano consists of two andesitic-to-dacitic stratovolcanoes, Nishi-Kumaneshiri-dake and Kumaneshiri-dake, that were active about 1.3 million years ago (Nakano et al., 2001-).",43.52,143.237,1635.0,Pleistocene
285822,Tokachi-Mitsumata,Caldera,Caldera,Japan,Northwestern Pacific Volcanic Regions,Kuril Volcanic Arc,"Tokachi-Mitsumata, a rhyolitic caldera that was the source of the Muka and Meto pyroclastic flows, was active about 0.6-0.3 million years ago (Nakano et al., 2001-).  Ishii et al. (2008) listed dates of around 1 million years ago for formation of the Tokachi-Mitsumata caldera.",43.52,143.15,700.0,Pleistocene
285824,Birao,Composite,Stratovolcano(es),Japan,Northwestern Pacific Volcanic Regions,Kuril Volcanic Arc,"The Birao volcano group consists of Birao-yama and Sattomonai andesitic-to-rhyolotic stratovolcanoes.  Birao volcano was active about 0.5-0.3 million years ago and Sattomonai volcano about 0.1 million years ago (Nakano et al, 2001-).",43.498,144.408,554.0,Pleistocene
285825,Samakkenupuri,Composite,Stratovolcano,Japan,Northwestern Pacific Volcanic Regions,Kuril Volcanic Arc,"Samakkenupuri volcano volcano consists of the andesitic Samakkenupuri-yama and Shibetsu-dake stratovolcanoes that were active about 1.1-0.8 million years ago (Nakano et al., 2001-).",43.681,144.736,1063.0,Pleistocene
285826,Musa,Composite,Stratovolcano(es),Japan,Northwestern Pacific Volcanic Regions,Kuril Volcanic Arc,"The andesitic-to-dacitic Musa-dake volcano was active about 0.9-0.5 million years ago (Nakano et al., 2001-).",43.676,144.886,1006.0,Pleistocene
285827,Shari,Composite,Stratovolcano,Japan,Northwestern Pacific Volcanic Regions,Kuril Volcanic Arc,"The andesitic-to-dacitic Shari-dake volcano was active about 0.3-0.25 million years ago (Nakano et al., 2001-).",43.763,144.722,1545.0,Pleistocene
285828,Unabetsu,Composite,Stratovolcano,Japan,Northwestern Pacific Volcanic Regions,Kuril Volcanic Arc,"The basaltic-to-andesitic Unabetsu-dake stratovolcano was active about 0.9-0.5 million years ago (Nakano et al., 2001-).",43.874,144.881,1419.0,Pleistocene
285829,Onnebetsu,Composite,Stratovolcano,Japan,Northwestern Pacific Volcanic Regions,Kuril Volcanic Arc,"Onnebetsu volcano was active about 0.4-0.2 million years ago and Chinishibetsu volcano about 0.2-0.1 million years ago (Nakano et al., 2001-).",43.991,145.017,1331.0,Pleistocene
285830,Shiretoko,Composite,Stratovolcano,Japan,Northwestern Pacific Volcanic Regions,Kuril Volcanic Arc,"Shiretoko volcano, the NE-most in Hokkaido, was active about 0.6-0.2 million years ago (Nakano et al., 2001-).  The andesitic Shiretoko-dake volcano lies at the tip of the Shiretoko Peninsula.",44.23,145.278,1254.0,Pleistocene
290041,Moekeshiwan [Lvinaya Past],Caldera,Stratovolcano,Japan - administered by Russia,Northwestern Pacific Volcanic Regions,Kuril Volcanic Arc,"The rim of the 7 x 9 km Moekeshiwan [Lvinaya Past] caldera on southern Iturup Island drops to 50 m below sea level on the NW side. Lvinaya Past, meaning Lion's Jaw, derives from a rock formation resembling a sleeping lion. The caldera is breached on the NW, where a shallow 5-km-wide passage opens to the Sea of Okhotsk. The caldera floor is about 550 m below sea level and lies almost 1 km below the caldera rim. Radiocarbon dating places caldera formation in the late Pleistocene, around about 12,300 years ago (see Smirnov et al., 2025), which deposited thick dacitic pumice deposits that form the 50-60 m high Yuzhny (Southern) isthmus. No post-caldera features or activity have been reported. This volcano is not included in the list of active volcanoes by the Japan Meteorological Agency (2013).",44.608,146.994,495.0,Pleistocene
290061,Kuril Arc at 45.0°N,Composite,Stratovolcano,Japan - administered by Russia,Northwestern Pacific Volcanic Regions,Kuril Volcanic Arc,"Designated as ""Volcano 8.10"" in a catalog of submarine Kuril Arc volcanic centers (Avdeiko, 1992), this seamount is located ~22 km NNW of the Iturup Island peninsula with Etorofu-Atosanupuri stratovolcano. Although Gushchenko (1979) listed a submarine eruption in 1967 based on an oral communication from Gushkov, the description is more consistent with hydrothermal activity and dredging of nearby volcanic material. Blokh et al. (2021) summarized findings from 1982-1989 R/V Vulcanologist cruises, describing a large edifice with a flat summit area (~1.8 km diameter) and a peak at ~120 m depth; sounds detected during a September 1987 cruise were interpreted as ""gas-hydrothermal"" activity.  The flat top of the edifice suggested a pre-Holocene age to Blokh et al. (2021), which they linked to erosion in the late Pleistocene that resulted in a sedimentary layer on the lower slopes.",45.0166,147.0245,-126.0,Pleistocene
290091,Rucharu [Golets-Tornyi Group],Minor,Pyroclastic cone(s),Japan - administered by Russia,Northwestern Pacific Volcanic Regions,Kuril Volcanic Arc,"Rucharu, with the small cones of Golets and Tornyi, is SW of Moyorodake (Medvezhia) volcano at one of the narrowest parts of Iturup Island, and formed during the late Pleistocene or early Holocene. A small lava flow from the Tornyi cone reportedly occupies a broad glacial cirque. The andesitic-dacitic Golets cone, constructed above the eroded remnants of the Pleistocene Parusnaya Mountain volcano, produced lava flows that reached the coast. Those features are on the NE side of the Vetrovoi Isthmus (or Ruchuru) Caldera, a 6-7 km wide feature formed during a Pleistocene submarine eruption; a 1-km-wide explosion crater with a small cone (Klumba) is on its western margin (Gorshkov 1970).",45.25,148.3,442.0,Pleistocene
290110,Rakkibetsudake [Demon],Composite,Stratovolcano,Japan - administered by Russia,Northwestern Pacific Volcanic Regions,Kuril Volcanic Arc,"Rakkibetsudake [Demon], along with the Pleistocene Kamui volcano, forms the northern peninsula of the NW end of Iturup Island. Gorshkov (1970) wrote that the large cone was built in the Holocene, with lavas that ""flooded U-shaped valleys of the second glaciation"" and late activity was ""an eastward-directed explosion"" followed by ""subsequent erosion [that] cut a large canyon through from the caldera to the shore of Vries Strait."" No subsequent work is known that supports this directed-blast interpretation of the existing partially filled scarp open to the ENE, or that describes any Holocene eruptions. Unlike Moyorodake volcano on the peninsula to the S, this volcanic complex is not included in the list of active volcanoes by the Japan Meteorological Agency (2013). It is listed as late Pleistocene by Nakano et al. (2001-).",45.501,148.8608,1167.0,Pleistocene
290112,Rudakov,Composite,Stratovolcano,Russia,Northwestern Pacific Volcanic Regions,Kuril Volcanic Arc,"The small Rudakov stratovolcano is on the NW side of the Tokotan Isthmus on the Sea of Okhotsk coast of central Urup Island. The basaltic andesite cone has a 500-m-diameter summit crater containing a 300-m-diameter lake. The age was considered to be late Pleistocene or early Holocene by Gorshkov (1970), but no later research is known that describes or dates eruption deposits.",45.8719,149.8233,532.0,Pleistocene
290113,Tri Sestry,Composite,Stratovolcano,Russia,Northwestern Pacific Volcanic Regions,Kuril Volcanic Arc,"The Tri Sestry (""Three Sisters"") volcanic complex is located in the center of Urup Island, in the south-central Kuril Islands. Erosion of this andesitic massif has cut deep ravines on the flanks and produced multiple peaks around a river valley open to the NNE. The southern range of those peaks is known as Petr Shmidt Ridge. A summit lava dome was considered by Gorshkov (1970) to have been active during either the late Pleistocene or early Holocene; hot springs were reported along the coast to the NW. No later research is known that describes or dates eruption deposits.",45.9256,149.9222,998.0,Pleistocene
290160,Arkhangelsky,Composite,Stratovolcano,Russia,Northwestern Pacific Volcanic Regions,Kuril Volcanic Arc,"The Arkhangelsky volcanic massif, designated as ""Volcano 6.12"" in a catalog of submarine Kuril Arc volcanic centers (Avdeiko, 1992), is located in the Bussol Strait between Simushir and Urup Islands, E of Chirpoi. In their review of research on this volcano, Blokh et al. (2019) describes it as follows: ""The size of the massif at the base is 39 x 22 km, and the flat top measuring 4 x 21 km is located at a depth of ~50–600 m."" They also note that the edifice slopes are steep and uneven, with large landslide blocks at the SSE base. Based mainly on the flat eroded top, Blokh et al. (2019) stated that the massif, composed of basalts and basaltic andesites, ""most likely formed no later than the late Pleistocene"" when it was subject to a long period of erosion near sea level and then underwent subsidence.",46.5165,151.4124,-360.0,Pleistocene
290800,Urbich Caldera,Caldera,Caldera(s),Japan - administered by Russia,Northwestern Pacific Volcanic Regions,Kuril Volcanic Arc,"The 6-km-wide Urbich caldera (also known as Urumombetsu), formed during a Pleistocene interglacial period and hosts a freshwater lake. No activity has occurred during the Holocene (Gorshkov, 1970). Urbich partially overlies the Rokko caldera. ",44.6252,147.2005,716.0,Pleistocene
290802,Tsirk,Caldera,Caldera,Japan - administered by Russia,Northwestern Pacific Volcanic Regions,Kuril Volcanic Arc,The 6-km-wide Tsirk caldera formed during the Pleistocene.  The caldera floor contains a hot lake (Gorshkov 1970).      ,45.4,148.58,853.0,Pleistocene
290804,Antipin,Composite,Stratovolcano,Russia,Northwestern Pacific Volcanic Regions,Kuril Volcanic Arc,,46.15,150.23,1120.0,Pleistocene
290805,Gora Desantnaya,Composite,Stratovolcano,Russia,Northwestern Pacific Volcanic Regions,Kuril Volcanic Arc,,46.192,150.369,847.0,Pleistocene
290806,Brontona Island,Unknown,Unknown,Russia,Northwestern Pacific Volcanic Regions,Kuril Volcanic Arc,Pleistocene according to Gorshkov (1970) map.,46.721,150.733,,Pleistocene
290807,Ikanmikot,Composite,Stratovolcano,Russia,Northwestern Pacific Volcanic Regions,Kuril Volcanic Arc,,46.964,152.07,614.0,Pleistocene
290808,Kuntomintar,Composite,Stratovolcano,Russia,Northwestern Pacific Volcanic Regions,Kuril Volcanic Arc,"Kuntomintar is a Pleistocene andesitic stratovolcano at the southern end of Shiashkotan Island in the central Kuriles. A central cone fills a 4-4.5 km caldera, whose rim is visible on the NE side. A second caldera on the west side is breached to the west. An Ainu village that reportedly was destroyed by an eruption in 1872 was later found to be located near Sinarka volcano (Gorshkov, 1970). The only known postglacial activity is continuous solfataric activity that originates near the east wall of the inner caldera and a nearby hot sulfur spring.",48.75,154.02,828.0,Pleistocene
290809,Shestakov,Composite,Stratovolcano,Russia,Northwestern Pacific Volcanic Regions,Kuril Volcanic Arc,"Shestakov is an eroded volcanic complex in the north-central part of Onekotan Island, south of the Nemo Peak caldera system. Gorshkov (1970) notes that this ""massif was formed in preglacial times and then underwent glacial abrasion and postglacial erosion to such a degree that at present it is extremely difficult to restore its original form."" No age information is known for the Shestakov volcanics, but it was not included in Gorshkov (1958, CAVW) or the IAVCEI Post-Miocene Volcanoes of the World (1973-80).",49.4824,154.7589,678.0,Pleistocene
290810,Avos' Rocks,Unknown,Unknown,Russia,Northwestern Pacific Volcanic Regions,Kuril Volcanic Arc,,49.72,154.12,35.0,Pleistocene
290811,Makanru Island,Composite,Stratovolcano,Russia,Northwestern Pacific Volcanic Regions,Kuril Volcanic Arc,Mapped as Pleistocene (Gorshkov 1970).,49.785,154.429,1136.0,Pleistocene
300001,Mashkovtsev,Composite,Stratovolcano,Russia,Northwestern Pacific Volcanic Regions,Kuril Volcanic Arc,"The small basaltic Mashkovtsev stratovolcano forms a peninsula on the Sea of Okhotsk near the southern tip of the Kamchatka Peninsula. It was considered Holocene by Masurenkov (1980), and there is a postglacial summit cone (Sviatlovsky 1959). Two basaltic cones are located to the north. This was not included by Ponomareva et al. (2007) in their review of Holocene volcanoes in Kamchatka.",51.1,156.72,503.0,Pleistocene
300041,Kell,Composite,Stratovolcano(es),Russia,Northwestern Pacific Volcanic Regions,Kuril Volcanic Arc,"Kell volcano is a small stratovolcano considered to be Holocene by Masurenkov (1980), located within the Prizrak caldera immediately north of Zheltovsky volcano. This remote volcanic complex consists of three partially nested 3-5 km wide calderas containing lava domes and several small stratovolcanoes, the largest of which is Kell. This was not included by Ponomareva et al. (2007) in their review of Holocene volcanoes in Kamchatka.",51.65,157.35,900.0,Pleistocene
300042,Belenkaya,Composite,Stratovolcano,Russia,Northwestern Pacific Volcanic Regions,Kuril Volcanic Arc,Belenkaya is a small basaltic volcano considered to be Holocene by Masurenkov (1980) that lies SW of Ksudach and NW of Kell. The conical stratovolcano rises 700 m above a topographic low in the center of the southern Kamchatka Peninsula. This was not included by Ponomareva et al. (2007) in their review of Holocene volcanoes in Kamchatka.,51.75,157.27,892.0,Pleistocene
300054,Piratkovsky,Composite,Stratovolcano,Russia,Northwestern Pacific Volcanic Regions,Kuril Volcanic Arc,"Piratkovsky, identified by Masurenkov (1980) as a mid-Pleistocene to Holocene stratovolcano with a small caldera, is  NE of Khodutka volcano. It partially overlaps Pleistocene volcanoes to the NW and lies at the eastern margin of the Quaternary volcanic chain of southern Kamchatka. This was not included by Ponomareva et al. (2007) in their review of Holocene volcanoes in Kamchatka.",52.113,157.849,1322.0,Pleistocene
300055,Ostanets,Shield,Shield(s),Russia,Northwestern Pacific Volcanic Regions,Kuril Volcanic Arc,"The Ostanets shield volcano, considered to be Holocene by Masurenkov (1980), is located south of the Pleistocene Savan volcano surrounded by a large group of late-Pleistocene to Holocene cinder cones. Small pyroclastic cone groups also occur north and east of Igolki volcano, ~30 km SW of Savan. This was not included by Ponomareva et al. (2007) in their review of Holocene volcanoes in Kamchatka.",52.146,157.322,719.0,Pleistocene
300056,Otdelniy,Shield,Pyroclastic cone(s),Russia,Northwestern Pacific Volcanic Regions,Kuril Volcanic Arc,"The Otdelniy shield volcano, considered early Holocene by Masurenkov (1980), lies east of the Savan River, across from the Pleistocene Savan volcano. It, along with adjacent shield volcanoes and a large group of late-Pleistocene to Holocene basaltic pyroclastic cones, is about halfway between Khodutka and Opala volcanoes. Three groups of late-Pleistocene to Holocene pyroclastic cones and associated lava fields are also located along a roughly 20-km-wide area between the Opala and Savan rivers, SE, S, and SW of Opala. This was not included by Ponomareva et al. (2007) in their review of Holocene volcanoes in Kamchatka.",52.221,157.435,814.0,Pleistocene
300057,Golaya,Composite,Stratovolcano,Russia,Northwestern Pacific Volcanic Regions,Kuril Volcanic Arc,"Golaya is a small basaltic stratovolcano of Pleistocene-to-Holocene age  (Masurenkov, 1980) south of Asacha volcano. It is elongated in a N-S direction and overlooks small shield volcanoes and cinder cones related to regional basaltic volcanism near the headwaters of the Asacha River. This was not included by Ponomareva et al. (2007) in their review of Holocene volcanoes in Kamchatka.",52.263,157.787,858.0,Pleistocene
300087,Karymshina,Caldera,Caldera,Russia,Northwestern Pacific Volcanic Regions,Kuril Volcanic Arc,"The large 15 x 25 km early Pleistocene Karymshina caldera is located SW of Petropavlovsk-Kamchatskiy and N of Gorely volcano. It produced about 800 km3 of rhyolitic ignimbrite about 1.78 million years ago, followed by rhyolitic post-caldera extrusive material (Bindeman et al, 2019). There are about a dozen extrusive domes surrounding the structure. Reported K-Ar dates from the domes are in the 2.2-0.5 Ma range. The Bolshe-Banny geothermal field is at the NW edge of the caldera area.",52.8,158.0,1200.0,Pleistocene
300201,Schmidt,Shield,Shield,Russia,Northwestern Pacific Volcanic Regions,Eastern Kamchatka Volcanic Arc,"Schmidt volcano is a large mid- to late-Pleistocene eroded shield-like volcano located N of Kronotsky volcano and SW of Gamchen (Lutchitsky, 1974). A dike complex is prominent along a NE-trending fault zone. Andreev et al. (1988) reported that following the cessation of Pleistocene activity, regional basaltic volcanism produced some monogenetic cinder cones on the E and NE flanks during the Holocene. However, Ponomareva et al. (2007) did not include this volcano as a Holocene center.",54.92,160.63,2020.0,Pleistocene
300290,Maly Payalpan,Shield,Shield(s),Russia,Northwestern Pacific Volcanic Regions,Central Kamchatka Volcanic Arc,"Maly Payalpan (Little Payalpan) is a small Quaternary shield-like volcano NE of Ichinsky. Andesitic lava domes of uncertain age are located to the south. It is of basaltic andesite to andesitic composition and was constructed on top of a late-Pliocene to early Pleistocene alkaline basaltic plateau. Basaltic cinder cones of  late-Pleistocene to possible Holocene age are on the edifice. Early geological studies in the Sredinny Range (Ogorodov et al., 1972) assigned Holocene ages based on morphology, but later work noted that these volcanoes appear younger because they have less tephra cover than those in eastern Kamchatka. Researchers such as Ponomareva et al. (2007) do not consider this volcano to be Holocene.",55.82,157.98,1802.0,Pleistocene
300300,Bolshoi Payalpan,Shield,Shield(s),Russia,Northwestern Pacific Volcanic Regions,Central Kamchatka Volcanic Arc,"The Quaternary shield-like Bolshoi Payalpan (Big Payalpan) volcano is north of Ichinsky in the southern Sredinny Range. It is of dominantly basaltic andesite to andesitic composition and overlain by a late-Pleistocene to possible Holocene age basaltic cinder cones. The Pleistocene Payalpan shield volcano is located immediately SW of Bolshoi Payalpan, and itself has several lava flows of possible Holocene age that descend its NW and SE flanks. Early geological studies in the Sredinny Range (Ogorodov et al., 1972) assigned Holocene ages based on morphology, but later work noted that these volcanoes appear younger because they have less tephra cover than those in eastern Kamchatka. Researchers such as Ponomareva et al. (2007) do not consider this volcano to be Holocene.",55.88,157.78,1906.0,Pleistocene
300310,Plosky,Shield,Shield,Russia,Northwestern Pacific Volcanic Regions,Central Kamchatka Volcanic Arc,"The small Quaternary shield-like Plosky volcano south of the Bolshaya Kimitina River is SE of Ichinsky near the SE margin of the Sredinny Range. The summit consists of a small basaltic stratovolcano overtopping the lava shield. Early geological studies in the Sredinny Range (Ogorodov et al., 1972) assigned Holocene ages based on morphology, but later work noted that these volcanoes appear younger because they have less tephra cover than those in eastern Kamchatka. Researchers such as Ponomareva et al. (2007) do not consider this volcano to be Holocene.",55.1865,158.4784,1200.0,Pleistocene
300320,Akhtang,Shield,Shield,Russia,Northwestern Pacific Volcanic Regions,Central Kamchatka Volcanic Arc,The late Pleistocene Akhtang Massif is located between the Bolshaya Kimitina and Kozyrevka rivers SE of Ichinsky volcano in the southern Sredinny Range. This stratovolcano is at the NE end of line of smaller monogenetic cones extending about 16 km SE. Volynets et al. (2020) obtained K-Ar dates of about 250-310 ka from lava samples taken near the youngest cones at the SW end of the chain.,55.43,158.65,1956.0,Pleistocene
300330,Kozyrevsky,Shield,Shield,Russia,Northwestern Pacific Volcanic Regions,Central Kamchatka Volcanic Arc,"Kozyrevsky is a small Quaternary basaltic to basaltic andesite shield-like volcano located east of the Bystraya River, ~40 km E of Ichinsky in the southern Sredinny Range. It is topped by a small stratovolcano and has a large cinder cone on the SW flank. Early geological studies in the Sredinny Range (Ogorodov et al., 1972) assigned Holocene ages based on morphology, but later work noted that these volcanoes appear younger because they have less tephra cover than those in eastern Kamchatka. Researchers such as Ponomareva et al. (2007) do not consider this volcano to be Holocene.",55.637,158.368,2004.0,Pleistocene
300340,Romanovka,Composite,Stratovolcano,Russia,Northwestern Pacific Volcanic Regions,Central Kamchatka Volcanic Arc,"Romanovka is a small Quaternary stratovolcano immediately north of the Kozyrevka River in the southern Sredinny Range. A broad area of cinder cones and associated lava flows is present on both sides of the river and extends primarily to the east of the volcano to the SE margin of the Sredinny Range. Early geological studies in the Sredinny Range (Ogorodov et al., 1972) assigned Holocene ages based on morphology, but later work noted that these volcanoes appear younger because they have less tephra cover than those in eastern Kamchatka. Researchers such as Ponomareva et al. (2007) do not consider this volcano to be Holocene.",55.65,158.8,1442.0,Pleistocene
300350,Uksichan,Shield,Shield,Russia,Northwestern Pacific Volcanic Regions,Central Kamchatka Volcanic Arc,"The large gently dipping shield-like Uksichan volcano covers 1,850 km2, and is the largest of the Sredinny Range with a 300 km3 volume. Several dacitic domes fill the 12-km-wide central caldera; the largest of these rises 900 m above the caldera floor to form the summit. Initial lava flows traveled up to 15-20 km, but later flows were thicker and more viscous. In contrast to the W and NW flanks, which consist exclusively of lava flows, the E and SE flanks contain substantial amounts of pyroclastic material. Cinder cones and small shields are located on the flanks. Early geological studies in the Sredinny Range (Ogorodov et al., 1972) assigned Holocene ages based on morphology, but later work noted that these volcanoes appear younger because they have less tephra cover than those in eastern Kamchatka. Researchers such as Ponomareva et al. (2007) do not consider this volcano to be Holocene.",56.08,158.38,1692.0,Pleistocene
300370,Kulkev,Shield,Shield,Russia,Northwestern Pacific Volcanic Regions,Central Kamchatka Volcanic Arc,"Kulkev is a small Quaternary basaltic to basaltic andesite shield-like volcano in the southern Sredinny Range that is dwarfed by its massive neighbor immediately to the south, Uksichan.Early geological studies in the Sredinny Range (Ogorodov et al., 1972) assigned Holocene ages based on morphology, but later work noted that these volcanoes appear younger because they have less tephra cover than those in eastern Kamchatka. Researchers such as Ponomareva et al. (2007) do not consider this volcano to be Holocene.",56.37,158.37,915.0,Pleistocene
300380,Geodesistov,Shield,Shield,Russia,Northwestern Pacific Volcanic Regions,Central Kamchatka Volcanic Arc,"Geodesistov is a small basaltic to basaltic andesite shield-like volcano immediately WNW of the larger Anaun in the southern Sredinny Range. A small cone with a lava flow was constructed to the WSW, and a small lava field is to the south. Early geological studies in the Sredinny Range (Ogorodov et al., 1972) assigned Holocene ages based on morphology, but later work noted that these volcanoes appear younger because they have less tephra cover than those in eastern Kamchatka. Researchers such as Ponomareva et al. (2007) do not consider this volcano to be Holocene.",56.33,158.67,1170.0,Pleistocene
300390,Anaun,Composite,Stratovolcano,Russia,Northwestern Pacific Volcanic Regions,Central Kamchatka Volcanic Arc,"Anaun is a Quaternary basaltic stratovolcano NE of Uksichan in the southern Sredinny Range. A chain of NE-SW-trending cinder cones extends to the SW, and another chain of numerous cinder cones displays the same orientation S and SE of the volcano. Early geological studies in the Sredinny Range (Ogorodov et al., 1972) assigned Holocene ages based on morphology, but later work noted that these volcanoes appear younger because they have less tephra cover than those in eastern Kamchatka. Researchers such as Ponomareva et al. (2007) do not consider this volcano to be Holocene.",56.32,158.83,1828.0,Pleistocene
300400,Krainy,Shield,Shield,Russia,Northwestern Pacific Volcanic Regions,Central Kamchatka Volcanic Arc,"Krainy is a small Quaternary basaltic to basaltic andesite shield-like volcano NE of Anaun in the southern Sredinny Range. Cinder cones are found across the flanks and a lava flow is on the SW. Early geological studies in the Sredinny Range (Ogorodov et al., 1972) assigned Holocene ages based on morphology, but later work noted that these volcanoes appear younger because they have less tephra cover than those in eastern Kamchatka. Researchers such as Ponomareva et al. (2007) do not consider this volcano to be Holocene.",56.37,159.03,1554.0,Pleistocene
300410,Kekurny,Shield,Shield(s),Russia,Northwestern Pacific Volcanic Regions,Central Kamchatka Volcanic Arc,"Kekurny is the northernmost of two overlapping small Quaternary basaltic to basaltic andesite shield-like volcanoes north of Anaun and west of Krainy volcanoes in the southern Sredinny Range. A chain of small cinder cones was constructed along a NE-SW-trending rift cutting across the volcano. The Bunanya shield immediately to the south has cinder cones on its NE flank. Early geological studies in the Sredinny Range (Ogorodov et al., 1972) assigned Holocene ages based on morphology, but later work noted that these volcanoes appear younger because they have less tephra cover than those in eastern Kamchatka. Researchers such as Ponomareva et al. (2007) do not consider this volcano to be Holocene.",56.4,158.85,1377.0,Pleistocene
300420,Eggella,Shield,Shield,Russia,Northwestern Pacific Volcanic Regions,Central Kamchatka Volcanic Arc,"Eggella is a small basaltic to basaltic andesite shield-like volcano on the flank of the Pleistocene Chavycha shield, west of the axis of the southern Sredinny Range. A chain of small cones on the E flank trends NE-SW. Early geological studies in the Sredinny Range (Ogorodov et al., 1972) assigned Holocene ages based on morphology, but later work noted that these volcanoes appear younger because they have less tephra cover than those in eastern Kamchatka. Researchers such as Ponomareva et al. (2007) do not consider this volcano to be Holocene.",56.57,158.52,1046.0,Pleistocene
300440,Verkhovoy,Shield,Shield,Russia,Northwestern Pacific Volcanic Regions,Central Kamchatka Volcanic Arc,"Verkhovoy, a small Quaternary basaltic to basaltic andesite shield-like volcano in the central Sredinny Range, is dwarfed by its massive neighbor to the NNE, Alney-Chashakondzha. Early geological studies in the Sredinny Range (Ogorodov et al., 1972) assigned Holocene ages based on morphology, but later work noted that these volcanoes appear younger because they have less tephra cover than those in eastern Kamchatka. Researchers such as Ponomareva et al. (2007) do not consider this volcano to be Holocene.",56.52,159.53,1400.0,Pleistocene
300460,Cherny,Composite,Stratovolcano,Russia,Northwestern Pacific Volcanic Regions,Central Kamchatka Volcanic Arc,"Cherny is a small Quaternary stratovolcano immediately north of the massive Alney-Chashakondzha complex in the central Sredinny Range. An ENE-WSW-trending line of cinder cones was constructed on the western flank of Cherny, which is the southernmost of a cluster of small stratovolcanoes and shields trending NE from Alney-Chashakondzha. Early geological studies in the Sredinny Range (Ogorodov et al., 1972) assigned Holocene ages based on morphology, but later work noted that these volcanoes appear younger because they have less tephra cover than those in eastern Kamchatka. Researchers such as Pevzner (2006) and Ponomareva et al. (2007) do not consider this volcano to be Holocene.",56.82,159.67,1778.0,Pleistocene
300470,Pogranychny,Shield,Shield(s),Russia,Northwestern Pacific Volcanic Regions,Central Kamchatka Volcanic Arc,"Pogranychny is the highest and easternmost of a group of three small Quaternary basaltic to basaltic andesite shield-like volcanoes in the central Sredinny Range about 20 km NE of teh Alney-Chashakondzha complex. A chain of cinder cones extends NNE-SSW across Vodorazdelny at the N to Centralny at the SW. Early geological studies in the Sredinny Range (Ogorodov et al., 1972) assigned Holocene ages based on morphology, but later work noted that these volcanoes appear younger because they have less tephra cover than those in eastern Kamchatka. Researchers such as Pevzner (2006) and Ponomareva et al. (2007) do not consider this volcano to be Holocene.",56.85,159.8,1427.0,Pleistocene
300480,Zaozerny,Shield,Shield(s),Russia,Northwestern Pacific Volcanic Regions,Central Kamchatka Volcanic Arc,"A group of three small Quaternary basaltic to basaltic andesite shield-like volcanoes are present slightly east of the axis of the central Sredinny Range, about 30 km NE of Alney-Chashakondzha volcano and NNW of Lake Dvukhyurtochnoye.  The highest and westernmost is Zaozerny, with Oleny to the SE and Kastriulya volcano to the NE. Early geological studies in the Sredinny Range (Ogorodov et al., 1972) assigned Holocene ages based on morphology, but later work noted that these volcanoes appear younger because they have less tephra cover than those in eastern Kamchatka. Researchers such as Pevzner (2006) and Ponomareva et al. (2007) do not consider this volcano to be Holocene.",56.88,159.95,1349.0,Pleistocene
300490,Bliznets,Composite,Stratovolcano,Russia,Northwestern Pacific Volcanic Regions,Central Kamchatka Volcanic Arc,"Bliznets is a Quaternary basaltic stratovolcano on the crest of the central Sredinny Range SW of Kebeney volcano. Cinder cones were constructed on the E flank, and a group of cones and associated lava flows cover the northern side of the volcano. Early geological studies in the Sredinny Range (Ogorodov et al., 1972) assigned Holocene ages based on morphology, but later work noted that these volcanoes appear younger because they have less tephra cover than those in eastern Kamchatka. Researchers such as Pevzner (2006) and Ponomareva et al. (2007) do not consider this volcano to be Holocene.",56.97,159.78,1244.0,Pleistocene
300500,Kebeney,Shield,Shield,Russia,Northwestern Pacific Volcanic Regions,Central Kamchatka Volcanic Arc,"Kebeney is a prominent Quaternary basaltic to basaltic andesite shield-like volcano in the central Sredinny Range. Two groups of NE-SW-trending cinder cones are on the SW and SE flanks, and other cinder cones are on the NE flank. Lavas surround the small eroded Kalgnitunup cone to the SW. Early geological studies in the Sredinny Range (Ogorodov et al., 1972) assigned Holocene ages based on morphology, but later work noted that these volcanoes appear younger because they have less tephra cover than those in eastern Kamchatka. Researchers such as Pevzner (2006) and Ponomareva et al. (2007) do not consider this volcano to be Holocene.",57.1,159.93,1527.0,Pleistocene
300510,Fedotych,Shield,Shield,Russia,Northwestern Pacific Volcanic Regions,Central Kamchatka Volcanic Arc,"Fedotych, a small Quaternary basaltic to basaltic andesite shield-like volcano, is about 20 km E of the crest of the central Sredinny Range ENE of Kebeney volcano. Minor fissure-fed lava flows are located WNW. Early geological studies in the Sredinny Range (Ogorodov et al., 1972) assigned Holocene ages based on morphology, but later work noted that these volcanoes appear younger because they have less tephra cover than those in eastern Kamchatka. Researchers such as Pevzner (2006) and Ponomareva et al. (2007) do not consider this volcano to be Holocene.",57.13,160.4,965.0,Pleistocene
300530,Leutongey,Shield,Shield,Russia,Northwestern Pacific Volcanic Regions,Central Kamchatka Volcanic Arc,"The Quaternary Leutongey basaltic shield-like volcano is at the south end of a NE-SW-trending graben about 20 km W of the crest of the central Sredinny Range.  A chain of cinder cones along the same trend cuts across the summit, and another larger cinder cone is on the S flank. The small basaltic Medveshiy stratovolcano is immediately to the SE. Early geological studies in the Sredinny Range (Ogorodov et al., 1972) assigned Holocene ages based on morphology, but later work noted that these volcanoes appear younger because they have less tephra cover than those in eastern Kamchatka. Researchers such as Pevzner (2006) and Ponomareva et al. (2007) do not consider this volcano to be Holocene.",57.306,159.827,1318.0,Pleistocene
300540,Tuzovsky,Shield,Shield(s),Russia,Northwestern Pacific Volcanic Regions,Central Kamchatka Volcanic Arc,"Three small overlapping Quaternary basaltic to basaltic andesite shield-like volcanoes are located NE of Leutongey volcano, west of the crest of the central Sredinny Range. Tuzovsky, the SW-most edifice, is the highest; Tvitunup is the northernmost, and Sredny is NE of Tuzovsky. Early geological studies in the Sredinny Range (Ogorodov et al., 1972) assigned Holocene ages based on morphology, but later work noted that these volcanoes appear younger because they have less tephra cover than those in eastern Kamchatka. Researchers such as Pevzner (2006) and Ponomareva et al. (2007) do not consider this volcano to be Holocene.",57.32,159.967,1516.0,Pleistocene
300570,Mezhdusopochny,Shield,Shield,Russia,Northwestern Pacific Volcanic Regions,Central Kamchatka Volcanic Arc,"Mezhdusopochny, a Quaternary basaltic shield-like volcano, lies at the NE end of a group of small shields in a NE-SW-trending graben extending west of the crest of the Sredinny Range north of Kebeny volcano. The volcano rises above the north shore of Lake Mezhdusopochny, and basaltic lava covers the graben floor to the south. Early geological studies in the Sredinny Range (Ogorodov et al., 1972) assigned Holocene ages based on morphology, but later work noted that these volcanoes appear younger because they have less tephra cover than those in eastern Kamchatka. Researchers such as Pevzner (2006) and Ponomareva et al. (2007) do not consider this volcano to be Holocene.",57.47,160.25,1641.0,Pleistocene
300580,Shishel,Shield,Shield,Russia,Northwestern Pacific Volcanic Regions,Central Kamchatka Volcanic Arc,"Shishel is a glacier-capped Quaternary basaltic shield-like volcano along the crest of the central Sredinny Range. It is on the east side of a broad graben containing a NE-SW-trending chain of overlapping small shields ranging from Leutongey on the SW to Mezhdusopochny on the NE. Small cinder cones are located S and SW of Shishel, and a major lava field is located on its NE flank. Early geological studies in the Sredinny Range (Ogorodov et al., 1972) assigned Holocene ages based on morphology, but later work noted that these volcanoes appear younger because they have less tephra cover than those in eastern Kamchatka. Researchers such as Pevzner (2006) and Ponomareva et al. (2007) do not consider this volcano to be Holocene.",57.45,160.37,2525.0,Pleistocene
300600,Alngey,Composite,Stratovolcano,Russia,Northwestern Pacific Volcanic Regions,Central Kamchatka Volcanic Arc,"Alngey, a small Quaternary stratovolcano, is immediately east of the large Pleistocene Tekletunup shield volcano, west of the crest of the northern Sredinny Range. It was constructed near the western margin of a large NE-SW-trending graben running along the axis of the Sredinny Range. Early geological studies in the Sredinny Range (Ogorodov et al., 1972) assigned Holocene ages based on morphology, but later work noted that these volcanoes appear younger because they have less tephra cover than those in eastern Kamchatka. Researchers such as Pevzner (2006) and Ponomareva et al. (2007) do not consider this volcano to be Holocene.",57.702,160.418,1822.0,Pleistocene
300610,Uka,Shield,Shield,Russia,Northwestern Pacific Volcanic Regions,Central Kamchatka Volcanic Arc,"Uka, a small Quaternary basaltic shield-like volcano, was constructed near the eastern margin of a large NE-SW-trending graben along the axis of the northern Sredinny Range. It is immediately east of the crest of the Sredinny Range, opposite Alngey volcano on the western side of the graben. Early geological studies in the Sredinny Range (Ogorodov et al., 1972) assigned Holocene ages based on morphology, but later work noted that these volcanoes appear younger because they have less tephra cover than those in eastern Kamchatka. Researchers such as Pevzner (2006) and Ponomareva et al. (2007) do not consider this volcano to be Holocene.",57.706,160.59,1607.0,Pleistocene
300620,Kaileney,Shield,Shield,Russia,Northwestern Pacific Volcanic Regions,Central Kamchatka Volcanic Arc,"Kaileney is a small Quaternary basaltic shield-like volcano near the eastern margin of a large NE-SW-trending graben running along the axis of the northern Sredinny Range. It is located NE of Uka, another shield volcano along the east side of the graben. A chain of E-W-trending cinder cones extends to the west from the summit. Early geological studies in the Sredinny Range (Ogorodov et al., 1972) assigned Holocene ages based on morphology, but later work noted that these volcanoes appear younger because they have less tephra cover than those in eastern Kamchatka. Researchers such as Pevzner (2006) and Ponomareva et al. (2007) do not consider this volcano to be Holocene.",57.8,160.67,1582.0,Pleistocene
300630,Plosky,Shield,Shield,Russia,Northwestern Pacific Volcanic Regions,Central Kamchatka Volcanic Arc,"Plosky, a small Quaternary basaltic shield-like volcano about 20 km W of the crest of the Sredinny Range, is the westernmost volcano of the northern Sredinny Range. It is located immediately north of the large Pleistocene Tekletunup volcano. Early geological studies in the Sredinny Range (Ogorodov et al., 1972) assigned Holocene ages based on morphology, but later work noted that these volcanoes appear younger because they have less tephra cover than those in eastern Kamchatka. Researchers such as Pevzner (2006) and Ponomareva et al. (2007) do not consider this volcano to be Holocene.",57.83,160.25,1255.0,Pleistocene
300640,Bely,Shield,Shield(s),Russia,Northwestern Pacific Volcanic Regions,Central Kamchatka Volcanic Arc,"The Quaternary basaltic Bely shield-like volcano in the northern Sredinny Range is topped by a small stratovolcano. The smaller Sergeeva and Keveneytunup shields are located to the south and east, respectively, and the late-Pleistocene Lagerny shield is to the SE. Keveneytunup is the highest of these volcanoes, slightly exceeding Bely. Early geological studies in the Sredinny Range (Ogorodov et al., 1972) assigned Holocene ages based on morphology, but later work noted that these volcanoes appear younger because they have less tephra cover than those in eastern Kamchatka. Researchers such as Pevzner (2006) and Ponomareva et al. (2007) do not consider this volcano to be Holocene.",57.88,160.53,2080.0,Pleistocene
300660,Snezhniy,Shield,Shield,Russia,Northwestern Pacific Volcanic Regions,Central Kamchatka Volcanic Arc,"Snezhniy is a small Quaternary basaltic shield-like volcano that was constructed near the eastern margin of a large NE-SW-trending graben running along the axis of the northern Sredinny Range. The smaller shield volcano Grechishkina is just NW, on the saddle between Snezhniy and Keveney volcanoes. Early geological studies in the Sredinny Range (Ogorodov et al., 1972) assigned Holocene ages based on morphology, but later work noted that these volcanoes appear younger because they have less tephra cover than those in eastern Kamchatka. Researchers such as Pevzner (2006) and Ponomareva et al. (2007) do not consider this volcano to be Holocene.",58.02,160.8,2169.0,Pleistocene
300670,Iktunup,Shield,Shield(s),Russia,Northwestern Pacific Volcanic Regions,Central Kamchatka Volcanic Arc,"The Quaternary basaltic to basaltic andesite shield-like Iktunup was constructed 5 km west of the lower, but larger shield of Tunipilyakum. The two volcanoes are located immediately NW and NE, respectively, of the Pleistocene Keveney volcano. Early geological studies in the Sredinny Range (Ogorodov et al., 1972) assigned Holocene ages based on morphology, but later work noted that these volcanoes appear younger because they have less tephra cover than those in eastern Kamchatka. Researchers such as Pevzner (2006) and Ponomareva et al. (2007) do not consider this volcano to be Holocene.",58.08,160.77,2300.0,Pleistocene
300690,Snegovoy,Shield,Shield,Russia,Northwestern Pacific Volcanic Regions,Central Kamchatka Volcanic Arc,"Glacier-covered Snegovoy is a late-Quaternary shield-like volcano topped by a small basaltic cone. It was constructed about 10 km ENE of Ostry volcano, near the NE end of the Sredinny Range. Early geological studies in the Sredinny Range (Ogorodov et al., 1972) assigned Holocene ages based on morphology, but later work noted that these volcanoes appear younger because they have less tephra cover than those in eastern Kamchatka. Researchers such as Pevzner (2006) and Ponomareva et al. (2007) do not consider this volcano to be Holocene.",58.2,160.97,2169.0,Pleistocene
300710,Iettunup,Shield,Shield(s),Russia,Northwestern Pacific Volcanic Regions,Central Kamchatka Volcanic Arc,"Iettunup and Lamutsky are small overlapping late-Quatenary basaltic to basaltic andesite shield-like volcanoes at the far NE end of the Sredinny Range. The summit of Iettunup is about 7 km NW of the summit cone of Lamutsky. Early geological studies in the Sredinny Range (Ogorodov et al., 1972) assigned Holocene ages based on morphology, but later work noted that these volcanoes appear younger because they have less tephra cover than those in eastern Kamchatka. Researchers such as Pevzner (2006) and Ponomareva et al. (2007) do not consider this volcano to be Holocene.",58.4,161.08,1340.0,Pleistocene
300720,Voyampolsky,Shield,Shield(s),Russia,Northwestern Pacific Volcanic Regions,Central Kamchatka Volcanic Arc,"Voyampolsky and Kakhtana are two basaltic to basaltic andesite shield-like volcanoes that form the NW-most volcanoes of the Sredinny Range near the headwaters of the Kakhtana River. Early geological studies in the Sredinny Range (Ogorodov et al., 1972) assigned Holocene ages based on morphology, but later work noted that these volcanoes appear younger because they have less tephra cover than those in eastern Kamchatka. Researchers such as Pevzner (2006) and Ponomareva et al. (2007) do not consider this volcano to be Holocene.",58.374,160.631,1103.0,Pleistocene
300800,Vysokii,Composite,Stratovolcano,Russia,Northwestern Pacific Volcanic Regions,Kuril Volcanic Arc,Vysokii and an unnamed volcano to the north are Pliocene stratovolcanoes with Pleistocene lava domes on or near their flanks (Masurenkov 1980).      ,51.116,156.892,708.0,Pleistocene
300801,Tumanniy,Shield,Shield,Russia,Northwestern Pacific Volcanic Regions,Kuril Volcanic Arc,Tumanniy is a Pliocene-Pleistocene shield-like volcano with flank lava domes (Masurenkov 1980).      ,51.191,156.939,681.0,Pleistocene
300802,Ded i Baba,Shield,Shield,Russia,Northwestern Pacific Volcanic Regions,Kuril Volcanic Arc,Ded i Baba (Ded and Baba) is an early Pleistocene shield-like volcano SW of Koshelev volcano; an unnamed mid-Pleistocene volcano with a small caldera breached to the east lies between these two volcanoes (Masurenkov 1980).     ,51.3,156.58,1032.0,Pleistocene
300803,Tretya Rechka,Shield,Shield,Russia,Northwestern Pacific Volcanic Regions,Kuril Volcanic Arc,Tretya Rechka is an early Pleistocene shield-like volcano with a small caldera open to the SE (Masurenkov 1980).      ,51.4,156.57,754.0,Pleistocene
300808,Kuzheten,Shield,Shield,Russia,Northwestern Pacific Volcanic Regions,Kuril Volcanic Arc,Mid-Pleistocene shield-like volcano (Masurenkov 1980).      ,51.82,157.22,925.0,Pleistocene
300811,Kuzanek,Shield,Shield,Russia,Northwestern Pacific Volcanic Regions,Kuril Volcanic Arc,Pliocene to lower Pleistocene shield-like volcano (Masurenkov 1980).      ,51.93,157.18,968.0,Pleistocene
300813,Igolki,Shield,Shield(s),Russia,Northwestern Pacific Volcanic Regions,Kuril Volcanic Arc,Igolki and Bol'shiye Igolki are two lower to mid-Pleistocene shield-like volcanoes (Masurenkov 1980).      ,52.02,156.88,707.0,Pleistocene
300814,Skalistiy,Shield,Shield,Russia,Northwestern Pacific Volcanic Regions,Kuril Volcanic Arc,Pliocene to lower Pleistocene shield-like volcano (Masurenkov 1980).      ,52.02,157.18,1005.0,Pleistocene
300815,Perevalny,Shield,Shield,Russia,Northwestern Pacific Volcanic Regions,Kuril Volcanic Arc,Perevalny is a small upper-Pleistocene shield volcano NNE of Khodutka volcano; an unnamed Pleistocene stratovolcano is located immediately NE of Perevalny (Masurenkov 1980).      ,52.13,157.78,,Pleistocene
300816,Krugliy,Shield,Shield,Russia,Northwestern Pacific Volcanic Regions,Kuril Volcanic Arc,Upper Pleistocene shield volcano (Masurenkov 1980).      ,52.16,157.64,1052.0,Pleistocene
300817,Savan,Shield,Shield,Russia,Northwestern Pacific Volcanic Regions,Kuril Volcanic Arc,Savan is a Pliocene to lower Pleistocene shield volcano (Masurenkov 1980).      ,52.21,157.28,901.0,Pleistocene
300818,Malaya Ipelka,Composite,Complex,Russia,Northwestern Pacific Volcanic Regions,Kuril Volcanic Arc,Malaya Ipelka is an isolated mid to late-Pleistocene volcanic massif rising above the SW coastal lowlands north of the Opala River (Masurenkov 1980).      ,52.28,156.73,,Pleistocene
300819,Kamen,Composite,Stratovolcano,Russia,Northwestern Pacific Volcanic Regions,Kuril Volcanic Arc,Late-Pleistocene conical basaltic volcano (Masurenkov 1980).      ,52.287,157.655,850.0,Pleistocene
300820,Ploskiy,Composite,Stratovolcano,Russia,Northwestern Pacific Volcanic Regions,Kuril Volcanic Arc,"The conical early Pleistocene basaltic Ploskiy volcano is located west of Asacha volcano and north of a large group of late Pleistocene to Holocene pyroclastic cones (Masurenkov, 1980).",52.37,157.62,877.0,Pleistocene
300809,Vostochnaya Khodutka,Shield,Shield(s),Russia,Northwestern Pacific Volcanic Regions,Kuril Volcanic Arc,Two lower to mid-Pleistocene shield-like volcanoes (Masurenkov 1980).      ,51.93,157.73,,Pleistocene
300810,Zheltiy,Composite,Stratovolcano,Russia,Northwestern Pacific Volcanic Regions,Kuril Volcanic Arc,"Small conical late Pleistocene basaltic volcano (Masurenkov, 1980). ",51.93,157.6,792.0,Pleistocene
300823,Tolmachev,Composite,Stratovolcano(es),Russia,Northwestern Pacific Volcanic Regions,Kuril Volcanic Arc,Tolmacheva and Utes are conical basaltic volcanoes of late-Pleistocene age (Masurenkov 1980).      ,52.55,157.73,1118.0,Pleistocene
300821,Udochka,Shield,Shield,Russia,Northwestern Pacific Volcanic Regions,Kuril Volcanic Arc,Udochka is a mid-Pleistocene shield-like volcano SW of Opala (Masurenkov 1980).      ,52.5,157.2,891.0,Pleistocene
300822,Bolshaya Ipelka,Shield,Shield,Russia,Northwestern Pacific Volcanic Regions,Kuril Volcanic Arc,Bolshaya Ipelka is a massive eroded lower Pleistocene shield-like volcano that covers a 32 x 42 km area west of the main volcanic zone of southern Kamchatka.  A Holocene cinder cone on the SE flank is listed separately in this compilation.     ,52.63,156.97,1194.0,Pleistocene
300830,Aak,Composite,Stratovolcano(es),Russia,Northwestern Pacific Volcanic Regions,Eastern Kamchatka Volcanic Arc,"Aak, Arik, and Pinachevsky are Pleistocene volcanoes along a ridge trending NW from Koryaksky volcano.  Abnormal shallow earthquakes occurred in August 1966 (Gorel'chik, 1969).",53.38,158.67,2319.0,Pleistocene
300831,Kupol,Composite,Stratovolcano,Russia,Northwestern Pacific Volcanic Regions,Eastern Kamchatka Volcanic Arc,Kupol is a Pleistocene basaltic andesite stratovolcano (Luchitsky 1974).      ,53.5,158.65,,Pleistocene
300832,Kitkhoysky,Shield,Shield(s),Russia,Northwestern Pacific Volcanic Regions,Eastern Kamchatka Volcanic Arc,"Two Pleistocene shield-like volcanoes are located NW of Kupol and SW of Vershkinsky volcanoes (Erlich 1985, pers. comm.). Satellite imagery in Google Earth appears to show a 6-km-diameter caldera open to the N with a later cone or dome complex on the eastern side.",53.584,158.56,1350.0,Pleistocene
300833,Vershinsky,Composite,Stratovolcano,Russia,Northwestern Pacific Volcanic Regions,Eastern Kamchatka Volcanic Arc,,53.6,158.7,1812.0,Pleistocene
300840,Zhupanovskiye Vostriyaky,Composite,Stratovolcano,Russia,Northwestern Pacific Volcanic Regions,Eastern Kamchatka Volcanic Arc,Large Pleistocene stratovolcano north of Zhupanova River      ,53.8,159.28,1684.0,Pleistocene
300841,Ditmara,Composite,Stratovolcano,Russia,Northwestern Pacific Volcanic Regions,Eastern Kamchatka Volcanic Arc,"Ditmara is a broad, low stratovolcano SE of Akademia Nauk caldera.      ",53.87,159.53,1389.0,Pleistocene
300842,Krainy,Composite,Stratovolcano,Russia,Northwestern Pacific Volcanic Regions,Eastern Kamchatka Volcanic Arc,,53.95,159.33,1199.0,Pleistocene
300843,Razlaty,Composite,Stratovolcano,Russia,Northwestern Pacific Volcanic Regions,Eastern Kamchatka Volcanic Arc,,54.02,159.38,,Pleistocene
300834,Skalistiy,Unknown,Unknown,Russia,Northwestern Pacific Volcanic Regions,Eastern Kamchatka Volcanic Arc,,53.6266,159.2912,,Pleistocene
300846,Unana,Composite,Stratovolcano,Russia,Northwestern Pacific Volcanic Regions,Eastern Kamchatka Volcanic Arc,"Unana stratovolcano is of Pleistocene age; hot springs on the volcano are related to tectonic faults (Erlich 1985, pers. comm.).      ",54.63,159.72,2131.0,Pleistocene
300847,Adamozhets,Minor,Cone,Russia,Northwestern Pacific Volcanic Regions,Eastern Kamchatka Volcanic Arc,"Satellite imagery shows a 2-km cone with an open crater that appears to be a volcanic feature about 9 km SE of the original location provided by Erlich (1985, pers. comm.), who identified this as a Pleistocene volcano. It is about 35 km NW of the Uzon caldera.",54.688,159.483,1502.0,Pleistocene
300848,Bogachensky,Shield,Shield,Russia,Northwestern Pacific Volcanic Regions,Eastern Kamchatka Volcanic Arc,"Pleistocene shield-like volcano north of Kolkhozhny volcano (Erlich 1985, pers. comm.).      ",55.13,160.9,,Pleistocene
300849,Piip,Shield,Shield,Russia,Northwestern Pacific Volcanic Regions,Eastern Kamchatka Volcanic Arc,"Pleistocene shield-like volcano (Erlich 1985, pers. comm.).      ",55.319,160.667,2059.0,Pleistocene
300850,Konechnaya,Shield,Shield,Russia,Northwestern Pacific Volcanic Regions,Eastern Kamchatka Volcanic Arc,Mid to upper Pleistocene shield-like volcano (Luchitsky 1974).      ,55.23,160.97,,Pleistocene
300851,Konradi,Composite,Stratovolcano,Russia,Northwestern Pacific Volcanic Regions,Eastern Kamchatka Volcanic Arc,"Vlasov (1967) notes postglacial activity of Konradi; later work indicates it is of Pleistocene age (Erlich 1985, pers. comm.).      ",55.08,160.53,1912.0,Pleistocene
300853,Tumrok,Shield,Shield,Russia,Northwestern Pacific Volcanic Regions,Eastern Kamchatka Volcanic Arc,Mid to upper Pleistocene shield-like volcano (Luchitsky 1974).      ,55.37,160.87,2197.0,Pleistocene
300856,Iult,Composite,Stratovolcano,Russia,Northwestern Pacific Volcanic Regions,Eastern Kamchatka Volcanic Arc,"Iult (also spelled Iul't) is a large stratovolcano located north of Konradi volcano and NNW of the Gamchen volcanic complex. Lava domes on the lower northern and southern flanks were assigned a Holocene age by Luchitsky (1974), but Andreev et al. (1988) mapped them as late Pleistocene.",55.23,160.587,1857.0,Pleistocene
300852,Sokol,Composite,Stratovolcano,Russia,Northwestern Pacific Volcanic Regions,Eastern Kamchatka Volcanic Arc,Mid to upper Pleistocene stratovolcano north of Konradi volcano (Luchitsky 1974).      ,55.2,160.52,1711.0,Pleistocene
300859,Zarechny,Caldera,Caldera(s),Russia,Northwestern Pacific Volcanic Regions,Eastern Kamchatka Volcanic Arc,"Zarechny is a low, forested volcano constructed in the lake-filled lowlands between Kliuchevskoi and Shiveluch volcanoes, and immediately S of Kharchinsky volcano. The 760-m-high edifice contains two nested calderas, both breached widely to the SE. The larger 4.5 x 3.7 km wide caldera is filled by an uneroded cone truncated by a 3.2 x 1.8 km wide caldera. Both horseshoe-shaped calderas resemble those produced by edifice failure, but deposits related to their origin are buried beneath younger Holocene deposits in the Kamchatka River valley.  Zarechny was at one point considered to be of Holocene age (Erlich, 1986), but more recent tephrochronology has shown that the older edifice precedes formation of 23,000-24,000 year old glacial moraines, and that the younger inner edifice ceased activity during the late Pleistocene (Volynets et al., 1999).",56.38,160.83,760.0,Pleistocene
300860,Kharchinsky,Composite,Stratovolcano,Russia,Northwestern Pacific Volcanic Regions,Eastern Kamchatka Volcanic Arc,"Kharchinsky is a Pleistocene volcano immediately north of Zarechny volcano (Luchitsky, 1974) in the lowlands north of the Kamchatka River.  The magnesian basaltic volcano rises 1400 m above the surrounding plains.  It was constructed during the late Pleistocene and predates glacial moraines dated at 23,000-24,000 years ago.  Faulting and edifice failures have deeply affected the edifice, and debris-avalanche fans are found at its base.    ",56.425,160.825,1410.0,Pleistocene
300861,Eastern Kamchatka Arc at 56.5°N,Cluster,Pyroclastic cone(s),Russia,Northwestern Pacific Volcanic Regions,Eastern Kamchatka Volcanic Arc,"A group of basaltic cinder cones is located north of Kharchinsky volcano in the lowlands SW of Sheveluch volcano. The cones and lava flows cover a broad area north of Kharchinsky and form a peninsula extending into Lake Kharchinsky. They are part of the arcuate Kharchinsky regional zone of more than 100 cinder cones, lava cones, tuyas, and explosion craters that extends across both Kharchinsky and Zarechny volcanoes and were formed during a later volcanic cycle unrelated to Kharchinsky (Erlich, 1985 pers. comm.). The cones were initially considered to be late-Pleistocene to Holocene (Luchitsky, 1974), but later tephrochronological studies showed them to be late Pleistocene (Volynets et al., 1999).",56.53,160.87,200.0,Pleistocene
300867,Lauchachan,Shield,Shield,Russia,Northwestern Pacific Volcanic Regions,Eastern Kamchatka Volcanic Arc,"Small late Pleistocene basaltic shield volcano SW of Ichinsky volcano (Ogorodov et al., 1972).",55.35,157.1,1018.0,Pleistocene
300868,Prodolny,Shield,Shield(s),Russia,Northwestern Pacific Volcanic Regions,Eastern Kamchatka Volcanic Arc,"Prodolny and Lauchan are adjacent Pleistocene shield volcanoes SW of Ichinsky volcano (Erlich 1985, pers. comm.).      ",55.45,157.25,1505.0,Pleistocene
300869,Kobalan,Composite,Stratovolcano,Russia,Northwestern Pacific Volcanic Regions,Eastern Kamchatka Volcanic Arc,"Pleistocene basaltic stratovolcano, SW of Ichinsky volcano (Ogorodov et al. 1972).      ",55.43,157.37,1174.0,Pleistocene
300863,Lyzyk,Minor,Unknown,Russia,Northwestern Pacific Volcanic Regions,Central Kamchatka Volcanic Arc,"The small isolated Lyzyk volcano is probably of late-Pleistocene age (Erlich 1985, pers. comm.).      ",57.23,161.52,,Pleistocene
300864,Uchkoren,Composite,Unknown,Russia,Northwestern Pacific Volcanic Regions,Central Kamchatka Volcanic Arc,"Uchkoren is a small Pleistocene volcano (Erlich 1985, pers. comm.).      ",57.27,161.35,,Pleistocene
300870,Tynua,Shield,Shield(s),Russia,Northwestern Pacific Volcanic Regions,Central Kamchatka Volcanic Arc,Two Pleistocene Icelandic shield volcanoes (Ogorodov et al. 1972).      ,55.85,157.87,1727.0,Pleistocene
300871,Etopan,Shield,Shield,Russia,Northwestern Pacific Volcanic Regions,Central Kamchatka Volcanic Arc,Late-Pleistocene Icelandic-type shield volcano (Ogorodov et al. 1972).      ,55.97,157.63,1264.0,Pleistocene
300872,Kimitina,Composite,Stratovolcano,Russia,Northwestern Pacific Volcanic Regions,Central Kamchatka Volcanic Arc,Pleistocene basaltic stratovolcano (Ogorodov et al. 1972).      ,55.25,158.18,1438.0,Pleistocene
300873,Central Kamchatka Arc at 55.5°N,Shield,Shield,Russia,Northwestern Pacific Volcanic Regions,Central Kamchatka Volcanic Arc,"Pleistocene (Erlich 1985, pers. comm.).      ",55.52,158.43,2140.0,Pleistocene
300874,Ochchamo,Shield,Shield,Russia,Northwestern Pacific Volcanic Regions,Central Kamchatka Volcanic Arc,"Lower-Pleistocene shield volcano east of Ichinsky volcano (Erlich 1985, pers. comm.).      ",55.62,158.15,2136.0,Pleistocene
300875,Bolshoy Kozyrevsky,Shield,Shield,Russia,Northwestern Pacific Volcanic Regions,Central Kamchatka Volcanic Arc,"Lower-Pleistocene shield volcano (Erlich 1985, pers. comm.).      ",55.6,158.52,1672.0,Pleistocene
300876,Bolshaya Romanovka,Shield,Shield,Russia,Northwestern Pacific Volcanic Regions,Central Kamchatka Volcanic Arc,"Lower-Pleistocene shield volcano (Erlich 1985, pers. comm.).      ",55.73,158.77,1821.0,Pleistocene
300877,Central Kamchatka Arc at 55.9°N,Composite,Stratovolcano(es),Russia,Northwestern Pacific Volcanic Regions,Central Kamchatka Volcanic Arc,"Group of three Pleistocene stratovolcanoes (Erlich, 1985 pers. comm.).      ",55.88,158.83,1821.0,Pleistocene
300878,Bongabti,Shield,Shield,Russia,Northwestern Pacific Volcanic Regions,Central Kamchatka Volcanic Arc,"Early Pleistocene shield volcano (Ogorodov et al., 1972).      ",55.83,158.32,1790.0,Pleistocene
300879,Nosichan,Shield,Shield,Russia,Northwestern Pacific Volcanic Regions,Central Kamchatka Volcanic Arc,Late-Pleistocene Icelandic shield volcano (Ogorodov et al. 1972).      ,56.08,157.75,1105.0,Pleistocene
300880,Buduli,Shield,Shield,Russia,Northwestern Pacific Volcanic Regions,Central Kamchatka Volcanic Arc,"Late Pleistocene shield volcano (Ogorodov et al., 1972).      ",56.4,158.7,1477.0,Pleistocene
300881,Kopkan,Shield,Shield(s),Russia,Northwestern Pacific Volcanic Regions,Central Kamchatka Volcanic Arc,"Late Pleistocene shield volcano; the Krugelenky shield to the NE along the regional NE-SW trend is listed with Kapkan (Erlich 1985, pers. comm.).",56.48,158.83,1120.0,Pleistocene
300882,Yanpat,Shield,Shield(s),Russia,Northwestern Pacific Volcanic Regions,Central Kamchatka Volcanic Arc,Yanpat and Vetrovoy volcano to the north are late-Pleistocene Icelandic-type shield volcanoes (Ogorodov et al. 1972).      ,56.53,158.8,1205.0,Pleistocene
300883,Chavycha,Shield,Shield(s),Russia,Northwestern Pacific Volcanic Regions,Central Kamchatka Volcanic Arc,Chavycha and Olka volcano to the north are mid to late-Pleistocene Icelandic-type shield volcanoes (Ogorodov et al. 1972).      ,56.55,158.65,1190.0,Pleistocene
300884,Malaya Ketepana,Shield,Shield,Russia,Northwestern Pacific Volcanic Regions,Central Kamchatka Volcanic Arc,Malaya Ketepana is one of several large shield volcanoes along the western margin of the Sredinny Range.  Smaller Icelandic-type shield volcanoes are located on the south flank and NE of Malaya Ketepana.     ,56.68,158.47,1230.0,Pleistocene
300885,Bolshoy Ketepana,Shield,Shield,Russia,Northwestern Pacific Volcanic Regions,Central Kamchatka Volcanic Arc,Bolshoy Ketepana is a large isolated early Pleistocene shield volcano on the west side of the Sredinny Range (Ogorodov et al. 1972).,57.05,158.37,1521.0,Pleistocene
300886,Central Kamchatka Arc at 57.0°N,Shield,Shield,Russia,Northwestern Pacific Volcanic Regions,Central Kamchatka Volcanic Arc,"Pleistocene shield volcano (Erlich, 1985 pers. comm.).      ",56.97,158.75,,Pleistocene
300887,Ovalny,Shield,Shield,Russia,Northwestern Pacific Volcanic Regions,Central Kamchatka Volcanic Arc,Mid to late-Pleistocene shield volcano (Ogorodov et al. 1972).      ,56.98,158.98,732.0,Pleistocene
300888,Tigilsky,Shield,Shield,Russia,Northwestern Pacific Volcanic Regions,Central Kamchatka Volcanic Arc,"The lower to mid-Pleistocene Tigilsky shield volcano (Ogorodov et al. 1972) appears to have a 2-km-wide crater just SE of the summit. An area on the W flank was previously listed as an Unnamed Holocene basaltic shield volcano. The morphology as observed in satellite imagery suggests that the ""shield"" is simply an erosional feature along a volcanic ridge of the larger edifice.",56.812,159.111,1362.0,Pleistocene
300889,Perevalovyi,Shield,Shield,Russia,Northwestern Pacific Volcanic Regions,Central Kamchatka Volcanic Arc,Mid-Pleistocene shield volcano with a summit caldera (Ogorodov et al. 1972).      ,56.57,159.35,1328.0,Pleistocene
300890,Maly Alney,Composite,Stratovolcano(es),Russia,Northwestern Pacific Volcanic Regions,Central Kamchatka Volcanic Arc,The mid to late-Pleistocene basaltic stratovolcanoes of Maly Alney and Polovinny are located SE of Alney volcano (Ogorodov et al. 1972).      ,56.47,159.77,1858.0,Pleistocene
300891,Maly Chekchebonay,Shield,Shield,Russia,Northwestern Pacific Volcanic Regions,Central Kamchatka Volcanic Arc,Mid-Pleistocene shield volcano with Hawaiian-type summit caldera (Ogorodov et al. 1972; Erlich 1986).      ,56.8,159.45,1247.0,Pleistocene
300892,Bolshoy Chekchebonay,Shield,Shield,Russia,Northwestern Pacific Volcanic Regions,Central Kamchatka Volcanic Arc,Lower-Pleistocene shield volcano with Hawaiian-type summit caldera (Ogorodov et al. 1972).      ,56.92,159.42,1391.0,Pleistocene
300893,Kireunsky,Shield,Shield,Russia,Northwestern Pacific Volcanic Regions,Central Kamchatka Volcanic Arc,Late-Pleistocene Icelandic-type shield volcano (Ogorodov et al. 1972).      ,56.78,159.75,1925.0,Pleistocene
300894,Dvukhyurtochny,Shield,Shield,Russia,Northwestern Pacific Volcanic Regions,Central Kamchatka Volcanic Arc,Late-Pleistocene Icelandic-type shield volcano (Ogorodov et al. 1972).      ,56.82,159.88,1631.0,Pleistocene
300895,Central Kamchatka Arc at 56.9°N,Minor,Lava dome(s),Russia,Northwestern Pacific Volcanic Regions,Central Kamchatka Volcanic Arc,"Group of mid-Pleistocene extrusive lava domes (Erlich, 1985 pers. comm.).      ",56.93,159.95,,Pleistocene
300896,Kalgauch,Composite,Stratovolcano,Russia,Northwestern Pacific Volcanic Regions,Central Kamchatka Volcanic Arc,Late-Pleistocene basaltic stratovolcano (Ogorodov et al. 1972).      ,56.93,159.73,1206.0,Pleistocene
300897,Kunkhilok,Composite,Stratovolcano,Russia,Northwestern Pacific Volcanic Regions,Central Kamchatka Volcanic Arc,Late-Pleistocene basaltic stratovolcano east of the Sredinny Range crest (Ogorodov et al. 1972).      ,57.321,160.48,1151.0,Pleistocene
300898,Shlen,Shield,Shield,Russia,Northwestern Pacific Volcanic Regions,Central Kamchatka Volcanic Arc,Shlen is a large mid-Pleistocene shield volcano west of the main Sredinny Range (Ogorodov et al. 1972).      ,57.48,159.57,1001.0,Pleistocene
300899,Pirozhnikova,Composite,Stratovolcano,Russia,Northwestern Pacific Volcanic Regions,Central Kamchatka Volcanic Arc,Late-Pleistocene basaltic stratovolcano (Ogorodov et al. 1972).      ,57.53,160.339,1646.0,Pleistocene
300900,Kamenisty,Composite,Stratovolcano,Russia,Northwestern Pacific Volcanic Regions,Central Kamchatka Volcanic Arc,Late-Pleistocene basaltic stratovolcano (Ogorodov et al. 1972).      ,57.65,160.43,1762.0,Pleistocene
300901,Tekletunup,Shield,Shield,Russia,Northwestern Pacific Volcanic Regions,Central Kamchatka Volcanic Arc,Tekletunup is a large eroded Pliocene to lower-Pleistocene shield volcano (Ogorodov et al. 1972).      ,57.75,160.23,1395.0,Pleistocene
300902,Ulvaney,Shield,Shield,Russia,Northwestern Pacific Volcanic Regions,Central Kamchatka Volcanic Arc,"Late Pleistocene shield volcano (Ogorodov et al., 1972).      ",57.78,160.62,1445.0,Pleistocene
300903,Mutny,Shield,Shield,Russia,Northwestern Pacific Volcanic Regions,Central Kamchatka Volcanic Arc,"Late Pleistocene shield volcano (Ogorodov et al., 1972).      ",57.72,160.37,1345.0,Pleistocene
300904,Khuvkhoitun,Composite,Complex,Russia,Northwestern Pacific Volcanic Regions,Central Kamchatka Volcanic Arc,The late-Pleistocene complex stratovolcano Khuvkhoitun forms the highest peak of the northern Sredinny Range.  Two small late-Pleistocene shield volcanoes are located immediately to the NE (Ogorodov et al. 1972).     ,57.92,160.65,2618.0,Pleistocene
300905,Keveney,Shield,Shield,Russia,Northwestern Pacific Volcanic Regions,Central Kamchatka Volcanic Arc,Keveney is a late-Pleistocene Icelandic-type shield volcano (Ogorodov et al. 1972).      ,58.05,160.73,1887.0,Pleistocene
300906,Langtutkin,Shield,Shield,Russia,Northwestern Pacific Volcanic Regions,Central Kamchatka Volcanic Arc,Langtutkin is a late-Pleistocene Icelandic-type shield volcano east of the crest of the Sredinny Range (Ogorodov et al. 1972).      ,58.23,161.1,1545.0,Pleistocene
301801,Anjuisky,Minor,Pyroclastic cone(s),Russia,Eastern Asia Volcanic Regions,Northern Russia Volcanic Province,"The Anjuisky (Anyuy) volcano group consists of fissure vents and small pyroclastic cones, the largest of which is 120-m high and is capped by a 300-m-wide crater. The initial fissure eruptions produced trachybasaltic lava flows 15-17 km long that covered an area of 100 km2. The most recent eruptions were considered by the Catalog of Active Volcanoes of the World (Vlodavetz and Piip, 1959) to have occurred between about 1300 and 1700 CE from Aniusk (Monni) cone, based on morphological evidence. Later work (Ignatiev, 1994) showed that Monni was partially destroyed by glaciers and phreatic explosions produced by glacial meltwater flowing into the vent. Lava flows from Maly Anyuy volcano flowed onto glacial ice, and explosions induced by glacial meltwater destroyed the cone. The Monni lava flows dammed up drainages, forming lakes. During an early Holocene period of warming, large creeks overflowed from these lakes and deposited fluvial materials. The cone and lava flow are located between the Maly Anyuy and Bolshoy Anyuy rivers, about 75 km SSE of the community of Keperveyem.",67.154,165.82,1560.0,Pleistocene
301805,Balagan-Tas,Minor,Pyroclastic cone(s),Russia,Eastern Asia Volcanic Regions,Northern Russia Volcanic Province,"Balagan-Tas is a cinder cone constructed along a fault on the SW flank of the Momskiy Mountains in the NE part of Russia's Sakha Republic. A poorly preserved crater fed subalkaline basaltic lava flows that covered an area of 4-5 km2. A Potassium-Argon date of 300,000 years was obtained (Prokopiev, 2007 pers. comm.).",65.959,145.893,993.0,Pleistocene
302040,Vitim Volcanic Field,Cluster,Volcanic field,Russia,Eastern Asia Volcanic Regions,Baikal Rift Volcanic Province,"Volcanism in the Vitim Volcanic Field dates back to the Miocene and covers an area of about 4,500 km2 east of the northern part of Lake Baikal. The most voluminous activity took place from the Miocene to Pleistocene. Most of the volcanic centers are located in the NW part of the field (Johnson et al., 2005). Mantle xenoliths are found in several locations. Ivanov et al. (2015) mapped it as Pleistocene and reported ages between 0.5 and 1.2 Ma.",53.75,113.25,1250.0,Pleistocene
302050,Tunkin Depression,Cluster,Volcanic field,Russia,Eastern Asia Volcanic Regions,Baikal Rift Volcanic Province,"The Tunkin Depression volcanic field (also known as the Tunka Depression) covers a broad area immediately west of the SW tip of Lake Baikal. The Khobok group of basaltic cinder cones near the village of Tunka, one of five groups of cinder cones characterized by some sources as late-Pleistocene to Holocene in age, has the largest concentration of vents. Drill cores show that the upper 500 m of the basin is filled with Quaternary tuffs and a dozen lava flows; subsidence continues, partially burying volcanic features. Other cinder cones of probable Pleistocene age are located to the SE in the Khamar-Dayan Range. The youngest cinder cones and lava flows are in the NE part of the Tunkin Depression. A regional review by Ivanov et al. (2015) mapped volcanism in this area as Pleistocene.",51.5,102.5,1200.0,Pleistocene
302070,East Tuva Volcanic Field,Cluster,Volcanic field,Russia,Eastern Asia Volcanic Regions,Baikal Rift Volcanic Province,"The large East Tuva volcanic field is located WNW of the SW tip of Lake Baikal and N of the Mongolian border. The gently sloping Azas Plateau, also known as the East Tuva Plateau, the Northeast Tuva Plateau, or the Khamsara-Biykhem Plateau, covers an area of about 2,000 km2. Its glacially dissected surface is cut by broad valleys and contains several table-like mountains composed of hyaloclastites and lava flows, and has numerous small scoria cones. The Shivit-Tayga stratovolcano is one of the most prominent features of the plateau and is capped by two craters that once contained lava lakes. Derbi-Tayga is glacially eroded shield volcano. The surface of the Ulug-Arginsky cinder cone, initially considered to be Holocene, has large granitic erratics and was given a late Pleistocene age by Hasenaka et al. (1999). Some valley filling basaltic flows are not glacially eroded; lava flows near the Bii-Hem River may be of Holocene age. Ivanov et al. (2015) identified only Pliocene and/or Pleistocene volcanoes as part of this field.",52.433,98.303,2765.0,Pleistocene
302800,Dgida Basin,Cluster,Pyroclastic cone(s),Russia,Eastern Asia Volcanic Regions,Baikal Rift Volcanic Province,"The Dgida Basin volcanic field, also known as the Dzhida Basin, is located south of the SW tip of Lake Baikal, near the border with Mongolia. One of a series of approximately E-W-trending depressions, the basin contains Quaternary lava flows and cinder cones ranging from 55 to 240 m in height. At least two stages of volcanism are present, the first of which includes lava flows overlying the 20 m terrace of the Dgida, Darkhintuy, and Khammey rivers. Lava flows in the Darkhintuy valley are overlain by gravels, which are in turn are overlain by lava flows from the Bartoy valley. Earlier Pleistocene-to-Holocene estimates of the age of the volcanism (summarized in Whitford Stark, 1987) were modified by age-dating by Rasskazov et al. (1996), who indicated that the final stage of activity took place during the early to mid-Pleistocene.",50.52,103.25,1500.0,Pleistocene
303020,Khanuy Gol Volcanic Field,Cluster,Volcanic field,Mongolia,Eastern Asia Volcanic Regions,Baikal Rift Volcanic Province,"The Khanuy Gol (also spelled Hanui or Hanuy Gol) Volcanic Field is also known as the Chanuj Gol or Bulgan volcanic field. It consists of a group of 10 olivine-basaltic lava and cinder cones in west-central Mongolia about 150 km WNW of the capital city of Ulaanbaatar. The field covers a 3,500 km2 plain along the Khanuy River and in drainages to the east. Basalts along the Orkhan Gol (Orkhan River) to the east were dated at 6.4 to 1.5 million years (Whitford-Stark, 1987). The Togo (or Togoo) group of cones, ~50 km E of Khanuy and N of the settlement of Bulgan, are rich in ilmenite megacrysts and altered peridotite xenoliths; two main cones are ~7 km apart N-S. The volcanic field was considered by IAVCEI (1973) to be late Pleistocene to Holocene, though no precise age dates are available. Ivanov et al. (2015) mapped the volcanic features in this area NE of the Taryat volcanic field as Pliocene and/or Quaternary, but not Holocene.",48.67,102.75,1886.0,Pleistocene
303040,Dariganga Volcanic Field,Cluster,Volcanic field,Mongolia,Eastern Asia Volcanic Regions,Central East Asia Volcanic Province,"The Dariganga volcanic field, located in SE Mongolia near the China border, consists of more than 200 lava and cinder cones erupted from NE-trending parallel fissures. The cones range in height from 25 to 300 m, and vary from partially eroded to completely preserved. Compositionally they are more Na-rich than the K-rich rocks of northern and central Mongolia, and consist of basaltic, trachybasaltic, and foiditic rocks. The southern part of the volcanic field, which may be contiguous with the Dolon Nor volcanic field across the border in China, is rich in ultramafic xenoliths. Yarmolyuk et al. (2024) identified four stages of activity, from the middle Miocene to Pleistocene. Rasskazov et al. (2024) reported that the youngest K-Ar date in their study, 1.6 +/- 0.1 Ma, was from a sample of the Undur-Khuret cone in the southern part of the field.",45.754,114.279,1778.0,Pleistocene
304040,Henglianghu-Dongyuehu Volcanic Field,Cluster,Volcanic field,China,Eastern Asia Volcanic Regions,Northern Tibetan Plateau Volcanic Province,"A volcanic zone spanning ~350 km E-W in NE Tibet was identified by Tong et al. (1988) as having multiple Cenozoic volcanoes. Five locations were named on the small-scale map (Yongbocuo, Bamaoqiongzhong, Kushuihuan-Beishan, Heiguotou, and Yuyiehu). Although only Bamaoqiongzhong is mentioned in later research, this may be due to unknown synonyms or other language translations. However, within this area of the Northern Qiangtang Terrane between the Jinsha Suture to the N and the Longmu Co-Shuanghu Suture to the S, maps compiled by Wang et al. (2008) and Qi et al. (2023) did identify numerous volcanic areas, with a wide range of dates back to 46 Ma. The Bamaoqiongzong volcanic area, ~180 km W and exposed over ~100 km2, contains peralkaline phonolitic and foiditic rocks; although previous described as having a preserved edifice and a lava flow that overlies Quaternary lake deposits (Whitford-Stark, 1987), is further described and mapped as 28-30 Ma by Qi et al. (2023). Two areas were identified in Wang et al. (2026) and Qi et al. (2023) as early Pleistocene: adakitic rhyolites in the Henglianghu area, N of Duogecuoren Lake, was shown as being 3.2-2.5 Ma; non-adakitic felsic lavas in the Dongyue Lake 2.3 Ma area, immediately S of Duogecuoren Lake, had a reported 2.3 Ma age.",34.7322,89.1353,5400.0,Pleistocene
304803,Heishibeihu,Minor,Unknown,China,Eastern Asia Volcanic Regions,Northern Tibetan Plateau Volcanic Province,"Listed as an unnamed Quaternary volcano by IAVCEI (1973), it was included in a summary list of northern Tibetan volcanic locations by Guo et al. (2006) under the name Heishibeihu with a cited 14C date of 670,000 years. A small shield feature is present, with a large lava field. Located ~115 km ESE of the Ashikule Volcanic Field, SE of the Altyn Tagh fault in the Songpan-Ganzi Terrane, the lava field covers 355 km2 (Guo et al., 2006).",35.4686,82.8913,5529.0,Pleistocene
504802,Ulagh Muztagh,Composite,Compound,China,Eastern Asia Volcanic Regions,Northern Tibetan Plateau Volcanic Province,"An unnamed basaltic volcano was listed in this general area by IAVCEI (1973). Although mislocated ~100 km E (1° of longitude), this entry may have been referencing the small mountain ridge of Ulagh Muztagh, ~30 km long and largely snow-covered. It was mapped as 11-4.0 Ma rhyolites in Wang et al. (2016, see citations).",36.4128,87.3836,6945.0,Pleistocene
305832,Longhai,Unknown,Unknown,China,Eastern Asia Volcanic Regions,Central East Asia Volcanic Province,Longhai is a late-Cenozoic volcano (Tong et al. 1988) at the south end of the Zhemin Volcano Group of Chen (1986).      ,24.5,117.5,,Pleistocene
305801,Jianghui Group,Minor,Pyroclastic cone,China,Eastern Asia Volcanic Regions,Central East Asia Volcanic Province,"The Jianghui Volcano Group consists of remnants of about 20 basaltic hills.  Comparatively well-preserved craters exist along the eastern shore of Nushanhu and the western shore of Chaohu. The basalt is of early Quaternary age (Chen 1986; Whitford-Stark 1987, pers. comm.).     ",31.95,118.95,,Pleistocene
305802,Nushan,Minor,Cone,China,Eastern Asia Volcanic Regions,Central East Asia Volcanic Province,Truncated cone of Pliocene-lower Pleistocene age (IAVCEI).  ,33.12,118.75,,Pleistocene
305833,Yichuan,Cluster,Volcanic field,China,Eastern Asia Volcanic Regions,Central East Asia Volcanic Province,Late-Cenozoic volcano (Tong et al. 1988).      ,34.0,113.0,,Pleistocene
305834,Tangy'n,Unknown,Unknown,China,Eastern Asia Volcanic Regions,Central East Asia Volcanic Province,"Late-Cenozoic volcano; name appears as ""Tangy n"" in Tong et al. (1988).      ",35.25,114.5,,Pleistocene
305835,Huixian,Unknown,Unknown,China,Eastern Asia Volcanic Regions,Central East Asia Volcanic Province,Late-Cenozoic volcano (Tong et al. 1988).      ,36.0,115.25,,Pleistocene
305840,Heibei Plain,Unknown,Unknown,China,Eastern Asia Volcanic Regions,Central East Asia Volcanic Province,Late-Cenozoic volcano (Tong et al. 1988).      ,38.0,117.5,,Pleistocene
305803,Datong-Fengzen,Cluster,Volcanic field,China,Eastern Asia Volcanic Regions,Central East Asia Volcanic Province,"The Datong-Fengzhen volcano group, also known as Ta-T'ung or Fanjiatun, is located at the intersection of two regional fault zones.  The volcanic field contains about 80 volcanic vents, including cinder cones and small lava domes.  The central Datong group contains 12 cones.  An historical eruption reported during the 5th century (Chen 1986) has been shown to have originated from spontaneous combustion of a Jurassic coal seam (Zhang 1989, pers. comm.).  The 13 youngest cones of the volcanic field have been Potassium-Argon dated at 0.34-0.37 million years.",40.0,113.28,1882.0,Pleistocene
305845,Chifeng,Unknown,Unknown,China,Eastern Asia Volcanic Regions,Central East Asia Volcanic Province,Late-Cenozoic volcano (Tong et al. 1988).      ,42.25,118.5,,Pleistocene
305806,Dalainuoer,Cluster,Pyroclastic cone(s),China,Eastern Asia Volcanic Regions,Central East Asia Volcanic Province,"Tapponnier and Molnar (1977) documented from satellite images a large volcanic field with fresh features suggesting possible Holocene eruptions. Hang (1989, pers. comm.) indicates that extensive dating by Yang indicates the youngest eruptions were of late Pleistocene age.",44.0,115.5,,Pleistocene
305847,Nuomin,Cluster,Pyroclastic cone(s),China,Eastern Asia Volcanic Regions,Central East Asia Volcanic Province,"The Nuomin volcanic field, identified as Shatu in Ogara (1969) and Whiford-Stark (1987), is dominated by monogenetic cones and lava flows that cover about 600 km2 (Zhao and others, 2014). K-Ar dating by Fan and others (2012, cited in Zhao and others, 2014) indicated eruptions between 2.3 and 0.13 Ma. The most recent activity was at the Sifang Mountin, which is the southern-most cone of the group and contains a small lake in the summit crater.",49.617,123.717,906.0,Pleistocene
305849,Jianshan,Shield,Shield,China,Eastern Asia Volcanic Regions,Central East Asia Volcanic Province,Jianshan volcano (at the Jianshan Farm) is located NW of the Wudalianchi volcanic field. Zhao and others (2014) reported that this isolated monogenetic cinder cone was K–Ar dated at 0.12 ± 0.02 Ma.,48.891,125.615,399.0,Pleistocene
305809,Erkeshan,Minor,Pyroclastic cone(s),China,Eastern Asia Volcanic Regions,Central East Asia Volcanic Province,"Two adjacent volcanic cones are located just NE of the city of Kedong in the Heilongjiang Province of far northeastern of China. The larger eastern cone is about 700 m in diameter, and the smaller western one is 600 m. A third circular feature about 200 m in diameter forms a very low (12 m high) hill about 1 km NW of the western cone. Zhao and others (2014) reported a date of 0.43 +/- 0.01 Ma for the north cone, and noted that Liu and others (2001) had dated the east cone at 0.563 +/- 0.133 Ma.",48.056,126.261,416.0,Pleistocene
305852,Dunhua,Unknown,Unknown,China,Eastern Asia Volcanic Regions,Central East Asia Volcanic Province,Dunhua was described by Whitford-Stark (1987) as being composed of flows of two or three different ages.,43.163,127.939,826.0,Pleistocene
305853,Yitong Group,Minor,Lava dome(s),China,Eastern Asia Volcanic Regions,Central East Asia Volcanic Province,,43.33,125.25,389.0,Pleistocene
305854,Fanjiatung Group,Minor,Cone(s),China,Eastern Asia Volcanic Regions,Central East Asia Volcanic Province,,43.75,125.17,283.0,Pleistocene
305855,Kuandian,Minor,Pyroclastic cone(s),China,Eastern Asia Volcanic Regions,Central East Asia Volcanic Province,,40.75,124.67,513.0,Pleistocene
306020,Ch'uga-ryong,Shield,Shield,North Korea-South Korea,Eastern Asia Volcanic Regions,Central East Asia Volcanic Province,"An area of extensive basaltic lava flows occupies a graben, the NNE-SSW-trending Ch'uga-ryong rift, that cuts diagonally across the border between North and South Korea. As summarized by Whitford-Stark (1987), Tomita (1969) noted that a 40-km-long lava flow originated from the low Ap-san shield volcano, which has a 200-m-wide summit crater and more than 20 satellitic cones, and another voluminous late-Pleistocene lava flow is 60 km long. Tomita (1967) stated that there has been no Holocene volcanism on the Korean Peninsula. Alkaline basaltic lava flows at the SW portion of the rift were erupted over Precambrian sediments and igneous rocks, and were estimated by Lee (1981) to have been produced by up to 11 eruptions in the late Pleistocene or early Holocene. There are no recorded eruptions or dated deposits confirming Holocene activity. The location of this shield volcano and area of lava flows is not well documented, but a map reproduced in Koh et al. (2022) identifies multiple areas of late Pleistocene extrusive rocks in the central part of the peninsula.",38.4667,127.2833,400.0,Pleistocene
306800,Kilchu-Myongch'on,Cluster,Volcanic field,North Korea,Eastern Asia Volcanic Regions,Central East Asia Volcanic Province,,41.0,129.7,,Pleistocene
306801,Koksan-Singye,Shield,Shield,North Korea,Eastern Asia Volcanic Regions,Central East Asia Volcanic Province,"Lava flows located between the cities of Koksan and Singye were listed as probably active in last 2,000 years by IAVCEI (1973). However, Whitford-Stark (1987) lists it as Pleistocene and Tomita (1967) states there has been no Holocene volcanism on the Korean Peninsula. As summarized by Whitford-Stark (1987): ""According to Tomita (1969), this area contains one of the largest lava flows in eastern Asia, being some 45 km from north to south and 20 km from east to west. The flow parallels the Ch'uga-ryong flow to the east, running in a northeast-southwest direction. The lava is of late Pleistocene age and may be associated with a shield volcano."" These flows are shown on a map reproduced in Koh et al. (2022) that identifies multiple areas of late Pleistocene extrusive rocks in the central part of the peninsula.",38.65,126.6,230.0,Pleistocene
311150,Sergief,Composite,Stratovolcano,United States,North America Volcanic Regions,Aleutian Ridge Volcanic Arc,"Sergief is a small stratovolcano on SW Atka Island whose age is poorly known. The SW part of the island is older and less topographically rugged than the NE part of the island. It was tentatively listed as a young volcano in the Post-Miocene Volcanoes of the World catalog of the International Association of Volcanology and Chemistry of the Earth's Interior (1973), but the age of its latest eruption is not precisely known.",52.05,-174.95,560.0,Pleistocene
311370,Isanotski Peaks,Composite,Stratovolcano,United States,North America Volcanic Regions,Aleutian Ridge Volcanic Arc,"Rugged pinnacles form the summit of the deeply eroded Isanotski Peaks stratovolcano, locally known as Ragged Jack, at the center of a group of three volcanoes on eastern Unimak Island. Four poorly documented eruptions were noted in the 18th and 19th centuries. However, Miller et al. (1998) considered that some or all of these events could have been from neighboring Shishaldin, and that the extreme degree of erosional dissection makes recent eruptions unlikely.",54.765,-163.723,2446.0,Pleistocene
311800,Adagdak,Composite,Stratovolcano,United States,North America Volcanic Regions,Aleutian Ridge Volcanic Arc,"Mount Adagdak, at the NE tip of Adak Island, lies across Andrew Lagoon from Mount Moffett volcano and ~15 km NNE of the town of Adak. It consists of a small stratovolcano capping an older shield volcano exposed on the southern side of the complex. An andesitic lava dome fills the summit crater. A late-stage basaltic lava dome was constructed on the SE flank, and a phreatic vent is located on the W flank of the shield volcano. The most recent eruptions are thought to be Holocene (Marsh, in Wood and Kienle 1990) or Pleistocene (Motyka et al. 1993, Nye et al. 1998). Three stages of volcanism were mapped by Bratten, the youngest of which was a lava dome dated at about 210,000 years (AVO, 2005-). The older Andrew Bay volcano, located north of Andrew Lagoon between Adagdak and Moffett volcanoes, is preserved only in erosional remnants. Andrew Bay Hot Springs lie along the coast west of Mount Adagdak.",51.988,-176.592,610.0,Pleistocene
311803,Gilbert,Composite,Stratovolcano,United States,North America Volcanic Regions,Aleutian Ridge Volcanic Arc,Mount Gilbert is deeply eroded and an area of former solfataric activity appears to have been glaciated. Solfataric activity had ceased between 1942 and 1945 (Byers and Barth 1953).,54.25,-165.65,818.0,Pleistocene
312801,Trader Mountain,Composite,Stratovolcano,United States,North America Volcanic Regions,Aleutian Ridge Volcanic Arc,"Trader Mountain is a small dacitic stratocone-like feature with an extrusive dome; lava flows dip away from the center in all directions (Chris Nye, oral commun., 2007).  Wilson and others (1995) alternatively described Trader Mountain as a hypabyssal dacite plug, and report a potassium-argon age of 0.98+/- 0.05 Ma (F.H. Wilson and Nora Shew, unpub. data, 1988).",55.565,-161.944,775.0,Pleistocene
312803,Blue Mountain,Cluster,Volcanic field,United States,North America Volcanic Regions,Alaska Peninsula Volcanic Arc,"The Blue Mountain lava dome cluster immediately west of Upper Ugashik Lake consists of 13 dacitic lava domes. An Ar-Ar date of about 632,000 years was obtained from the highest dome.",57.72,-156.847,541.0,Pleistocene
312804,Gertrude Creek,Minor,Pyroclastic cone,United States,North America Volcanic Regions,Alaska Peninsula Volcanic Arc,"An ice-scoured basaltic scoria cone and associated lava-flow apron lies at Getrude Creek about 5 km NE of Becharof Lake.  The cone was constructed near the trace of the Bruin Bay fault and was Argon-Argon dated at about 500,000 years BP (Hildreth et al., 2003).",58.034,-156.146,437.0,Pleistocene
312805,Devils Desk,Composite,Stratovolcano,United States,North America Volcanic Regions,Alaska Peninsula Volcanic Arc,"Devils Desk, which rises 450 m above the top of Hook Glacier to its west, is the eroded neck of a former stratovolcano, most of which has been removed by extensive erosion.  Three radial dikes exposed as ridges extend from the volcano toward the east.  Devils Desk lies at the NE end of a glacier-mantled range containing small closely spaced volcanic centers that extends from Snowy Mountain, NE of Mount Katmai.  The age of Devils Desk volcano is not known precisely.  Although it was included in a list of probable Holocene volcanoes (Smith et al., 1978), extensive glacial dissection suggests it could be of Pleistocene age (Motyka et al., 1993), and Hildreth et al. (2003) obtained a Potassium-Argon date of about 245,000 years from a block on the SW face, similar to the age of one of the nearby rear-arc Savonoski cones.",58.474,-154.306,1955.0,Pleistocene
312806,Savonovski River Cluster,Composite,Stratovolcano(es),United States,North America Volcanic Regions,Alaska Peninsula Volcanic Arc,"A group of small Pleistocene stratovolcanoes and a scoria cone lies behind the volcanic front near the headwaters of the Savonovski River, NW of the Denison to Devils Creek alignment of volcanoes. Dated ages range from about 88,000 to 390,000 years (Hildreth et al., 2003).",58.55,-154.5,1298.0,Pleistocene
313800,Double Glacier,Minor,Lava dome(s),United States,North America Volcanic Regions,Alaska Peninsula Volcanic Arc,"Double Glacier volcano is a Pleistocene lava dome complex forming a nunatak in Double Glacier.  Potassium-Argon dates range from 627 to 887 thousand years ago (Reed et al. 1992).  Nearby Double Peak, 5 km to the north, was once thought to be a volcano (Coats 1950, IAVCEI 1973), but reconnaissance mapping indicates the peak probably consists of Jurassic plutonic rocks (Reed et al. 1992).     ",60.68,-152.62,1239.0,Pleistocene
314020,Nunivak Island,Cluster,Shield,United States,North America Volcanic Regions,Northern Alaska-Bering Sea Volcanic Province,"Nunivak Island contains about 60 cinder cones and four maars; the surface of the island is dominated by thin pahoehoe lava flows that form a carapace over Cretaceous sedimentary rocks. The 110-km-wide permafrost-covered island lies about 30 km off the coast of SW Alaska. Widespread lava flows originate from small shield volcanoes and cover much of the island, which has numerous cinder cones and other vents. Two of the maars have about 200 m of relief, with floors near sea level. Eruptions occurred during five broad periods of activity that began 6.1 million years ago and continued until about 150 ka. The bulk of the volcanic field, over 427 km3, was formed during two Pleistocene eruptive periods that ended about 300,000 years ago. The most recent eruptions produced a series of alkalic basalt lava flows and tephra deposits from cinder cones and maars along an E-W zone in the southern part of the island.",60.02,-166.33,511.0,Pleistocene
314050,Kookooligit Mountains,Shield,Shield,United States,North America Volcanic Regions,Northern Alaska-Bering Sea Volcanic Province,The Kookooligit Mountains are a 30 x 40 km shield volcano of Pleistocene-to-Holocene age in north-central St. Lawrence Island. The basaltic shield is composed of massive columnar-jointed lava flows overlain by more than 100 small cones (20-60 m high). Most of the cones are aligned E-W along the crest of the elongated shield.,63.6,-170.43,673.0,Pleistocene
314800,St. George,Cluster,Volcanic field,United States,North America Volcanic Regions,Northern Alaska-Bering Sea Volcanic Province,"St. George Island is comprised of Tertiary to late-Pleistocene cones and lava flows (Lee-Wong, in Wood and Kienle 1990). An eruption was reported NE of the island in 1815, but ""in spite of these assertations any present volcanic activity must be regarded as doubtful"" (Barth 1956).",56.58,-169.58,288.0,Pleistocene
314803,Togiak Valley,Cluster,Volcanic field,United States,North America Volcanic Regions,Northern Alaska-Bering Sea Volcanic Province,"The Togiak volcanics are a late-Pleistocene sequence of thin lava flows that includes the subglacially formed Togiak Tuya (Wood and Kienle, 1990).      ",59.2,-160.08,300.0,Pleistocene
314804,Ingrichuak Hills,Minor,Pyroclastic cone(s),United States,North America Volcanic Regions,Northern Alaska-Bering Sea Volcanic Province,"The Ingrichuak Hills consist of at least five low lava shields of probably Quaternary age (Moll-Stalcup, in Wood and Kienle, 1990).      ",62.22,-164.3,188.0,Pleistocene
314805,Selawik Hills,Cluster,Pyroclastic cone(s),United States,North America Volcanic Regions,Northern Alaska-Bering Sea Volcanic Province,Includes six vents and other scattered lava fields to south of Selawik Hills (IAVCEI) of Tertiary to Pleistocene age.,66.033,-160.067,365.0,Pleistocene
314806,Espenberg,Cluster,Volcanic field,United States,North America Volcanic Regions,Northern Alaska-Bering Sea Volcanic Province,"One of the northernmost areas of Quaternary volcanism in North America, the Espenberg volcanic field, is located at the northern tip of the Seward Peninsula just south of the Arctic Circle. The five maars, the largest known on Earth, were erupted through thick permafrost during the late Pleistocene. They were at one time considered to have been active into the Holocene (from about 120,000 to about 7000 years ago), but later radiocarbon dating indicated that the youngest maar, Devil Mountain, erupted about 17,500 years ago (Begét et al., 1996). The compound Devil Mountain maar, consisting of two intersecting craters, is 8 x 6 km wide, and North and South Killeak maars are 4 and 5 km wide, respectively. Whitefish maar is 4.3 km wide. The maars were excavated 100-300 m below the ground surface, with lake surfaces 60-80 m below the surrounding topography. The late-Pleistocene basaltic field also contains five older small shield-like volcanoes.",66.35,-164.33,243.0,Pleistocene
315010,Sanford,Shield,Shield,United States,North America Volcanic Regions,Wrangell Volcanic Arc,"Massive dissected Mount Sanford shield volcano is one of the highest Quaternary volcanoes in the United States. The glacier-covered andesitic volcano towers above the Copper River and has a broad, bulbous top that is surrounded by massive, glacially excavated cirques, most prominent on the SW and SE sides of the summit. The upper part of this little-studied, ice-covered volcano is possibly of Holocene age (Richter, in Wood and Kienle, 1990) and developed on a base of three coalescing andesitic shield volcanoes south, NW and NNW of the summit that began to form about 900,000 years ago. A massive mid-Pleistocene rhyolitic lava flow from a NE-flank vent traveled more than 18 km to the NE.  Basaltic lava flows that were erupted from a NE-flank rift zone about 320,000 years ago mark the latest radiometrically dated activity.",62.213,-144.13,4959.0,Pleistocene
315021,Gordon,Minor,Pyroclastic cone(s),United States,North America Volcanic Regions,Wrangell Volcanic Arc,"Mount Gordon is the most prominent of a group of Pleistocene and Holocene cinder cones in the northern Wrangell Mountains SE of Tanada volcano. Most are less than 100 m high, but Gordon is a composite basaltic cinder-lava cone 5 km in diameter and 625 m high. Many of the cones retain their original constructional forms (Richter, in Wood and Kienle, 1990). Construction of the largely ice-covered Gordon was preceded by the effusion of basaltic lava flows, and airfall deposits from the cone cover the area; the precise age is not known.",62.1315,-143.089,2760.0,Pleistocene
315802,Jumbo Dome,Minor,Lava dome,United States,North America Volcanic Regions,Alaska Peninsula Volcanic Arc,"Jumbo Dome is a large cylindrical plug of hornblende andesite 1.6 km long, 1.3 km wide, and 500 m high which intrudes the Devonian Keevy Peak Formation basement and overlying Tertiary Suntrana Formation (AVO, 2005-).  Ar/Ar dating by Athey et al. (2006) yielded an age for Jumbo Dome of 1.026 +/- 0.057 Ma.",63.966,-148.685,1369.0,Pleistocene
315800,Prindle,Minor,Pyroclastic cone,United States,North America Volcanic Regions,Northern Cordilleran Volcanic Province,Prindle volcano is a small isolated basaltic cinder cone and lava flow in an area of metamorphic and granitic terrain.  The cone formed sometime between the early Pleistocene and the about 1900 years before present White River ash that overlies the lava flow; Foster (in Wood and Kienle 1990) considered Prindle to be of Pleistocene age.     ,63.716,-141.634,1245.0,Pleistocene
315801,Capital,Shield,Shield,United States,North America Volcanic Regions,Wrangell Volcanic Arc,"The relatively small Capital Mountain andesitic shield volcano, north of Mount Sanford, contains a 4-km-wide summit caldera apparently of non-explosive origin. Shield and intracaldera lavas and dikes are dated 1-1.1 Ma (Richter, in Wood and Kienle 1990).",62.43,-144.12,2356.0,Pleistocene
315803,Drum,Composite,Stratovolcano,United States,North America Volcanic Regions,Wrangell Volcanic Arc,"The westernmost volcano of the Wrangell volcanic field, Mount Drum was formed during two cycles of activity between about 750 and 250 ka, the last of which included the emplacement of an arcuate ring of ten dacitic lava domes between 350 and 250 ka (Richter et al. 1994). The latest activity resulted in destruction of the southern half of the volcano and the formation of debris avalanches that covered a 200 km2 area during the late Pleistocene.",62.12,-144.63,3661.0,Pleistocene
315804,Tanada,Shield,Shield,United States,North America Volcanic Regions,Wrangell Volcanic Arc,"Tanada Peak is an eroded remnant of an andesitic shield volcano with a former 8 x 6 km summit caldera. The 1-2 Ma old shield lavas are mostly eroded away, but younger cones are found to the north and south (Richter, in Wood and Kienle 1990).",62.3,-143.52,2816.0,Pleistocene
315805,Jarvis,Composite,Stratovolcano,United States,North America Volcanic Regions,Wrangell Volcanic Arc,"Miller and Richter (1994) noted that Jarvis is the high point of a slightly curvilinear, N-trending, 10-km-long, 4,000-m-high ridge. The ridge, covered in snow and ice, consists of a thick sequence of dacitic and andesitic lava flows and capped by either a massive dacite flow or by a series of smaller dacite domes. One K-Ar age on possible basal flows suggests an age of about 1.6 Ma (Richter and Smith, 1976).",62.024,-143.619,4112.0,Pleistocene
315808,Basalt Knob,Minor,Cone,United States,North America Volcanic Regions,Queen Charlotte Volcano Group,Mapped as Quaternary?; not likely present when glacial erosion formed inlet (Rossman 1959).,58.03,-136.33,100.0,Pleistocene
320130,Satah Mountain,Cluster,Volcanic field,Canada,North America Volcanic Regions,Interior Western Canada Volcanic Province,"The Satah Mountain Volcanic Field on the Chilocotin-Nechako Plateau in central British Columbia consists of a N-S-trending chain of pyroclastic cones (Hickson 1990, pers. comm.). This long ridge of trachytic lava domes and flows, and basaltic and trachybasaltic pyroclastic cones, extends south from the felsic Itcha Range volcanic complex. The youngest cone is well preserved and could be of comparable age to the 7200-year-old Nazko cone 80 km NE (Charland et al., 1993). However, Ar-Ar dating of multiple cones by Kuehn et al., 2015) found that the youngest was about 1.43 Ma. Kuehn et al. (2015) also interpreted Satah as belonging to the Anahim Volcanic Belt.",52.417,-124.617,1923.0,Pleistocene
320804,Kawdy Metah,Cluster,Volcanic field,Canada,North America Volcanic Regions,Northern Cordilleran Volcanic Province,"The Kawdy Metah volcanic field lies along the Kawdy Plateau north of Level Mountain and contains a group of tuyas and subglacial mounds of Pleistocene age (Hickson et al., 1994).      ",59.02,-131.15,1950.0,Pleistocene
320805,Dark Mountain,Cluster,Volcanic field,Canada,North America Volcanic Regions,Northern Cordilleran Volcanic Province,"The Dark Mountain volcanic field in the Cassiar Mountains consists of remnants of a group of subglacial mounds now forming volcanic rock outcrops east of Dease Lake and east of the Tuya Butte and High Tuya Lake subglacial volcanic fields (Hickson et al., 1994).",58.52,-129.6,1972.0,Pleistocene
320806,Klastline Group,Cluster,Pyroclastic cone(s),Canada,North America Volcanic Regions,Northern Cordilleran Volcanic Province,"At least six vents on the Klastline Plateau, the largest of which is the volcanic neck of Castle Rock, are mapped as Quaternary and have produced linear ridges composed of subglacial piles of pillow lava and tuff-breccia (Souther, 1972). Rocks from the nearby Stikine River volcanic field are K-Ar dated from 4.6-5.4 million years ago (Hickson, in Wood and Kienle, 1990).",57.88,-130.2,1980.0,Pleistocene
320807,Hogum Range,Cluster,Volcanic field,Canada,North America Volcanic Regions,Northern Cordilleran Volcanic Province,"The Hogum Range contains a group of at least 7 volcanic necks which are associated with dikes, lava flow remnants, and pyroclastic cones.  Some of the cones contain striated boulders, occur in places where they would have been destroyed by Pleistocene glaciers, and are considered to be of Recent age by Lord (1948).  Souther (in Wood and Kienle, 1990) indicates that the relationship of intravalley flows to the present topography suggests a Quaternary age.  Recent work indicates all activity ceased during the Pleistocene (Hickson et al., 1994).    ",56.15,-126.7,2020.0,Pleistocene
320808,Alice Arm,Cluster,Volcanic field,Canada,North America Volcanic Regions,Northern Cordilleran Volcanic Province,"Eroded volcanic outcrops of Pleistocene age are found in the Alice Arm area west and north of Tseax River Cone (Hickson et al., 1994).      ",55.43,-129.37,,Pleistocene
320809,Itcha Range,Cluster,Shield,Canada,North America Volcanic Regions,Interior Western Canada Volcanic Province,"The Itcha Range, one of the Miocene to Pliocene felsic shield volcano complexes of the Anahim Volcanic Belt in central British Columbia, is capped by a large number of basaltic cinder cones of Pliocene to latest Pleistocene age. The highly dissected complex covers an area of 300 km2. Potassium-Argon dates on the younger pyroclastic cones and tuff rings, primarily in the eastern half of the complex, range from 2.2 to 0.8 million years ago (Ma). The youngest lavas are basanite flows in the NW and NE part of the complex. The freshest and best preserved cinder cone in the center of the shield could be much younger, perhaps as young as the 340,000 to 7,100 years before present Nazko cone to the east (Charland et al., 1993). The cone has not been dated and the latest volcanism is most likely of late Pleistocene age (Hickson et al., 1994).",52.667,-124.833,2371.0,Pleistocene
320817,Quesnel Cone Group,Minor,Pyroclastic cone(s),Canada,North America Volcanic Regions,Interior Western Canada Volcanic Province,"A group of pyroclastic cones of Pliocene to Quaternary age are located near Quesnel Lake. The Abbott Creek Cone, about 6.5 km N of Quesnel Lake, was given an Ar-Ar age of 180 ka by Kuehn et al. (2015), confirming the Quaternary activity. However, another outcrop thought to be Quaternary yielded a Jurassic Ar-Ar age (Kuehn et al., 2015).",52.5,-121.17,1646.0,Pleistocene
320810,Chilcotin Group-North,Cluster,Volcanic field,Canada,North America Volcanic Regions,Interior Western Canada Volcanic Province,"The Chilcotin basalts form an extensive series of flat-lying basaltic lava flows of Miocene to Pleistocene age covering the interior of British Columbia (Mathews, 1989).  The flow remnants form eroded volcanic outcrops that appear to have been erupted from now-eroded coalescing small shield volcanoes scattered throughout the intermontaine region.  Most flows are 5-10 m thick, but locally are very thick (up to 200 m) where they fill palaeovalleys.  In some instances thick sequences of pillows are found, in other localities they form a thin veneer under glacial drift.  The Chilcotin basalts are listed here in two groups--a northern group in the Chilcotin Plateau area, and a southern group in the Thompson Plateau.  Eroded volcanic outcrops of Pleistocene age of the northern Chilcotin group are found at Alixton Creek, Big Bar, Browns Lake, Crows Bar, Dog Creek, Prentice Gulch, and Thaddeus Lake (Hickson et al., 1994).  ",51.45,-122.33,1800.0,Pleistocene
320812,Squamish,Cluster,Volcanic field,Canada,North America Volcanic Regions,Garibaldi Volcanic Arc,"The Squamish volcanic field contains the southernmost vents of the Garibaldi volcanic belt.  Late Pleistocene eruptions formed The Castle, a dramatic strongly jointed spire above the town of Squamish formed by ice contact lava extrusion (Mathews, 1958), and Watts Point, on Howe Sound south of Squamish, formed by subglacial valley floor lava extrusion.  The dacite flows at Watts Point are Potassium-Argon dated at 0.09 and 0.13 million years (Green et al., 1988).    ",49.65,-123.22,790.0,Pleistocene
320813,Chilcotin Group-South,Cluster,Volcanic field,Canada,North America Volcanic Regions,Interior Western Canada Volcanic Province,"The southern part of the Miocene to Pleistocene Chicotin basalts forming an extensive series of basaltic lava flows covering much of the Thompson Plateau and Okanagan Highland in the interior of southern British Columbia are referred to as the Chilcotin Group-South.  These basalts are tectonically and petrologically similar to the Chilcotin basalts to the NW, listed separately in this compilation.  The Chicoltin basalts appear to have been erupted from discrete centers, no longer preserved, and form scattered outcrops of thin basaltic flows that are locally thick where they fill palaeovalleys.  Five areas of Recent volcanic deposits are mapped north of Princeton and SE of Merritt (Church and McAdam, 1983).  Two Potassium-Argon dates of 0.04 million years ago have been obtained on these rocks (Hickson, in Wood and Kienle, 1990), and the Chilcotin basalts are considered to be no younger than late Pleistocene (Hickson et al. 1994).  Eroded volcanic outcrops of Pleistocene age in the southern Chilcotin group are found at Kelowna, Lambley Creek, Missezula Lake, Nicola (Chester), Quilchena Creek, and West Kettle River (Hickson et al., 1994). ",50.15,-119.62,2100.0,Pleistocene
321800,Tumac Mountain,Minor,Pyroclastic cone,United States,North America Volcanic Regions,High Cascades Volcanic Arc,"Tumac Mountain cinder cone north of White Pass was mapped as Holocene by Simmons et al. (1983). However, tephra studies by Schasse (1987) indicated that the last eruption was 20-30,000 years before present.",46.713,-121.352,1932.0,Pleistocene
321801,Goat Rocks,Composite,Stratovolcano,United States,North America Volcanic Regions,High Cascades Volcanic Arc,"The deeply eroded Goat Rocks stratovolcano was active between about 2.5 and 0.5 million years ago (Ma) (Swanson, in Wood and Kienle 1990). The andesitic volcano was constructed over older products of a major rhyolitic explosive eruption. During the late Pliocene and early Pleistocene the small Hogback Mountain shield volcano was constructed south of White Pass.  About 1.0 Ma the Tieton Andesite, the earth's largest known andesitic lava flow, traveled 80 km to the east.  Following extensive erosion, mid to late Pleistocene andesites were erupted onto the glaciated Cispus River valley.",46.5,-121.4,2494.0,Pleistocene
321802,Marble Mountain,Shield,Shield,United States,North America Volcanic Regions,High Cascades Volcanic Arc,"Marble Mountain, an andesitic shield volcano SE of Mount St. Helens and N of Swift Reservoir, was last active about 160,000 years ago (Wood and Kienle, 1990).",46.109,-122.129,1255.0,Pleistocene
321803,Simcoe,Cluster,Volcanic field,United States,North America Volcanic Regions,High Cascades Volcanic Arc,"The Simcoe volcanic field, of Pliocene-to-Pleistocene age, lies east and SE of Mount Adams. Small shield volcanoes and cinder cones, many erupted along N-S fissures, range in age to about 500,000 years old.",46.1,-120.9,1775.0,Pleistocene
322130,Lava Mountain,Cluster,Volcanic field,United States,North America Volcanic Regions,High Lava Plains Volcanic Province,"The Lava Mountain lava field is the middle of a group of three young basaltic fields located in the High Lava Plains SE of Newberry volcano. In contrast to the small fissure vents of the adjacent Devils Garden lava field, the Lava Mountain field consists of a shield volcano capped by the Lava Mountain pyroclastic cone complex that forms a prominent topographic high. Lava flowed in all directions for distances up to 6 km from the summit cone complex. The age of the lava field is not known directly, but Lava Mountain is thought to have been formed during the same eruption as nearby Four Craters lava field (only 6 km away), whose vents share alignment along the regional fault system extending from Christmas Valley NNW to Quartz Mountain. Both lava fields have similar lava chemistry and paleomagnetic directions, and the Four Craters eruption was dated based on surface exposure evidence by Mackey et al. (2012) to 13 ka.",43.472,-120.754,1711.0,Pleistocene
322140,Four Craters Lava Field,Cluster,Volcanic field,United States,North America Volcanic Regions,High Lava Plains Volcanic Province,"The Four Craters Lava Field is the SE-most of a group of three basaltic lava fields SE of Newberry volcano in the High Lava Plains of central Oregon. The lava field originated from four pyroclastic cones that were constructed along a roughly 4-km-long NW-SE-trending line. The NW-most and highest cone has a well-preserved crater rim. The other cones are breached to the W, SW, and S, respectively. Multiple surface exposure dates place the emplacement of the field at about 13 ka (Mackey et al., 2012).",43.361,-120.669,1501.0,Pleistocene
322800,Boring Lava,Cluster,Volcanic field,United States,North America Volcanic Regions,High Cascades Volcanic Arc,"The Boring Lava volcanic field, underlying part of the city of Portland, Oregon, and neighboring areas to the east and across the Columbia River in Washington, was active from the Pliocene until about the mid-Pleistocene. The field consists of at least 32 to perhaps 50 small basaltic shield volcanoes and cinder cones, with a large concentration of vents located NW of the town of Boring, Oregon. Larch Mountain shield volcano near the eastern end of the volcanic field is the highest summit. These volcanoes lie about 100 km W of the main Cascade Range volcanoes.",45.3,-122.5,1236.0,Pleistocene
322801,Defiance,Shield,Shield,United States,North America Volcanic Regions,High Cascades Volcanic Arc,"Mount Defiance, an andesitic shield volcano, lies south of the Columbia River Gorge and SW of the town of Hood River, Oregon.",45.649,-121.723,1512.0,Pleistocene
322802,Lost Lake Butte,Shield,Shield,United States,North America Volcanic Regions,High Cascades Volcanic Arc,Andesitic Lost Lake Butte shield volcano lies NW of Mount Hood volcano and overlooks Lost Lake.,45.496,-121.796,1362.0,Pleistocene
322803,Wilson,Shield,Shield(s),United States,North America Volcanic Regions,High Cascades Volcanic Arc,"Mount Wilson is the most prominent of a group of Pleistocene shield volcanoes between Olallie Butte and Mount Hood (Sherrod, in Wood and Kienle, 1990).  Summit Butte shield volcano lies to the SW and Clear Lake Butte to the NW.",45.066,-121.658,1707.0,Pleistocene
322804,Olallie Butte,Shield,Shield(s),United States,North America Volcanic Regions,High Cascades Volcanic Arc,"Ollalie Butte is a basaltic andesite shield volcano that is older than about 25,000 years before present. North Pinhead cinder cone to the north is younger, but its flows are glaciated, suggesting an age of more than 11,000 years (Sherrod, in Wood and Kienle 1990). Sisi Butte, another shield volcano and other cinder cones are located nearby.     ",44.82,-121.75,2199.0,Pleistocene
322805,Three Fingered Jack,Shield,Shield(s),United States,North America Volcanic Regions,High Cascades Volcanic Arc,"Three Fingered Jack is a distinctive deeply eroded basaltic andesite shield volcano that forms the highest peak between Mt. Jefferson and the Three Sisters. A pyroclastic cone buttressed by radial dikes forms its sharp-ridged summit. Other Pleistocene shield volcanoes and cinder cones are found to the NW and SW, and Hogg Rock Butte near Santiam Pass is a tuya formed during subglacial eruptions. The Maxwell Butte shield volcano 
 to the SW is less eroded, and erupted between about 80,000 and 40,000 years before present.",44.48,-121.842,2390.0,Pleistocene
322806,Black Butte,Composite,Stratovolcano,United States,North America Volcanic Regions,High Cascades Volcanic Arc,"Black Butte is a prominent small stratovolcano east of the Cascade Range crest. Despite its youthful profile, Black Butte is older than many other Cascade Range stratovolcanoes because of its position in a rain shadow to the east. Potassium-Argon dates average around 0.45 million years ago (Taylor, 1981). A NW-SE-trending chain of Pleistocene cinder cones lie east of Black Butte, and other Pleistocene cinder cones lie to the south.",44.4,-121.63,1962.0,Pleistocene
322807,Washington,Shield,Shield,United States,North America Volcanic Regions,High Cascades Volcanic Arc,"Mount Washington is an eroded Pleistocene basaltic andesite shield volcano capped by a steep-sided central plug that is the most prominent landmark between North Sister and Three Fingered Jack volcanoes.  The Cache Mountain cinder cones lie to the NE, and the Hayrick Butte tuya and the Recent cinder cone Hoodoo Butte to the NW.   A series of aligned spatter cones on the NE flank along a regional fissure that extends to about 4 km from the summit erupted about 1300 years ago, but ejecta from this chain is petrographically similar to Blue Lake Crater ejecta and is considered to have erupted at the same time (Sherrod et al., 2004).    ",44.332,-121.837,2376.0,Pleistocene
322808,Black Crater,Shield,Shield(s),United States,North America Volcanic Regions,High Cascades Volcanic Arc,"Black Crater is a Pleistocene basaltic andesite shield volcano SE of Belknap volcano. Trout Creek Butte volcano lies to the SE of Black Crater, and scattered Pleistocene cinder cones lie to the NE.",44.266,-121.749,2210.0,Pleistocene
322809,Scott Mountain,Shield,Shield,United States,North America Volcanic Regions,High Cascades Volcanic Arc,Scott Mountain is a Pleistocene basaltic andesite shield volcano lying SW of Belknap volcano.,44.241,-121.915,1864.0,Pleistocene
322810,Tumalo,Minor,Lava dome(s),United States,North America Volcanic Regions,High Cascades Volcanic Arc,"The Tumalo volcanic center is the inferred source of large-volume Pleistocene ashflows such as the Desert Spring Tuff, the Bend Pumice and Tumalo Tuff, and the Shevlin Park Tuff.  The area contains a large number of rhyolitic domes, such as Melvin Butte, and andesitic cinder cones, such as those in the Triangle Hill area, which are compositionally similar to the Tumalo Tuff (and correlative Bend Pumice) and Shevlin Park Tuff, respectively.",44.099,-121.541,1955.0,Pleistocene
322811,Broken Top,Composite,Stratovolcano,United States,North America Volcanic Regions,High Cascades Volcanic Arc,"Broken Top is a complex dominantly basaltic andesite stratovolcano immediately SE of South Sister volcano. It is extensively eroded by glaciers, with the summit crater breached to the SE. Intermittent eruptions of andesite, dacite, and rhyolite have produced lava flows, pyroclastic flows, and airfall tephra. A late Pleistocene or early Holocene debris avalanche traveled 7 km N (Hildreth et al., 2012). Cayuse Crater on the upper SW flank is considered to be related to a possible magma reservoir underlying the South Sister area, and is assigned to South Sister rather than Broken Top (Fierstein et al., 2011). A radiocarbon age of 9,520 +/- 100 years before present (BP) from sediment beneath Cayuse Crater scoria is considered to be suspect because of lack of pretreatment and possible contamination by younger material. The scoria overlies glacial till considered to be 11,000-12,500 or as old as 14,000 years BP (Sherrod 1995, pers. comm.).",44.08,-121.7,2797.0,Pleistocene
322812,Williamson Mountain,Shield,Shield(s),United States,North America Volcanic Regions,High Cascades Volcanic Arc,"Williamson Mountain, the highest of a group of small Pleistocene shield volcanoes or large cinder cones SW of Mount Bachelor,  is flanked by Elk Mountain to the north and Sixbit Point to the WSW.  A N-S-trending chain of cinder cones lies between Elk Mountain and Sixbit Point, and Packsaddle Mountain shield volcano lies west of Sixbit Point.",43.924,-121.825,1921.0,Pleistocene
322813,Irish Mountain,Shield,Shield,United States,North America Volcanic Regions,High Cascades Volcanic Arc,"Irish Mountain, a Pleistocene shield volcano SW of Williamson Mountain, was roughly estimated to be 0.25-0.73 million years (Sherrod, in Wood and Kienle, 1990).  A N-S-trending chain of cinder cones cuts across Irish Mountain.",43.851,-121.975,2101.0,Pleistocene
322814,Taylor Butte,Shield,Shield,United States,North America Volcanic Regions,High Cascades Volcanic Arc,The Pleistocene Taylor Butte shield volcano lies SW of Irish Mountain.  A chain of N-S-trending cinder cones lies SSW of Taylor Butte.,43.805,-122.018,1775.0,Pleistocene
322815,Cultus Mountain,Shield,Shield,United States,North America Volcanic Regions,High Cascades Volcanic Arc,,43.819,-121.871,2060.0,Pleistocene
322816,Wuksi Butte-Twin Lakes,Cluster,Volcanic field,United States,North America Volcanic Regions,High Cascades Volcanic Arc,"The Wuksi Butte-Twin Lakes volcanic field is a 7-km-long N-S trending chain SW of Lookout Mountain consisting of scoria cones at the north and three tuff rings up to 1 km in diameter at the south.  At one time considered to be of probable Holocene age (Smith et al.1978), the chain is now thought to have last been active during the latest Pleistocene--lava flows are overlain by a well-developed soil beneath the Mazama ash, suggesting that the volcanic chain is considerably older than 6800 years before present (Scott et al., 1989).    ",43.77,-121.77,1590.0,Pleistocene
322817,Cupit Mary Mountain,Shield,Shield,United States,North America Volcanic Regions,High Cascades Volcanic Arc,"Cupit Mary Mountain, a basaltic andesite shield volcano west of Waldo Lake, has K-Ar dates of 0.3 and 0.68 million years (Sherrod, in Wood and Kienle, 1990).",43.731,-122.11,1879.0,Pleistocene
322818,Fuji Mountain,Shield,Shield(s),United States,North America Volcanic Regions,High Cascades Volcanic Arc,"Fuji Mountain shield volcano SW of Waldo Lake was considered to of Pleistocene age (Sherrod, in Wood and Kienle, 1990).  Mount Ray to the ENE, south of Waldo Lake is reversely polarized and older than 0.73 million years.",43.659,-122.103,2177.0,Pleistocene
322819,Maiden Peak,Shield,Shield(s),United States,North America Volcanic Regions,High Cascades Volcanic Arc,"Maiden Peak is the highest and southernmost of a chain of Pleistocene shield volcanoes and pyroclastic cones extending from north of Odell Lake to Charlton Butte.  The Twins shield volcano lies across a low saddle north of Maiden Peak, Maklak Mountain lies to the SE of Maiden Peak, and an unnamed volcano that is the site of the WIllamette Pass ski area lies immediately SW of Maiden Peak.",43.627,-121.965,2383.0,Pleistocene
322820,Red Top Mountain,Shield,Shield(s),United States,North America Volcanic Regions,High Cascades Volcanic Arc,Red Top Mountain and Lakeview Mountain shield volcanoes of Pleistocene age lie between Odell and Crescent Lakes.,43.51,-122.03,2118.0,Pleistocene
322821,Cowhorn Mountain,Shield,Shield(s),United States,North America Volcanic Regions,High Cascades Volcanic Arc,"The glacially modified Cowhorn and Sawtooth Mountain shield volcanoes and adjacent cinder cones lie SW of Crescent Lake.  A lava from Sawtooth Mountain, located SW of Cowhorn Mountain was K-Ar dated at 0.56 and 0.52 million years (Sherrod, in Wood and Kienle, 1990).",43.4,-122.054,2336.0,Pleistocene
322822,Cappy Mountain,Composite,Stratovolcano,United States,North America Volcanic Regions,High Cascades Volcanic Arc,"Cappy Mountain is a large, dissected mid-Pleistocene stratovolcano NNE of Mt. Thielson and south of Crescent Lake with rhyodacitic lavas around its flanks.",43.31,-121.979,2253.0,Pleistocene
322823,China Hat-East Butte,Minor,Lava dome(s),United States,North America Volcanic Regions,High Lava Plains Volcanic Province,"China Hat and the adjacent East Butte silicic lava domes, located ESE of Newberry volcano, have K-Ar dates of 800,000 and 870,000 years BP, respectively.",43.681,-121.034,2004.0,Pleistocene
322824,Quartz Mountain,Minor,Lava dome,United States,North America Volcanic Regions,High Lava Plains Volcanic Province,"Quartz Butte lava-dome complex, ESE of the China Hat-East Butte lava domes, have a K-Ar date of 1.1 million years.",43.629,-120.899,1885.0,Pleistocene
322825,Fort Rock Volcanic Field,Cluster,Maar(s),United States,North America Volcanic Regions,High Lava Plains Volcanic Province,"A large group of tuff rings, tuff cones, and maars occupies the Fort Rock-Christmas Lake Valley basin S of Newberry volcano. The 64 x 40 km basin was occupied a Pliocene to late-Pleistocene lake, through which eruptions of basaltic magma occurred along faults cutting diagonally across the basin and adjacent highland. The volcanic field is named for Fort Rock, a wave-cut tuff ring that was breached by erosion. The Table Rock tuff ring and maar complex lies at the SE end of the field. Spectacular maars such as Hole-in-the-Ground and Big Hole are located near Highway 31. Hole-in-the-Ground was formed as recently as between 13,500 and 18,000 years ago.",43.392,-121.142,1712.0,Pleistocene
322826,Diamond Peak,Shield,Shield,United States,North America Volcanic Regions,High Cascades Volcanic Arc,"Diamond Peak, a basaltic andesite shield volcano, dominates the Willamette Pass area.  Capped by a pyroclastic cone, Diamond Peak probably erupted in the last 100,000 years. but is older than the last glaciation at about 11,000 years (Sherrod, in Wood and Kienle 1990).  An older shield volcano, Mt. Yoran, lies to the NNE and the Diamond Rockpile and Crater Butte cinder cones lie to the south.     ",43.521,-122.148,2665.0,Pleistocene
322827,Thielsen,Shield,Shield,United States,North America Volcanic Regions,High Cascades Volcanic Arc,"The eroded central plug of Mount Thielsen forms a prominent summit spire known as the ""Lightning Rod of the Cascades.""  The heavily eroded volcano is Potassium-Argon dated about 0.29 million years ago (Sherrod, in Wood and Kienle 1990).  Pre-Thielsen shield volcanoes lie to the east and NE and pyroclastic cones to the south and SW.     ",43.153,-122.065,2799.0,Pleistocene
322828,Bailey,Shield,Shield,United States,North America Volcanic Regions,High Cascades Volcanic Arc,"Mount Bailey is the southernmost of a N-S chain of volcanoes west of Diamond Lake.  Volcanism migrated to the south, with Mount Bailey being late Pleistocene in age, between 100,000 and 11,000 years before present (Sherrod, in Wood and Kienle 1990).     ",43.155,-122.219,2551.0,Pleistocene
322829,Goose Nest,Shield,Shield,United States,North America Volcanic Regions,High Cascades Volcanic Arc,"Goose Nest was considered to be a Holocene andesitic shield volcano and pyroclastic cone south of Crater Lake by Sarna-Wojciki et al. (1983). Sherrod (1995 pers. comm.) noted that mapping by Willie Scott shows it to be older than 13,000 years before present.     ",42.788,-122.154,2213.0,Pleistocene
322830,Big Bunchgrass,Minor,Pyroclastic cone,United States,North America Volcanic Regions,High Cascades Volcanic Arc,"The basaltic Big Bunchgrass pyroclastic cone was considered to be of Holocene age (Sarna-Wojcicki et al. 1983, Smith 1988).  The age assignment of Smith was based on lack of observation of Mazama tephra at Big Bunchgrass, but Sherrod (1995 pers. comm.) has found overlying Mazama tephra, and considers Big Bunchgrass to be substantially older than Holocene based on degree of erosion.     ",42.703,-122.194,2024.0,Pleistocene
322831,Imagination Peak,Minor,Pyroclastic cone,United States,North America Volcanic Regions,High Cascades Volcanic Arc,"Imagination Peak pyroclastic cone NW of Pelican Butte was considered to be of Holocene age (Sarna-Wojcicki et al. 1983, Smith 1988), but Sherrod (1995 pers. comm.) considered a Holocene age to be uncertain, based on the lack of a summit crater and possible glaciation.  The sharp-topped summit without a crater is morphologically similar to Lone Peak in the southern Cascades of Washington, a tuya constructed through a glacial icesheet or glacial lake.",42.552,-122.201,1986.0,Pleistocene
322832,Sprague River Valley,Cluster,Shield(s),United States,North America Volcanic Regions,Basin and Range Volcanic Province,"The basaltic-to-dacitic Sprague River Valley volcanic field consists of small shield volcanoes, cinder cones, and about two dozen maars active from 5-1.5 million years ago (Sherrod, in Wood and Kienle, 1990). The youngest features are the Saddle Mountain basaltic andesite shield volcano and Taylor Butte, a basaltic cinder cone.",42.5,-121.5,1300.0,Pleistocene
322833,Pelican Butte,Shield,Shield,United States,North America Volcanic Regions,High Cascades Volcanic Arc,"Pelican Butte, one of the largest volcanoes between Crater Lake and Mount Shasta, is a late Pleistocene andesitic shield volcano.  Located slightly east of the Cascade Range crest, Pelican Butte is cut by a broad cirque on the NE side and is probably no younger than about 60,000 years before present (Smith, in Wood and Kienle 1990).     ",42.52,-122.13,2449.0,Pleistocene
322834,McLoughlin,Composite,Stratovolcano,United States,North America Volcanic Regions,High Cascades Volcanic Arc,"Mount McLoughlin is a large basaltic andesite lava cone containing a pyroclastic core exposed by glaciation that is capped by an armor of andesitic lava flows from summit and flank vents.  The latest flows were considered by Maynard (Harris, 1988) to probably be of similar age to the young McKenzie Pass lava flows in the central Oregon Cascades, but Smith (in Wood and Kienle 1990) estimated the age of the youngest flows as about 20-30,000 years.    ",42.445,-122.315,2894.0,Pleistocene
322835,Brown Mountain,Shield,Shield,United States,North America Volcanic Regions,High Cascades Volcanic Arc,"Brown Mountain, SE of Mount McLoughlin, is a forested basaltic andesite  shield volcano with fresh, unvegetated lava flows descending as far as the base of the volcano on three sides.  The latest flows are estimated by Williams (1942) to be possibly only a few centuries old, but Smith (in Wood and Kienle 1990) brackets the age of Brown Mountain between 60,000 and 12,000 years.     ",42.365,-122.27,2228.0,Pleistocene
322841,Mountain Lakes,Cluster,Volcanic field,United States,North America Volcanic Regions,High Cascades Volcanic Arc,"The Mountain Lakes volcanic field, located east of Brown Mountain and NW of Klamath Falls, is a Pliocene-to-Quaternary cluster of andesitic volcanic vents.  The volcanic field contains Aspen Butte and LIttle Aspen Butte, the latter a shield volcano that is the southermost Quaternary volcano in Oregon (Hildreth, 2007).",42.32,-122.08,2502.0,Pleistocene
322836,Silver Creek,Cluster,Volcanic field,United States,North America Volcanic Regions,High Lava Plains Volcanic Province,"The Silver Creek volcanic field covers about 1600 km2 ESE of Newberry volcano and Diamond Craters. Four K-Ar dates in the eastern part of the field range from 3 to 2 million years, but the youngest rocks could be Pleistocene in age (Wood and Kienle, 1990).",43.4,-119.5,1375.0,Pleistocene
322837,Saddle Butte,Cluster,Volcanic field,United States,North America Volcanic Regions,High Lava Plains Volcanic Province,"The Saddle Butte volcanic field in SE Oregon consists of a 1100 km2 area of Pleistocene basalts with a superposed 240 km2 area of younger basalts. The younger flows were considered to be of possible Holocene age (Wood and Kienle, 1990), however Sherrod et al. (1989) mapped the volcanic field as Pleistocene, and a K-Ar date of 0.43 +/-0.09 million years was obtained. Oregon state Highway 78 cuts across the western side of the isolated lava field. The volcanic field is separated from the adjacent Jordan Craters field to the east by the Owyhee River and resembles the lava fields of the Snake River Plain in Idaho. Vents on the flanks of the Sheepshead Mountains at the far western end of the lava field produced lava-tube-fed flows across gently sloping terrain to the east. The most recent flow of the Saddle Butte volcanic field is known for its abundant lava tubes, including the so-called 40-Mile Cave, which is actually part of a tube system that is 13.5 km long.",43.0,-117.8,1700.0,Pleistocene
322838,Lava Butte,Shield,Shield(s),United States,North America Volcanic Regions,High Lava Plains Volcanic Province,"The Lava Butte shield volcano, also known as Rocky Butte, lies south of Jordan Craters, and is 0.03-0.09 million years old (Hart and Mertzman, 1983).  The slightly older Clarks Butte shield lies to the north and has been dated at 0.25 million years.  Another unnamed shield volcano lies to the east of Lava Butte.",43.001,-117.422,1447.0,Pleistocene
322842,Jackies Butte,Cluster,Volcanic field,United States,North America Volcanic Regions,High Lava Plains Volcanic Province,"Jackies Butte, sometimes referred to as Bowden Crater, is a small, relatively unstudied basaltic volcanic field located near the SE corner of Oregon with two small shield volcanoes and two cinder cones. Lava flows cover an area of about 325 km2 E of the Bowden Hills, SE of Burns Junction on Highway 95, and SW of Owyhee Canyon.  Smith et al. (1978) estimated a probable age of less than 10,000 years, but no precise age dates have been obtained. Sarna-Wojciki et al. (1983) did not include Jackies Butte in a list of Holocene volcanic fields.",42.606,-117.589,1418.0,Pleistocene
323030,Brushy Butte,Shield,Shield,United States,North America Volcanic Regions,Basin and Range Volcanic Province,"Brushy Butte forms a small shield complex immediately east of Timbered Crater, SSE of the Medicine Lake Highlands. The Brushy Butte complex has produced a broad apron of basaltic lava flows with fresh-looking flow features that extends preferentially down the regional gradient to the south as far as the Falls River valley. Soil development and degree of revegetation suggested a Holocene age similar to that of Hat Creek flow to the south (Peterson and Martin, 1980), and Miller (1989) also mapped Brushy Butte as Holocene. The Hat Creek flow, however, has been dated at 24,000 +/- 6,000 years (Clynne and Muffler, 2010). Brushy Butte flows are overlain by the Giant Crater lava flow from Medicine Lake caldera, which has a calibrated age of 12,430 years BP (Donnelly-Nolan, 2010), and Brushy Butte is considered to have formed between about 12,000 and 25,000 years ago (Smith, 2014 pers. comm.).",41.178,-121.445,1168.0,Pleistocene
323040,Twin Buttes,Cluster,Pyroclastic cone(s),United States,North America Volcanic Regions,Basin and Range Volcanic Province,"A group of cinder cones near Pleistocene Burney Mountain volcano, including Twin Buttes to the SE, is part of an area of extensive Quaternary volcanism north of the Lassen volcanic center. Twin Buttes at one time was considered to be Holocene (Miller, 1989), late Pleistocene, or early Holocene, but Clynne et al. (2012) assigned an age of 10,000-15,000 years to Twin Buttes. Blocky, partially unvegetated lava flows extend to the north from North and South Twin Buttes, which are located at the SE foot of the Burney Mountain lava dome complex.",40.777,-121.591,1631.0,Pleistocene
323050,Silver Lake Volcanic Field,Cluster,Volcanic field,United States,North America Volcanic Regions,Basin and Range Volcanic Province,"Lava flows from two isolated cinder cones in the Silver Lake Volcanic Field NW of Lassen Peak blocked drainages, forming three small lakes. The cones lie SW of Burney Mountain and WNW of MaGee Peak. Lava flows from the Silver Lake cinder cone formed Silver Lake to the NE, crescent-shaped Author Lake to the E, and traveled 3.5 km to the SW. The crater of Silver Lake cone is open to the SW. The flat-topped Buckhorn Lake cinder cone to the SE of Silver Lake dammed up Buckhorn Lake, NE of the cone, and produced a lava flow that traveled 3.5 km to the SW. The precise age of these basaltic cones is not known. Although they lie outside the area of glaciation at Lassen, they are considered to be of comparable to the 10,000-15,000 year age of other Lassen area cinder cones (Clynne, 2015, pers. comm.).",40.731,-121.841,1535.0,Pleistocene
323060,Tumble Buttes,Minor,Pyroclastic cone(s),United States,North America Volcanic Regions,Basin and Range Volcanic Province,"A line of cinder cones along a NNW-SSE fissure produced a series of lava flows. Bear Wallow Butte, the source of unvegetated lava flows on its eastern and western flanks, lies at the southern end of the chain. At the northern end is Eiler Butte, constructed on a topographic high, which has also produced blocky lava flows. The most prominent feature is Devils Rock Garden, a thick, blocky andesitic lava flow complex that erupted from Tumble Butte south; it is the youngest of the Tumble Buttes flows and was considered by Miller (1989) to be Holocene. The Devils Rock Garden flow blocks glacial outwash channels and overlies glacial gravels, and thus is younger than about 15,000 years, but was mapped as latest Pleistocene by Clynne and Muffler (2010) and estimated to have been erupted between 10,000-15,000 years ago.",40.68,-121.55,2191.0,Pleistocene
323090,Eagle Lake Field,Cluster,Fissure vent(s),United States,North America Volcanic Regions,Basin and Range Volcanic Province,"The Eagle Lake volcanic field occupies the junction of the Cascades, Sierra Nevada, and Basin and Range geologic provinces, and consists of 15 cinder cones and basaltic lava flow vents within a larger Quaternary basaltic field. The vents are aligned along faults defining the Eagle Lake volcano-tectonic depression, and are the southernmost example of late Quaternary back-arc spreading in the NW Great Basin. The Brockman Flat lava flow, the largest of the younger flows, was erupted from a N-S oriented 3-km-long fissure vent along a fault that forms the west boundary of the Eagle Lake basin and created an approximately 63 km2 tube-fed flow field that extended across the Eagle Lake basin to the east side of Eagle Lake. Miller (1989) mapped four Holocene centers west of Eagle Lake; however, recent 40Ar/39Ar dating indicates that the youngest lava flows were erupted during a relatively short interval between about 130 and 125 ka that was unlikely to span more than a few thousand years (Clynne et al., 2017).",40.63,-120.83,1652.0,Pleistocene
323170,Golden Trout Creek,Cluster,Volcanic field,United States,North America Volcanic Regions,Basin and Range Volcanic Province,"The Golden Trout Creek volcanic field consists of a group of Quaternary alkali olivine basalt cinder cones and lava flows in the Toowa Valley about 25 km S of Mount Whitney. Lava flows erupted through Mesozoic granitic rocks of the Sierra Nevada batholith during episodes dating back to about 743,000 years ago, when the Little Whitney cinder cone and lava flows were erupted. The South Fork cone erupted about 176,000 years ago and produced the largest lava flow in the field, which traveled over 7 km W to the Kern River Canyon. Tunnel Cone to the north of South Fork (Red Hill) cone is undated, but its lava flow is overlain by glacial deposits and it is thought to be only slightly younger than South Fork. The youngest lava flow, from Groundhog Cone, traveled 6 km W down Golden Trout Creek on top of the South Fork flow. Based on a lack of glaciated features, Moore and Lanphere (1983) considered the Groundhog flow to be about 5-10,000 years old. Cosmogenic 36Cl exposure determinations by Browne et al. (2017b) showed a 59-52 ka eruption age for the Groundhog Cone material; this was after the Tahoe glaciation maximum, and subsequent Tioga glaciers did not reach the Toowa Valley floor, so did not affect these deposits.",36.358,-118.32,2886.0,Pleistocene
323180,Coso Volcanic Field,Cluster,Lava dome(s),United States,North America Volcanic Regions,Basin and Range Volcanic Province,"The Coso Volcanic Field, located E of the Sierra Nevada Range at the western edge of the Basin and Range province, consists of Pliocene to Quaternary rhyolitic lava domes and basaltic cinder cones covering a 400 km2 area. Much of the field lies within the China Lake Naval Weapons Center. Active fumaroles and thermal springs are present in an area that is a producing geothermal field. The youngest eruptions were chemically bimodal, forming basaltic lava flows along with 38 rhyolitic lava flows and domes. The latest dated eruption formed the basaltic Volcano Peak cinder cone and lava flow, and was K-Ar dated at 39,000 +/- 33,000 years ago. The youngest lava dome may be Holocene based on geomorphological evidence (Monastero, 1998 pers. comm.).",36.03,-117.82,2400.0,Pleistocene
323190,Lavic Lake,Cluster,Volcanic field,United States,North America Volcanic Regions,Basin and Range Volcanic Province,"The Lavic Lake basaltic volcanic field was considered to contain four Holocene cinder cones, three in the Lavic Lake area and a fourth in the Rodman Mountains 20 km to the west (Miller, 1989), but later work by USGS scientists revised that evaluation to late-Pleistocene. Pisgah Crater, a 100-m-high cinder cone, is the most prominent feature of the field. Nearby vents were the source of dominantly pahoehoe lava flows that traveled 8 km SE to Lavic Lake and in a narrow lobe over that traveled over alluvial-fan and playa-lake deposits as far as 18 km W of the vent. More recent work indicates a convergence of dates for Pisgah Crater from paleomagnetic, Ar-Ar, and cosmogenic helium at about 25,000 years BP (Reid 2002, pers. comm.). Another very youthful looking, but undated cinder cone and lava field is located in the Sunshine Peak area of the Lava Beds Mountains, south of Pisgah Crater.",34.75,-116.625,1495.0,Pleistocene
323800,Copco Lake,Minor,Pyroclastic cone(s),United States,North America Volcanic Regions,High Cascades Volcanic Arc,"Lava flows from two cinder cones near Copco Lake were dated from morphological evidence as being less than one or two thousand years old (Williams 1949), however Miller (1989) indicated that the Copco Lake volcanics are of late-Pleistocene age.     ",41.97,-122.33,975.0,Pleistocene
323801,Goosenest,Shield,Shield,United States,North America Volcanic Regions,High Cascades Volcanic Arc,"The Goosenest shield volcano and summit pyroclastic cone were considered by Williams (1949) to be Holocene in age, but Miller (1989) mapped it as late Pleistocene.      ",41.722,-122.22,2528.0,Pleistocene
323802,Whaleback,Shield,Shield,United States,North America Volcanic Regions,High Cascades Volcanic Arc,"Williams (1949) mapped the Whaleback shield volcano and nearby fissure vents as Holocene in age, but Luedke and Smith (1981) mapped the area as Pleistocene and Miller (1989) did not include Whaleback in a summary of Holocene volcanism in California.     ",41.528,-122.14,2605.0,Pleistocene
323803,Rainbow Mountain,Composite,Stratovolcano,United States,North America Volcanic Regions,High Cascades Volcanic Arc,"Rainbow Mountain, located between Mt. Shasta and Medicince Lake volcanoes, is a massive andesitic-dacitic stratovolcano of early Pleistocene age.",41.474,-121.956,2323.0,Pleistocene
323804,Hackamore,Cluster,Volcanic field,United States,North America Volcanic Regions,Basin and Range Volcanic Province,"Hackamore is a large volcanic field east of Medicine Lake volcano. This Quaternary field covers an area of at least 850 km2 with at least a dozen vents, the youngest of which is about 600,000 years old (Hildreth, 2007).",41.67,-121.17,1703.0,Pleistocene
323805,Big Cave,Shield,Shield,United States,North America Volcanic Regions,Basin and Range Volcanic Province,"The Big Cave shield volcano, at the northern end of an area of late-Quaternary volcanism extending north from Lassen Peak, is a small basaltic shield with young pyroclastic cones at the summit and north flank.  Big Cave volcano was considered to be of either Holocene (Luedke and Smith, 1981; Miller, 1989) or latest Pleistocene or Holocene age (Sarna-Wojcicki et al., 1983).  The inconspicuous low shield volcano, located between Big Lake on the north and Bald Mountain on the south, is surrounded by an extensive now forested lava field.   Big Cave was considered by Clynne, 2007 pers. comm.) to probably be of similar age as nearby Cinder Butte volcano, which was dated at 38,000 +/- 7000 years.",40.955,-121.365,1259.0,Pleistocene
323806,Cinder Butte,Shield,Shield,United States,North America Volcanic Regions,Basin and Range Volcanic Province,"The Cinder Butte shield volcano and flank pyroclastic cones was listed as latest Pleistocene or Holocene (Sarna-Wojcicki et al. 1983), and as Holocene by Luedke and Smith (1981) and Miller (1989).  However, Clynne (in Wood and Kienle 1990) indicated Cinder Butte is slightly older than the Hat Creek lava flow, assigned an age of between 15,000 and 40,000 years (Clynne and Muffler, 2010), and Clynne et al. (2012) assigned an age of 30,000 to 50,000 years to the Cinder Butte cone cluster.",40.87,-121.49,1337.0,Pleistocene
323807,Burney Mountain,Minor,Lava dome(s),United States,North America Volcanic Regions,Basin and Range Volcanic Province,"Burney Mountain, a large dacitic lava-dome complex, was active about 0.23 million years ago (Clynne, in Wood and Kienle, 1990).",40.806,-121.628,2397.0,Pleistocene
323808,Snow Mountain,Composite,Stratovolcano,United States,North America Volcanic Regions,Basin and Range Volcanic Province,"The Snow Mountain volcanic center is a large eroded andesitic-to-rhyolitic stratovolcano that was active from about 2 million to 1 million years ago (Clynne, in Wood and Kienle, 1990).",40.763,-121.798,2077.0,Pleistocene
323809,Magee Peak,Composite,Stratovolcano,United States,North America Volcanic Regions,Basin and Range Volcanic Province,"Magee Peak, an eroded andesitic stratovolcano, was active about 1-2 million years ago (Clynne, in Wood and Kienle, 1990).  The andesitic Freaner Peak shield volcano lies across a saddle to the NE.",40.698,-121.619,2647.0,Pleistocene
323810,Blacks Mountain,Shield,Shield,United States,North America Volcanic Regions,Basin and Range Volcanic Province,"Blacks Mountain, 25 km east of Hat Creek, is the most prominent of a group of andesitic shield volcanoes and is 1-2 million years old (Clynne, in Wood and Kienle, 1990).",40.775,-121.191,2220.0,Pleistocene
323811,Potato Butte,Cluster,Shield(s),United States,North America Volcanic Regions,Basin and Range Volcanic Province,"The Potato Butte cinder cone and lava field, including the Hat Creek lava flow that traveled nearly 30 km from a fissure vent near the town of Old Station, lies immediately north of the Lassen volcanic center. Some flows are younger than the Hat Creek flow, which was initially considered to be Holocene, perhaps as young as a few thousand years (Anderson 1940), although later dating showed the the flow to be about 30,000 years old. The younger Potato Butte lavas, once considered to be late Pleistocene or early Holocene, have been K-Ar dated at 65,000-75,000 years old (Clynne et al. 2000). Directly west of Potato Butte is the 61,000-year-old Sugarloaf Peak lava cone.",40.63,-121.43,1532.0,Pleistocene
323812,Latour Butte,Minor,Lava cone,United States,North America Volcanic Regions,Basin and Range Volcanic Province,"Latour Butte, an andesitic lava cone NW of Lassen National Park, was probably active 1-2 million years ago (Clynne, in Wood and Kienle, 1990).",40.608,-121.709,2054.0,Pleistocene
323813,Caribou,Cluster,Volcanic field,United States,North America Volcanic Regions,Basin and Range Volcanic Province,"The Caribou volcanic field east of Lassen National Park contains about 140 mid-Pleistocene to late-Pleistocene cones and shields that are controlled by Basin and Range extensional faulting.  The Caribou volcanic field was active from about 450,000 to 20,000 years ago (Hildreth, 2007).  The field includes a long, NW-SE-trending chain of Pleistocene cinder cones immediately west of Bogard Buttes.  ",40.6,-121.15,2309.0,Pleistocene
323814,Red Lake Mountain,Minor,Pyroclastic cone,United States,North America Volcanic Regions,Basin and Range Volcanic Province,"A massive lava Pleistocene lava flow from Red Lake Mountain cinder cone traveled nearly 30 miles (~45 km) to the west.  The basaltic flow covers nearly 50 sq miles and has an estimated volume of 1-2 cu miles (Macdonald, 1963).  Highway 44 traverses the flow.",40.571,-121.594,2036.0,Pleistocene
323815,Table Mountain,Composite,Stratovolcano,United States,North America Volcanic Regions,Basin and Range Volcanic Province,"Table Mountain, an andesitic stratovolcano at the NW corner of Lassen National Park, is an andesitic stratovolcano active about 1-2 million years ago.  Red Lake Mountain, immediately to the NW of Table Mountain, is the source of youthful-looking basaltic and andesitic lava flows of late-Pleistocene age (Clynne, in Wood and Kienle 1990; Miller 1989).      ",40.557,-121.55,2097.0,Pleistocene
323816,Black Butte,Minor,Pyroclastic cone,United States,North America Volcanic Regions,Basin and Range Volcanic Province,"Black Butte is a late Pleistocene pyroclastic cone west of Lassen National Park (Miller, 1989).",40.45,-122.0,813.0,Pleistocene
323817,Dittmar,Composite,Stratovolcano,United States,North America Volcanic Regions,Basin and Range Volcanic Province,"The Dittmar volcanic center is a massive eroded andesitic stratovolcano at the SE part of Lassen National Park that was active about 2.-5-1 million years ago (Clynne, 1990).  Dacitic lava domes are located in the Hot Springs and Kings Creek canyons.  The younger Mount Harkness stratovolcano lies immediately to the SE of the Dittmar volcanic center.",40.453,-121.347,2328.0,Pleistocene
323818,Sifford Mountain,Shield,Shield,United States,North America Volcanic Regions,Basin and Range Volcanic Province,"Sifford Mountain, a basaltic-to-andesitic shield volcano, rises in south-central Lassen National Park.  It was probably active during the past 100,000 years (Clynne, in Wood and Kienle, 1990).",40.416,-121.412,2149.0,Pleistocene
323819,Maidu,Composite,Stratovolcano,United States,North America Volcanic Regions,Basin and Range Volcanic Province,"The massive, highly eroded Maidu volcano center SW of Lassen National Park was active about 2-0.8 million years ago (Clynne, 1990).  The hydrothermally altered andesitic stratovolcano also has erupted rhyolitic rocks, and a dacitic lava-dome field lies on the north flank of the volcanic center.",40.3,-121.62,2123.0,Pleistocene
323820,Inskip Hill,Minor,Pyroclastic cone(s),United States,North America Volcanic Regions,Basin and Range Volcanic Province,"Inskip Hill and nearby pyroclastic cones were thought to be of Holocene age, but later mapping indicates a late Pleistocene age (Miller, 1989).      ",40.341,-121.943,945.0,Pleistocene
323821,Sutter Buttes,Minor,Lava dome(s),United States,North America Volcanic Regions,California Coast Ranges Volcano Group,The isolated Sutter Buttes rise above the flat floor of the Sacramento Valley. This andesitic-to-rhyolitic lava-dome complex was active during the Pleistocene. An andesitic central core is surrounded by a ring of dacitic-to-rhyolitic domes.,39.206,-121.821,645.0,Pleistocene
323822,Long Valley,Caldera,Caldera,United States,North America Volcanic Regions,Basin and Range Volcanic Province,"The large 17 x 32 km Long Valley caldera east of the central Sierra Nevada Range formed as a result of the voluminous Bishop Tuff eruption about 760,000 years ago. Resurgent doming in the central part of the caldera occurred shortly afterwards, followed by rhyolitic eruptions from the caldera moat and the eruption of rhyodacite from outer ring fracture vents, ending about 50,000 years ago. During early resurgent doming the caldera was filled with a large lake that left strandlines on the caldera walls and the resurgent dome island; the lake eventually drained through the Owens River Gorge. The caldera remains thermally active, with many hot springs and fumaroles, and has had significant deformation, seismicity, and other unrest in recent years. The late-Pleistocene to Holocene Inyo Craters cut the NW topographic rim of the caldera, and along with Mammoth Mountain on the SW topographic rim, are west of the structural caldera and are chemically and tectonically distinct from the Long Valley magmatic system.",37.7,-118.87,3390.0,Pleistocene
323823,Big Pine Volcanic Field,Minor,Pyroclastic cone(s),United States,North America Volcanic Regions,Basin and Range Volcanic Province,"The Big Pine (Aberdeen) volcanic field in the Owens Valley contains more than 40 vents over a 1,000 km2 region of the Owens Valley. The basaltic field consists of cinder cones that produced lava flows up to 9 km long and a single rhyolitic lava dome. Activity was episodic throughout the Quaternary. Chesterman (1982) considers the latest activity to be of Holocene or late Pleistocene age; other sources attribute the last eruptions to the Pleistocene.",37.05,-118.25,1950.0,Pleistocene
323824,Lava Mountains Volcanic Field,Minor,Lava dome(s),United States,North America Volcanic Regions,Basin and Range Volcanic Province,Pliocene-Pleistocene (IAVCEI).,35.5,-117.5,1510.0,Pleistocene
323825,Cima Lava Field,Cluster,Volcanic field,United States,North America Volcanic Regions,Basin and Range Volcanic Province,"The Cima volcanic field covers an area of about 150 km2 and contains 52 vents of Miocene-to-Pleistocene age. The youngest flows have been mapped as Holocene (Calif Div of Mines & Geol), and a radiocarbon date of 330-480 BP was obtained on the Black Tank cone. Later work suggests that the most recent activity was no younger than about 15,000 BP (Dohrenwend, in Wood and Kienle 1990; Wells et al. 1990). The youngest surface exposure ages obtained by Philipps (2003) were 11,500 and 11,600 years BP.",35.27,-115.75,1509.0,Pleistocene
323826,Amboy,Minor,Pyroclastic cone,United States,North America Volcanic Regions,Basin and Range Volcanic Province,"The 70-sq-km Amboy basaltic lava field was erupted onto a flat-lying alluvial valley from Amboy Crater, a prominent cinder cone with four nested craters that rises 75 m above adjacent lava flows at the NE end of the lava field. The dominantly pahoehoe lava field divided the Bristol Dry Lake, occupying a depression between the Bristol and Bullion Mountains, into two playas. The cone and flow were originally considered to be early Holocene in age, but more recent surface exposure dating (Phillips, 2003) has given a 79,000 +/- 5000 yr BP age.",34.55,-115.78,288.0,Pleistocene
323827,Pinto Basin-Salton Creek,Cluster,Volcanic field,United States,North America Volcanic Regions,Basin and Range Volcanic Province,"Remnants of Pleistocene or Holocene basaltic flows and pyroclastic deposits lie on alluvium (Chesterman 1982).  These volcanics are mapped as Pleistocene (Calif Div Mines & Geol, Luedke and Smith 1981).     ",33.9,-115.63,600.0,Pleistocene
324800,Sinker Butte,Shield,Shield,United States,North America Volcanic Regions,High Lava Plains Volcanic Province,"A Pleistocene shield volcano and tuff cone in the western Snake River Plain, Sinker Butte, is partially dissected by the Snake River Canyon.  Lava flows from the tuff cone flowed up to 10 km to the south.  A broad lava shield is overlain by a large tuff cone that is capped with lava flows and welded spatter.  Ar-Ar dates of 1.25 and 1.17 Ma were obtained from basalts directly below phreatomagmatic tephra and capping basalts, respectively.",43.25,-116.62,1012.0,Pleistocene
324801,Mountain Home-Kuna Lava Field,Minor,Pyroclastic cone(s),United States,North America Volcanic Regions,High Lava Plains Volcanic Province,"This extensive field of Quaternary basalt extends about 95 km between Mountain Home and the Kuna-Melba area southeast of the Boise River Valley (Wood, 1997). Basaltic outcrops have been dated around 2 Ma at Wild Horse Butte and Jackass Butte.",43.2,-115.98,1040.0,Pleistocene
324802,"Grande, Cerro",Cluster,Fissure vent(s),United States,North America Volcanic Regions,Yellowstone-Snake River Hotspot Volcano Group,"Several late-Pleistocene lava flows were erupted near Big Southern Butte. The North Robbers flow was radiocarbon dated 11,940 +/- 300 before present (BP); the Cerro Grande flow was dated at 10,780 +/- 300 BP.",43.45,-112.83,,Pleistocene
324803,Blackfoot Volcanic Field,Cluster,Volcanic field,United States,North America Volcanic Regions,Yellowstone-Snake River Hotspot Volcano Group,"The Blackfoot Volcanic Field (BVF) is a Quaternary volcanic field in SE Idaho around Blackfoot Reservoir, within a graben of the Northern Basin and Range Province. It consists of basalt flows that filled in the floors of Gem Valley, the Blackfoot Reservoir basin, Willow Creek drainage, and several other smaller valleys. Although distant from the edge of the Eastern Snake River Plain, the chemical composition of lava flows from the two locations are very similar; McCurry et al. (2011) noted the similarity of mineralogy, geochemistry, and bimodal volcanism. The USGS description states that the BVF is likely related to the Yellowstone hotspot via complex heat transfer away from the main hotspot track. Ages of BVF lavas are scarce, but they are believed to be similar in age to Gem Valley lavas (27.5 +/- 10 ka) (McCurry et al., 2011). In addition to the lava flows, there are three rhyolite domes, ranging in age from 58 +/- 7 ka (Heumann, 2004) to about 1.5 Ma (Luedke and Smith, 1983).

",42.77,-111.6433,2185.0,Pleistocene
324804,Menan Buttes,Minor,Tuff cone(s),United States,North America Volcanic Regions,Yellowstone-Snake River Hotspot Volcano Group,"North and South Menan Buttes are the two largest of a N-S line of basaltic tuff cones formed by phreatomagmatic eruptions along the Snake River in eastern Idaho. The larger N cone is ~2 km in diameter, and 3 km from the S cone (using crater centers). They were considered to be very late Pleistocene, or more probably, early Recent (Holocene) by Hamilton and Myers (1963). Creighton (1987) cites mapping by LaPoint that indicates a middle to late Pleistocene age, as does King (in Wood and Kienle, 1990).",43.7733,-111.9694,1713.0,Pleistocene
325010,Yellowstone,Caldera,Caldera(s),United States,North America Volcanic Regions,Yellowstone-Snake River Hotspot Volcano Group,"The Yellowstone Plateau volcanic field developed through three volcanic cycles spanning two million years that included some of the world's largest known eruptions. Eruption of the over 2,450 km3 Huckleberry Ridge Tuff about 2.1 million years ago created the more than 75-km-long Island Park caldera. The second cycle concluded with the eruption of the Mesa Falls Tuff around 1.3 million years ago, forming the 16-km-wide Henrys Fork caldera at the western end of the first caldera. Activity subsequently shifted to the present Yellowstone Plateau and culminated 640,000 years ago with the eruption of the over 1,000 km3 Lava Creek Tuff and the formation of the present 45 x 85 km caldera. Resurgent doming subsequently occurred at both the NE and SW sides of the caldera and voluminous (1000 km3) intracaldera rhyolitic lava flows were erupted between 150,000 and 70,000 years ago. No magmatic eruptions have occurred since the late Pleistocene, but large hydrothermal events took place near Yellowstone Lake during the Holocene. Yellowstone is presently the site of one of the world's largest hydrothermal systems, including Earth's largest concentration of geysers.",44.43,-110.67,2805.0,Pleistocene
325802,Leucite Hills,Cluster,Volcanic field,United States,North America Volcanic Regions,Basin and Range Volcanic Province,"The Leucite Hills consist of a 2000 km2 area with less than two dozen isolated lava flows, dikes, necks and cinder cones of unusual potassium-rich composition. Their age is about 1.1 Ma.      ",41.8,-108.9,,Pleistocene
326810,Sheldon-Antelope,Cluster,Volcanic field,United States,North America Volcanic Regions,Basin and Range Volcanic Province,Several Quaternary lava flows along the Nevada-Oregon border issued from small shield volcanoes.  The only available Potassium-Argon age is 1.2 million years ago.      ,41.8,-119.1,,Pleistocene
326800,Buffalo Valley,Cluster,Volcanic field,United States,North America Volcanic Regions,Basin and Range Volcanic Province,"A group of cinder cones and lava flows in the Buffalo Valley north of the Oligocene Fish Creek Mountains caldera range in age from 3.05 to 0.92 million years ago (Dohrenwend, in Wood and Kienle 1990).      ",40.35,-117.3,1750.0,Pleistocene
326801,Steamboat Springs,Minor,Lava dome(s),United States,North America Volcanic Regions,Basin and Range Volcanic Province,"A small volcanic field of rhyolitic lava domes and flows about 20 km S of Reno, Nevada, ranges in age from 2.53 to 1.14 million years. No eruptive activity has occurred during the Holocene, although it was included in the Catalog of Active Volcanoes of the World (Coombs and Howard, 1960) based on its geothermal activity. The area includes about 50 active hot springs, numerous steam vents, and fumaroles, and is an actively producing geothermal field.",39.375,-119.72,1415.0,Pleistocene
326802,Aurora-Bodie,Cluster,Volcanic field,United States,North America Volcanic Regions,Basin and Range Volcanic Province,"Aurora-Bodie volcanic field in west-central Nevada near the California border NNE of Mono Lake contains well-preserved cinder cones and lava flows of late Pleistocene age.  The most prominent feature, Aurora Crater, is a 25,000 years before present cinder cone surrounded by lava flows.  Mud Spring volcano is another late Pleistocene vent with a well-preserved lava flow.  Older volcanics of the field include Pliocene andesitic lava domes and Pliocene cones such as Beauty Peak and Mount Hicks.    ",38.32,-118.88,2365.0,Pleistocene
326803,Lunar Crater,Cluster,Pyroclastic cone(s),United States,North America Volcanic Regions,Basin and Range Volcanic Province,"The Lunar Crater volcanic field in central Nevada contains almost 100 Pliocene-Pleistocene volcanic vents cutting across the Oligocene Lunar Lake caldera. The most distinctive feature of the field is Lunar Crater, a 1-km-wide, 130-m-deep maar. Several NE-trending chains of cinder cones occur within the field, which contains lava flows up to 6 km long. The ages of the youngest lava flow, the Black Rock flow, was considered to be early Holocene (Luedke and Smith, 1981), but a cosmogenic exposure age of 38,000 +/- 10,000 years was obtained from the Black Rock flow (Shepard et al., 1995).",38.48,-115.97,2255.0,Pleistocene
326804,Clayton Valley,Minor,Pyroclastic cone,United States,North America Volcanic Regions,Basin and Range Volcanic Province,"A solitary cinder cone in Clayton Valley NE of Silver Peak is Potassium-Argon dated about 0.39 million years ago.  The breached cone has produced a 2-km-long lava flow partly buried by Quaternary alluvium (Dohrenwend, in Wood and Kienle 1990).     ",37.82,-117.62,1490.0,Pleistocene
326805,Crater Flat,Cluster,Volcanic field,United States,North America Volcanic Regions,Basin and Range Volcanic Province,"The Crater Flat volcanic field south of the Miocene Timber Mountain caldera contains five Quaternary cinder cones and lava flows. The youngest, Lathrop Wells scoria cone, was formed about 80,000 years ago (Valentine et al., 2007) and produced lava flows from vents at the S and NE flanks of the cone.",36.77,-116.55,1127.0,Pleistocene
327010,Santa Clara,Cluster,Volcanic field,United States,North America Volcanic Regions,Basin and Range Volcanic Province,"A Pliocene-to-Quaternary volcanic field north of St. George in SW Utah contains numerous cinder cones and lava flows. The Santa Clara lava flow, originating from two youthful-looking cinder cones above Snow Canyon, is one of many young late-Quaternary lava flows in the Colorado Plateau/Basin and Range region. The sparsely vegetated flow traveled 16 km S down Snow Canyon, excavated through rocks of the colorful Navajo Sandstone. Estimates of the age of the Santa Clara flow have ranged widely from as young as about 1000 years. Sands beneath the flow, however, were dated by optically stimulated luminescence at about 40,000 years, and charcoal just underneath the flow at the same location was radiocarbon dated at about 27,270 +/- 250 yrs BP (Biek et al., 2010). Older Snow Canyon flows of two generations now cap mesa tops as a result of topographic inversion.",37.257,-113.625,1465.0,Pleistocene
327030,Bald Knoll,Minor,Pyroclastic cone(s),United States,North America Volcanic Regions,Basin and Range Volcanic Province,"Bald Knoll is the youngest of a group of basaltic cinder cones on the SW part of the Paunsaugunt Plateau in southern Utah, between the southern end of Bryce Canyon National Park and the western margin of Grand Staircase-Escalante National Monument. The 2135-m-high Bald Knoll has a well-preserved crater and produced a massive youthful-looking lava flow that traveled about 12 km to the SSE. The olivine-basaltic flow fills the floor of Johnson Valley south of Bald Knoll and reaches beyond Ford Pasture into Johnson Canyon. No precise age for the flow is available, but although it was at one point estimated to be several hundred to several thousand years old (Gregory, 1951), Doehling (2008) noted radiometric dates of 0.34 Ma and older on adjacent lava flows and mapped all flows in this area as no younger than late Pleistocene. Buck Knoll and Black Knoll (also known as Corral Knoll) are cinder cones to the west that lie on the western side of Kanab Creek and produced lava flows that traveled as far as 22 km down the Kanab valley.",37.328,-112.408,2135.0,Pleistocene
327800,Kolob,Cluster,Volcanic field,United States,North America Volcanic Regions,Basin and Range Volcanic Province,"The basaltic Kolob volcanic field on the west margin of Zion National Park contains the youthful-looking Crater Hill cinder cone and associated lava flows at the SW corner of the park and older cones to the north on the upper Kolob Plateau. The latter cones are Pleistocene in age and were erupted through the colorful rocks of the Navajo Sandstone formation, producing lava flows that extended 10-15 km down valleys to the south. Lava flows from Crater Hill blocked drainages, forming the ephemeral Coalpits and Grafton lakes. The latter extended up the Virgin River past the current town of Springdale at the southern entrance into Zion National Park.  Crater Hill was at one point considered to be of probable Holocene age, but later work taking into consideration stream downcutting rates suggest an age of about 100,000 years (Biek et al., 2003). An optically stimulated luminescence date of 122.3 +/- 15.73 ka was obtained from sediments in Grafton Lake, formed by the lava flow from Crater Hill.",37.33,-113.12,2727.0,Pleistocene
327801,Mineral Mountains-Cove Fort,Cluster,Volcanic field,United States,North America Volcanic Regions,Basin and Range Volcanic Province,"The Pleistocene Mineral Mountains-Cove Fort volcanic field includes silicic lava domes in the Mineral Mountains and basaltic and basaltic andesite cinder cones and lava flows of the Cove Fort and adjacent areas. The youngest flows of the Cove Fort field were considered to be of possible early Holocene age (Condie and Barsky, 1972), but Potassium-Argon dates of 300,000 years BP were obtained from the youngest flows (Nash, in Wood and Kienle, 1990).    ",38.58,-112.67,2770.0,Pleistocene
327802,Smelter Knolls,Minor,Lava dome(s),United States,North America Volcanic Regions,Basin and Range Volcanic Province,"Smelter Knolls in west-central Utah are a Pliocene rhyolitic lava dome complex.  Nearby basaltic volcanism is dated at 0.31 million years ago (Nash, in Wood and Kienle 1990).      ",39.434,-112.857,1555.0,Pleistocene
327803,Fumarole Butte,Shield,Shield,United States,North America Volcanic Regions,Basin and Range Volcanic Province,"The Quaternary basaltic andesite shield volcano Fumarole Butte in west-central Utah is dated 0.9 million years ago.  Hot springs are found on the eastern flanks (Nash, in Wood and Kienle 1990).      ",39.616,-112.803,1609.0,Pleistocene
328801,Willow Peak,Minor,Pyroclastic cone,United States,North America Volcanic Regions,Basin and Range Volcanic Province,"The Willow Peak cinder cone is located in the White River National Forest, and can be reached from Coffee Pot Road. Although geomorphically young, this cone is regarded as somewhat older than the Dotsero lava flow (about 4,000 years before present). A lava flow that traveled 5.5 km to the east.",39.662,-107.17,3061.0,Pleistocene
328800,McCoy,Minor,Pyroclastic cone(s),United States,North America Volcanic Regions,Basin and Range Volcanic Province,A 6.5-km-long basaltic lava flow from two scoria cones is Potassium-Argon dated 0.64 +/- 0.2 million years ago (Larson et al. 1975).      ,39.97,-106.7,2402.0,Pleistocene
329801,Sentinel Plain,Cluster,Volcanic field,United States,North America Volcanic Regions,Basin and Range Volcanic Province,"The Sentinel Plain volcanic field covers about 600 km2 along the Gila River with basaltic lava flows. The field was active from 3.3 to possibly 1.3 million years ago (Lynch, in Wood and Kienle 1990).",32.8,-113.2,160.0,Pleistocene
329802,Springerville Volcanic Field,Cluster,Volcanic field,United States,North America Volcanic Regions,Basin and Range Volcanic Province,"The Springerville Volcanic Field contains more than 380 vents and lava flows of Pliocene to Pleistocene age.  This alkali basalt field contains cinder cones, maars and lava domes, with the youngest dated cones being 0.3 million years ago.",34.192,-109.629,3091.0,Pleistocene
329803,San Carlos,Cluster,Volcanic field,United States,North America Volcanic Regions,Basin and Range Volcanic Province,"The small San Carlos volcanic field covers about 50 km2 with basaltic cinder cone and lava flow remnants. The field, active from possibly 4.2 to 1.0 million years ago, is located within the San Carlos Apache Indian reservation (Lynch, in Wood and Kienle 1990).",33.25,-110.25,1000.0,Pleistocene
329804,Geronimo,Cluster,Volcanic field,United States,North America Volcanic Regions,Basin and Range Volcanic Province,"The Geronimo (San Bernardino) volcanic field contains over 140 eruptive centers, mostly pyroclastic cones, in an area of 850 km2. The basaltic field in the SE corner of Arizona was active between 3.2 and 0.3 million years ago (Lynch, in Wood and Kienle 1990).",32.5,-109.25,1300.0,Pleistocene
327810,Potrillo Volcanic Field,Cluster,Pyroclastic cone(s),United States,North America Volcanic Regions,Basin and Range Volcanic Province,"The Potrillo volcanic field, in southern New Mexico along the western margin of the Rio Grande Rift, contains more than 150 cinder cones and five maars. Features include Kilbourne Hole, a small shield volcano, and Potrillo maar, which straddles the US-Mexico border. The field was active from 2.65 to 0.8 million years ago (Hoffer, in Wood and Kienle 1990).",31.98,-107.13,1695.0,Pleistocene
327811,Jornada del Muerto,Shield,Shield,United States,North America Volcanic Regions,Basin and Range Volcanic Province,"The Jornada del Muerto volcanic field in south-central New Mexico consists of a low shield that was the source of large radial lava flows. The age of the lavas is 0.76 million years (Crumpler and Aubele; in Wood and Kienle, 1990).     ",33.53,-106.87,1555.0,Pleistocene
327813,Lucero,Cluster,Volcanic field,United States,North America Volcanic Regions,Basin and Range Volcanic Province,"The Miocene to Pleistocene Lucero volcanic field contains basaltic cinder cones, small shield volcanoes and tuff rings scattered over a 2000 km2 area.  The latest eruptions took place only a few tens of thousand years ago (Baldridge, in Wood and Kienle, 1990).",34.42,-107.2,2395.0,Pleistocene
327814,Taylor Volcanic Field,Composite,Stratovolcano,United States,North America Volcanic Regions,Basin and Range Volcanic Province,"Mapped as Pleistocene or Pliocene flows. Probably early Pleistocene (Lipman and Moench, 1972).",35.33,-107.45,3460.0,Pleistocene
327815,Cat Hills,Cluster,Volcanic field,United States,North America Volcanic Regions,Basin and Range Volcanic Province,"The Cat Hills volcanic field west of Albuquerque contains about two dozen small cinder cones erupted along a N-S fissure, a small shield volcano and a Pliocene maar.  The Cat Hills field was formed about 0.14 million years ago (Ma); the Los Lunas volcano to the SE formed between 1.3-1.1 Ma (Kudo, in Wood and Kienle 1990).     ",34.83,-106.83,1750.0,Pleistocene
327816,Albuquerque Volcanic Field,Cluster,Volcanic field,United States,North America Volcanic Regions,Basin and Range Volcanic Province,"The Albuquerque Volcanic Field was erupted along N-S fissures from about 0.17 to 0.7 million years ago, producing spatter cones and lava flows (Kudo, in Wood and Kienle, 1990). Vulcan (or J) cone contains a lava dome split into two by an explosion crater.",35.12,-106.75,1800.0,Pleistocene
327817,Valles Caldera,Caldera,Caldera,United States,North America Volcanic Regions,Basin and Range Volcanic Province,"The 22-km-wide Valles Caldera was formed as a result of two large-volume eruptions that created the widespread Bandelier Tuff ignimbrite plateaus on all sides of the caldera. The lower member of the Bandelier Tuff, the Otawi, was emplaced about 1.7 million years ago (Ma) and resulted in the formation of most of the present-day caldera, including the Toledo embayment at the NE side. The upper member, the Tshirege, is dated about 1.2 Ma, and also deposited voluminous welded pyroclastic flows over about the same area as the Otawi. Post-caldera volcanism has included the emplacement of multiple ring-fracture lava domes and uplift of the caldera floor, forming the Redondo Peak resurgent dome. The El Cajete Pumice, Battleship Rock Ignimbrite, Banco Bonito Rhyolite, and the VC-1 Rhyolite were emplaced during the latest eruption, about 50,000-60,000 years ago. Seismic investigations show that a low-velocity zone lies beneath the caldera, and an active geothermal system with hot springs and fumaroles exists today.",35.908,-106.517,3441.0,Pleistocene
327818,Taos Plateau,Cluster,Volcanic field,United States,North America Volcanic Regions,Basin and Range Volcanic Province,"The massive Taos Plateau volcanic field covers an area of 7000 km2 along the Rio Grande Rift in north-central New Mexico and was active from about 10 million to 1.8 million years ago. The Red Hill lava flow is of probable Pleistocene age (Dungan et al., 1989).",36.83,-105.83,3087.0,Pleistocene
327819,Ocate,Cluster,Volcanic field,United States,North America Volcanic Regions,Basin and Range Volcanic Province,"The Ocate (Mora) volcanic field is part of the Jemez Lineament and  located east of the Rio Grande Rift in northern New Mexico. It contains numerous basaltic to dacitic flows and cinder cones over a 90 km2 area.  The field was active from 8.3-0.8 million years ago, although most activity ended by the Pleistocene (Baldridge, in Wood and Kienle 1990).",36.12,-104.75,3000.0,Pleistocene
327820,Raton-Clayton,Cluster,Volcanic field,United States,North America Volcanic Regions,Basin and Range Volcanic Province,"The Raton-Clayton volcanic field is a large Miocene-Quaternary field stretching from near Trinidad, Colorado to Clayton, New Mexico.  The main pulse of volcanism took place between 4 and 1.8 million years ago.  The relatively youthful-looking Capulin Mountain cinder cone was considered to have been active during the Holocene, based on stratigraphic correlations of its lava flow with distant alluvial sequences.  However, later work indicated the lava flow was more than 22,000 years old.  More-recent cosmogenic helium dating gave an age of 59,100 years for the lava flow (Sayre et al., 1995), who site additional geomorphological evidence for a Pleistocene age for Capulin Mountain.  Several other cones and vents nearby, such as Baby Capulin, Twin Mountain, and the Purvine Mesa vents, are younger than Capulin Mountain (Dungan et al. 1989).  Although they were erupted during the same geomorphologic period as Capulin Mountain, their precise age is not known.     ",36.42,-104.08,3350.0,Pleistocene
332080,Kaena,Shield,Shield,United States,Eastern Pacific Volcanic Regions,Hawaiian-Emperor Hotspot Volcano Group,"Water discoloration, sulfur odor, possible boiling water, and possible minor floating pumice were observed 60 km NW of the tip of Oahu on 22 May 1956. The seamount at that location has a depth of about 1,200 m at the end of the Kaena Ridge. Macdonald (1959) suggested that a submarine eruption may have occurred, but noted that evidence is less certain than that for the 1955 report of a submarine eruption near Necker Island.",21.822,-158.772,-1200.0,Pleistocene
332800,Kohala,Shield,Shield,United States,Eastern Pacific Volcanic Regions,Hawaiian-Emperor Hotspot Volcano Group,"The oldest of the volcanoes comprising the island of Hawaii, Kohala forms an oval shield constructed along two NW-SE trending rift zones at the NW tip of the island. Large valleys cut into the NE flanks, including the dramatic Waipio Valley, correspond to the headwall region of the massive Pololu debris avalanche that extended 130 km NE. A caldera that apparently formed during the shield stage was buried by post shield lavas. The youngest volcanic series (the Hawk volcanics) are Potassium-Argon age dated between 0.26-0.06 million years ago.",20.08,-155.72,1668.0,Pleistocene
332801,Kahoolawe,Shield,Shield,United States,Eastern Pacific Volcanic Regions,Hawaiian-Emperor Hotspot Volcano Group,"The uninhabited island of Kahoolawe, SW of the island of Maui, consists of a broad, low basaltic shield volcano formed by Pleistocene eruptions along a rift zone that extends SW from a buried, 5-km-wide caldera at the eastern side of the island. The eastern rim of the caldera lies beneath the waters of Kanapou Bay. Two less prominent rift zones trend to the east and north. Much of the island is truncated by steep sea cliffs that expose the thin lava flows making up the volcano. Stearns (1946) and Macdonald and Abbott (1970) considered cinder cones within the caldera on the west side of Kanapou Bay to be of Holocene age, but this age was considered probably too young by Langenheim and Clague (1987), who mapped the cones as Pleistocene or Holocene. Sano et al. (2006) obtained K-Ar dates on the youngest flows of 900,000 to 980,000 years Before Present.  ",20.57,-156.57,450.0,Pleistocene
332802,Mahukona,Minor,Cone,United States,Eastern Pacific Volcanic Regions,Hawaiian-Emperor Hotspot Volcano Group,"The Pleistocene Mahukona seamount lies between the islands of Hawaii and Kahoolawe, NW of Hualalai volcano. The distinct cone is about 4 km in diameter.  ",20.17,-156.42,-1080.0,Pleistocene
332803,West Maui,Shield,Shield,United States,Eastern Pacific Volcanic Regions,Hawaiian-Emperor Hotspot Volcano Group,"The Pleistocene West Maui shield volcano is deeply dissected by spectacular steep-sided valleys that extend from the north and east into the summit caldera. Late-stage cinder cones and lava flows on the W flank were mapped as Recent by Stearns (1946). Mullineaux et al. (1987) indicated that the youngest lava flows are more than 25,000 years old, and the youngest K-Ar dates obtained are older than one million years (Sherrod et al., 2007).",20.88,-156.6,1764.0,Pleistocene
332804,Lanai,Shield,Shield,United States,Eastern Pacific Volcanic Regions,Hawaiian-Emperor Hotspot Volcano Group,"The Pleistocene Lanai shield volcano was constructed along three rift zones, the most prominent of which is the NW rift zone. The large submarine Clark debris avalanche extended 150 km S (Moore et al. 1989). A caldera is located at the southern end of the island. Lava and spatter cones were formed along the rift zones. A single Potassium-Argon date of 1.28 +/- 0.4 million years ago has been obtained on Lanai basalts.",20.82,-156.85,1021.0,Pleistocene
332805,East Molokai,Shield,Shield,United States,Eastern Pacific Volcanic Regions,Hawaiian-Emperor Hotspot Volcano Group,East Molokai volcano was constructed along an E-W trending rift zone. The northern half of the volcano is truncated by a cliff more than 1 km high resulting from the massive Wailau debris avalanche that extended more than 100 km N (Moore et al. 1989). The youngest eruptive products formed the small Kalaupapa shield volcano that created a peninsula off the north coast between about 0.57 and 0.35 million years ago (Langenheim and Plague 1987).,21.12,-156.87,1506.0,Pleistocene
332806,West Molokai,Shield,Shield,United States,Eastern Pacific Volcanic Regions,Hawaiian-Emperor Hotspot Volcano Group,"The flat West Molokai shield volcano was formed by eruptions along two rift zones at the west end of Molokai Island during the Pliocene and early Pleistocene. The youngest Potassium-Argon date is 1.52 +/- 0.6 million years ago (Langenheim and Clague, 1987).",21.15,-157.17,418.0,Pleistocene
332807,Koolau,Shield,Shield,United States,Eastern Pacific Volcanic Regions,Hawaiian-Emperor Hotspot Volcano Group,"The extensively eroded, elongated Koolau basaltic shield volcano of Pliocene-to-Pleistocene age forms much of the eastern half of Oahu Island. A lengthy NW rift zone is defined by a dike complex that runs the length of the windward coast. The largest documented submarine landslide of the Hawaiian islands produced the Nuuanu debris avalanche, which traveled 230 km NE from its source at the Nuuanu Pali on the NE side of the volcano. After a period of long quiescence activity resumed, forming the Honolulu volcanic series at the SE end of Oahu. The youngest members of the Honolulu Series, which consists of a group of tuff cones, maars, cinder cones, and spatter cones, many with associated lava flows, were considered by Stearns (1946) to be about 5000 years old. The youngest radiometric dates, however, ranged from 31,000 to 43,000 years old (Mullineaux et al., 1987), and more recent work (Ozawa et al., 2005) dated material to about 40,000 years. Sherrod (pers. comm., 2006) noted that earlier estimates of Holocene ages have been shown to be incorrect, and that the Sugarloaf lava flow, thought to be younger than 10,000 years, was dated at 110,000 years.",21.37,-157.8,941.0,Pleistocene
332808,Waianae,Shield,Shield,United States,Eastern Pacific Volcanic Regions,Hawaiian-Emperor Hotspot Volcano Group,"The elongated Waianae shield volcano forms much of western Oahu Island. The Waianae Slump, a landslide formed during multiple events, extends 90 km SW (Moore et al. 1989). The heavily eroded volcano was largely formed during the Pliocene, but late-stage Kolekole volcanics at the SE end of the range are considered to be of Pleistocene age (Langenheim and Plague 1987).",21.52,-158.15,1220.0,Pleistocene
332809,Kauai,Shield,Shield,United States,Eastern Pacific Volcanic Regions,Hawaiian-Emperor Hotspot Volcano Group,"Kauai Island is composed of a single large eroded shield volcano with a summit caldera 15-20 km in diameter and two flank calderas. Large Pliocene debris avalanches extended to the north and south. The spectacular Waimea Canyon and Napalm cliffs on the NW coast are products of extensive erosion. Most of the volcano is of Pliocene age; however, rejuvenation of activity during the Pleistocene produced lavas and cones over the eastern two-thirds of the island Potassium-Argon dated 1.40-0.6 million years ago (Macdonald and Abbott 1970).",22.07,-159.5,1668.0,Pleistocene
332810,Niihau,Shield,Shield,United States,Eastern Pacific Volcanic Regions,Hawaiian-Emperor Hotspot Volcano Group,"Niihau is the eroded remnant of a Miocene to Pliocene shield volcano.  Rejuvenation during the late Pliocene and Pleistocene produced a series of small shield volcanoes, cinder cones and tuff cones.     ",21.95,-160.08,390.0,Pleistocene
332811,Kaula,Shield,Shield,United States,Eastern Pacific Volcanic Regions,Hawaiian-Emperor Hotspot Volcano Group,"Ka'ula Island is a Pleistocene tuff cone that rests on a broad submerged shield volcano (Macdonald and Abbott, 1970; IAVCEI, 1973).      ",21.67,-160.55,194.0,Pleistocene
333800,Hiva Oa,Shield,Shield,France,Southern Pacific Volcanic Regions,Marquesas Hotspot Volcanic Group,"The Marquesas Islands show an age progression with the youngest volcanoes occurring at the SE end of the chain.  Hiva Oa, a large shield volcano with a caldera truncated on the south side, is the NW-most volcano of the chain with some Pleistocene activity.  Potassium-Argon dates range from 2.48-1.58 million years ago (Duncan and Mcdougall 1974).  Radiometric ages for Tahuata Island, immediately south of Hiva Oa, are Pliocene.    ",-9.78,-139.03,1067.0,Pleistocene
333801,Fatu Hiva,Shield,Shield,France,Southern Pacific Volcanic Regions,Marquesas Hotspot Volcanic Group,"Fatu Hiva is the SE-most and youngest of the Marquesas Islands.  Potassium-Argon dates for the island, a shield volcano with a large summit caldera truncated on the west, range from 1.39-1.30 million years ago (Duncan and Mcdougall, 1974).     ",-10.47,-138.65,955.0,Pleistocene
333802,Moorea,Shield,Shield,France,Southern Pacific Volcanic Regions,Society Islands Hotspot Volcano Group,"Like several other central Pacific island chains, the Society Islands are progressively younger to the SE. Moorea, the NW-most of the Society Islands with Pleistocene volcanism, is a dissected shield volcano whose caldera is open to the north and surrounded by sharp-topped peaks. Potassium-Argon dates for the island range from 1.64-1.49 million years ago (Duncan and Mcdougall 1976).",-17.552,-149.823,1138.0,Pleistocene
333803,Tahiti-Nui,Shield,Shield,France,Southern Pacific Volcanic Regions,Society Islands Hotspot Volcano Group,"Tahiti-Nui is the larger of two coalescing shield volcanoes forming the island of Tahiti. Much of the original volcano is intact; the central caldera is drained to the north by the Papenoo River. Potassium-Argon dates range from 1.23-0.48 million years ago (Duncan and Mcdougall, 1976).",-17.696,-149.523,1631.0,Pleistocene
333804,Tahiti-Iti,Shield,Shield,France,Southern Pacific Volcanic Regions,Society Islands Hotspot Volcano Group,"The smaller and younger of two coalescing shield volcanoes on Tahiti, Tahiti-Iti (Taiarapu) is connected to Tahiti-Nui by a narrow isthmus. Potassium-Argon ages range from 0.48-0.38 million years ago (Duncan and Mcdougall 1976).",-17.798,-149.237,1169.0,Pleistocene
333805,Aitutaki,Shield,Shield,New Zealand,Southern Pacific Volcanic Regions,Austral-Cook Hotspot Volcano Group,Volcanic rocks of Aitutaki Atoll in the Cook Islands are Potassium-Argon dated 0.77-0.66 million years ago (Duncan and Mcdougall 1976).      ,-18.9,-159.77,124.0,Pleistocene
333806,Rarotonga,Shield,Shield,New Zealand,Southern Pacific Volcanic Regions,Austral-Cook Hotspot Volcano Group,Potassium-Argon dates from the Rarotonga shield volcano in the Cook Islands range from 1.8-1.2 million years ago (Duncan and Mcdougall 1976).      ,-21.23,-159.75,639.0,Pleistocene
333807,Rurutu,Shield,Shield,France,Southern Pacific Volcanic Regions,Austral-Cook Hotspot Volcano Group,"Rurutu is an eroded shield volcano in the Austral (Tubuai) Islands capped by later Pleistocene lava flows that reached the sea through gaps in the fringing coral reef. The younger volcanics are Potassium-Argon dated from 1.85-1.05 million years ago (Duncan and McDougall, 1976).     ",-22.45,-151.35,394.0,Pleistocene
333808,Pitcairn,Shield,Shield,United Kingdom,Southern Pacific Volcanic Regions,Pitcairn Hotspot Volcano Group,"Located at the SE end of the Duke of Gloucester-Gabbier Islands chain, Pitcairn is a small island remnant of a shield volcano with a dissected caldera. Potassium-Argon dates range from 0.95-0.45 million years ago (Duncan et al. 1974).     ",-25.068,-130.113,313.0,Pleistocene
335010,Antipodes Island,Minor,Pyroclastic cone(s),New Zealand,Southern Pacific Volcanic Regions,Campbell Plateau Volcanic Province,"The isolated, uninhabited Antipodes Islands are located in the south Pacific, 770 km SE of New Zealand. Volcanism has been dominantly pyroclastic, and the presence of well-preserved scoria cones suggests a Holocene age (LeMasurier and Thomson, 1990). The most recent eruptions occurred on the cone forming Mount Galloway and Mount Waterhouse at the center of 4-km-wide main island. Marine erosion has exposed sections through tuff cones at Perpendicular Head and Albatross Point at the NE and SE tips of the island, respectively. Radiometric dates indicated basalts that are younger than 1 million years (250-500 ka with high uncertainty W of Reef Point), and Cullen (1969) also speculated that volcanism may have begun in the Tertiary and persisted ""almost to the present day.""",-49.684,178.781,359.0,Pleistocene
341000,"Prieto, Cerro",Minor,Lava dome,Mexico,Eastern Pacific Volcanic Regions,Gulf of California Rift Volcanic Province,"The Cerro Prieto Volcanic Complex is the surface manifestation of the Cerro Prieto Geothermal Field, and 90 km NW of the Gulf of California and 35 km S of the city of Mexicali. As described by García-Sánchez et al. (2017), the ""geothermal field
and the Salton Sea in the USA sit in a pull-apart basin that belongs to the trans-tensional tectonic zone that includes the
San Andreas Fault system and the Salton Trough basin to the NW and the East Pacific Rise to the SE."" Although the only obvious volcanic feature  is the small Cerro Prieto dome complex with a 200-m-wide crater at the NE end, the complex, as defined by García-Sánchez et al. (2017), ""consists of seven stratigraphic units emplaced in a brief time span around 78–81 ka. Its activity began with the extrusion of a dacitic lava that came into contact with water-saturated sediments, causing brecciation of the lava. The activity continued with the emplacement of dacitic domes and a dyke that were destroyed by a phreatic explosion emplacing a lithic-rich breccia. This phreatic explosion formed a 300-m-wide and 40-m deep circular crater. The activity then migrated ~650 m to the SW where three dacitic lava domes were extruded and ended with the emplacement of a fissure-fed lava flow."" Ages around 100,000 years BP (possibly up to 10,000 years) were reported by de Boer (1979) and Reed et al. (1984), and Cucupas Indian legends described a monster that covered the land with hot rocks, which grew through the soil and emitted fire tongues. Later work by García-Sánchez et al. (2017) presented ""two 40Ar/39Ar whole-rock ages reported by Macías et al. (2011) in an internal unpublished report for CFE [with recalculated ages] of 78 ± 17 ka for the brecciated dacitic lava and 81 ± 13 ka for the dacitic dyke.""",32.418,-115.305,223.0,Pleistocene
341002,San Quintin Volcanic Field,Cluster,Pyroclastic cone(s),Mexico,Eastern Pacific Volcanic Regions,Gulf of California Rift Volcanic Province,"San Quintín Volcanic Field on the NW coast of Baja California consists of 11 late-Pleistocene pyroclastic cones and related lava flows. Low lava shields, initially submarine, are capped by scoria cones. San Quintín rocks are similar to intraplate or oceanic island alkalic rocks and differ from other Baja alkalic volcanic suites. It is the only Quaternary volcanic field in Baja California where lower-crustal and upper-mantle xenoliths are found. The field is located at the margins of the Y-shaped San Quintín Bay, and includes a northern and southern group of cones, Monte Mazo (connected to the mainland by a long tombolo), and Isla San Martín (5 km offshore to the west). Lava flows overlie midden deposits thought to be 5-6,000 years old, and Gastil et al. (1975) also considered the southern cones of Picacho Vizcaino and Sudoeste to possibly be less than 3,000 years old. However, Ar-Ar dating (Ortega-Rivera et al., 2004) restricted eruptions to a range of about 180,000 to 20,000 years ago.",30.467,-116.012,260.0,Pleistocene
341005,Coronado,Composite,Stratovolcano,Mexico,Eastern Pacific Volcanic Regions,Gulf of California Rift Volcanic Province,"Volcán Coronado is a roughly 440-m-high, 2-km-diameter volcanic cone at the northern end of the 7-km-long Coronado Island, 3 km off the E coast of Baja California in the Canal de los Ballenas. The age of the most recent eruptive activity is not known, although fumarolic activity was reported in September 1539 (Medina et al., 1989; original source not referenced).",29.089,-113.515,443.0,Pleistocene
341010,Tres Virgenes,Composite,Stratovolcano(es),Mexico,Eastern Pacific Volcanic Regions,Gulf of California Rift Volcanic Province,"The Tres Vírgenes volcanic complex contains the only large stratovolcanoes in Baja California, rising above the Gulf of California in the east-central part of the peninsula. Three volcanoes, El Viejo, El Azufre, and La Vírgen, constructed along a NE-SW line, are progressively younger to the SW. The youngest, La Vírgen, is a stratovolcano with both dacitic and andesitic flank lava domes and lava flows. A major Plinian eruption from a SW-flank vent was radiocarbon dated at about 6,500 years, but Helium exposure and Uranium-series dates give a Pleistocene age (30.7 ka) for this event (Schmitt et al., 2006). A stratigraphic review (Avellan et al., 2018) noted that the 30.7 ka age is closer to the expected age of the tephra fall, and that the 22-25.5 ka (as determined by Schmitt et al., 2006) andesitic-dacitic lava flows dispersed around the cone are the youngest units in the complex. Although an ash plume from Tres Vírgenes was reported in 1746 by a Spanish Jesuit priest while navigating the Gulf of California, no tephra deposits from such a recent eruption have been found. A geothermal plant is located at the northern end of the complex near the margin of the Pleistocene El Aguajito caldera. ",27.47,-112.591,1934.0,Pleistocene
341023,"Isabel, Isla",Minor,Tuff cone(s),Mexico,North America Volcanic Regions,Basin and Range Volcanic Province,"Isla Isabel, a complex of tuff cones and associated lava flows, forms a small 1.5-km-long island located in the Pacific Ocean 30 km off the coast of Narayit state, NW of the city of Tepic, Mexico. Despite its apparent location at the western end of the Mexican Volcanic Belt, the island consists of alkaline basaltic rocks and tephra similar to those of other Mexican island volcanoes and in the extensional province of northern Mexico. The island is a wildlife sanctuary whose rocks and vegetation are covered with guano. Exposures of tuff cone interiors can be found in sea cliffs of the main island and offshore islets. The age of the most recent eruptive activity is not known, but morphology and a negative Argon-Argon age from one sample suggests activity may have continued into the Holocene. One unvegetated lava flow of unknown age is located on the NW side of the island.",21.848,-105.886,95.0,Pleistocene
341081,Papayo,Minor,Lava dome,Mexico,Middle America-Caribbean Volcanic Regions,Trans-Mexican Volcanic Arc,"The steep-sided Papayo lava dome and related dacitic lava flows was emplaced in a NE-SW oriented depression south of Telapon and north of Iztaccíhuatl in the Sierra Nevada range west of Mexico City. The lava flows extended about 10 km both WSW and ENE from the dome that rises about 230 m above the flows. The lava field covers about 84 km2 and has a volume of about 21 km3. Lavas overlie glacial moraines about 12,000 years old (Nixon, 1989), and on the western side the flows surround the glaciated late-Pleistocene lava and pyroclastic cone of Iztaltetlac. However, a radiometric age (K-Ar) of 118,000 years BP was reported by Macis et al. (2012), along with 80,000 BP for the Teyotl dacitic lava flows immediately south towards Iztaccíhuatl.",19.308,-98.7,3600.0,Pleistocene
341094,"Atlixcos, Los",Shield,Shield,Mexico,Middle America-Caribbean Volcanic Regions,Trans-Mexican Volcanic Arc,"Los Atlixcos, also known as Cerro el Abra, consists of a broad area of lava flows topped by two large cones at the eastern end of the Mexican Volcanic Belt along the Gulf of Mexico about 80 km NW of the city of Veracruz, near Palma Sola. The two cones, together known as Cerro los Atlixcos, lie 2 km apart with the larger one to the W. A broad area of basaltic lava flows extends primarily to the E and NE, reaching the coast about 9 km from the western cone. The boundaries of the lava shield are defined by the Río Santa Ana on the NE and the Río El Tecuán on the S. Negendank et al. (1985) considered them to be of Holocene age based on morphology. Other Quaternary cones are located to the NW, and a group of cones and silicic lava domes of Tertiary-to-Quaternary age were constructed along the coast to the SE. There are no eruption dates known.",19.81,-96.527,775.0,Pleistocene
341096,Cofre de Perote,Composite,Compound,Mexico,Middle America-Caribbean Volcanic Regions,Trans-Mexican Volcanic Arc,"Cofre de Perote is a massive Quaternary andesitic-dacitic volcano at the NNE end of a volcanic chain extending southward to Pico de Orizaba (Citlaltépetl). Lava flows dominated the formation of this broad massif, which is largely of Pleistocene age. Glaciation at the summit has left a steep box-like peak which is sometimes referred to as the ""Treasure Chest of Perote."" A large escarpment formed in part by multiple edifice collapses cuts the eastern side of the volcano. Numerous cinder cones, likely related to regional monogenetic volcanism, were erupted through NE part of the broad edifice ~12 km from the summit, and are included with the Naolinco Volcanic Field in this catalog.",19.492,-97.15,4282.0,Pleistocene
341097,"Gloria, La",Cluster,Volcanic field,Mexico,Middle America-Caribbean Volcanic Regions,Trans-Mexican Volcanic Arc,"A broad area of Quaternary volcanic rocks lies in the highland between Cofre de Perote and Las Cumbres volcanoes. Two large arcuate E-facing scarps of uncertain origin, possibly eroded volcanic centers, are the most prominent features of the La Gloria volcanic field. The name originates from the town at its NW base, but is also known as the Desconocido-Tecomales volcanic field after the two large scarp ridges, 9-km-long Desconocido on the N and 6-km-long Tecomales on the S. Numerous pyroclastic cones on both sides of the escarpments are included in the Serdán-Oriental Volcanic Field for this catalog. The age of the most recent eruptions in this poorly studied region is not known, although some lava flows were classified by Negendank et al. (1985) as Holocene based on their youthful morphology. Carrasco-Nunez et al. (2006) described Holocene debris flow deposits, but characterized the complex as a probable Plio-Pleistocene age chain of aligned vents.",19.33,-97.25,3500.0,Pleistocene
341098,"Cumbres,  Las",Composite,Stratovolcano,Mexico,Middle America-Caribbean Volcanic Regions,Trans-Mexican Volcanic Arc,"Las Cumbres volcanic complex is a Quaternary center ~15 km NNE of Pico de Orizaba The ~3.5 km summit caldera is narrowly breached on the E, and is largely filled by a dacitic lava dome (Cerro Gordo or El Cumbre Grande). Eruptive activity at the main complex ceased during the late Pleistocene. Rhyolitic and obsidian domes to the N and SW, sometimes associated with this complex, are listed as subfeatures of the Serdán-Oriental Volcanic Field in this catalog.   ",19.15,-97.27,3931.0,Pleistocene
341800,"Leon, Cerro",Minor,Cone,Mexico,Eastern Pacific Volcanic Regions,Gulf of California Rift Volcanic Province,"Cerro León, also known as Volcán Prieto (""Dark volcano""), is a small, roughly 280-m-high cone of early Pleistocene age (~2.5 Ma) that was constructed along the Guaymas lineament on the east coast of northern Baja California (Martin-Barajas and Weber, 2003). The eastern flank of the volcano extends into the Gulf of California. It is part of the Puertecitos Volcanic Province, within the Gulf of California Rift Basin System (Martin-Barajas and Weber, 2003; Oskin and Stock, 2003). This volcanic province is the most extensive in the region and has the longest known volcanic history. It is typically calc-alkaline and largely rhyolitic, but Cerro Leon is predominantly andesitic (Stock, 2000; Gastil et al., 1979; Martin-Barajas and Weber, 2003). ",30.227,-114.655,280.0,Pleistocene
341801,San Ignacio Volcanic Field,Cluster,Volcanic field,Mexico,Eastern Pacific Volcanic Regions,Gulf of California Rift Volcanic Province,"The San Ignacio volcanic field lies north of the town of the same name and east of the town of Vizcaino. Miocene tholeittic basaltic-andesitic lava flows and somewhat magnesian Pliocene-to-Pleistocene andesites emitted from dozens of cinder cones overlie Tertiary sediments (Pallares et al., 2007; Calmus et al., 2003). Surface morphology implies that these Plio-Pleistocene flows were likely highly viscous, compared to their more fluid Miocene counterparts (Pallares et al., 2007). The San Ignacio field dates to about 0.65 to 5 Ma; most of the volcanic activity at this center occurred during the Miocene and early Pliocene (Calmus et al., 2003).
",27.633,-113.05,1500.0,Pleistocene
341802,"Aguajito, El",Caldera,Caldera,Mexico,Eastern Pacific Volcanic Regions,Gulf of California Rift Volcanic Province,"El Aguajito caldera (also known as Santa Ana caldera) is located along the Gulf of California immediately NE of Tres Vírgenes volcano and NW of La Reforma caldera. The rim of the approximately 10-km-wide resurgent caldera is not exposed, but an arcuate line of andesitic-to-rhyolitic lava domes covers its northern margin.  Formation of the rhyolitic caldera was associated with the eruption of ignimbrites, K-Ar dated at 0.76 +/- 0.06 million years ago (Ma), most of which were deposited in the Gulf of California.  Rhyolitic lava domes on the northern margin have been dated at 0.5 +/- 0.04 Ma; dacitic lava domes on the southern side of the caldera appear to be older. The regional NNE-SSW-trending Cimarron fault cuts across the center of the caldera. Hot springs are located along the southern caldera margin, and active seismicity was noted during geothermal exploration.",27.554,-112.552,1274.0,Pleistocene
341804,"Pulpito, Punta",Minor,Lava dome,Mexico,Eastern Pacific Volcanic Regions,Gulf of California Rift Volcanic Province,"Punta Púlpito is a Pleistocene obsidian dome dated at about 0.5 million years that forms a small peninsula along the Gulf of California, east of the southern tip of Bahía Concepción in southern Baja California.  The Saquicismunde geothermal area  with hydrothermal springs and steaming ground lies close to the dome, and the larger Los Volcanes geothermal area, lying along the coast about 5 km S, contains 18 fumaroles along a NW-SE alignment.",26.517,-111.444,131.0,Pleistocene
341805,"Mencenares, Cerro",Minor,Lava dome(s),Mexico,Eastern Pacific Volcanic Regions,Gulf of California Rift Volcanic Province,"The Cerro Mencenares volcanic complex along the Gulf of California is situated at the northern extent of the Loreto Basin, SE of Bahia Concepcion (Dorsey and Umhoefer, 2000). It's eruptive history, which involves three eruptive events, likely played a role in the development of the Loreto Basin. Cerro Mencenares itself is a large stratovolcano; the complex consists of this composite cone and several peripheral centers that cover an area of about 150 km2 (Bigioggero et al., 1995). The volcanic products generally consist of Pliocene to lower Pleistocene andesitic to rhyolitic domes, flows, and pyroclastics (San Juanico Unit), along with dacitic and andesitic-basaltic lava flows (Mencenares Unit) (Dorsey and Umhoefer, 2000; Bigoggero et al., 1995). Younger silicic domes and minor basaltic lava flows make up the San Basilio-San Juan Unit (Bigioggero et al., 1995). The volcanic tuffs and breccias on the flanks of the complex are often interbedded with marine mudstones and limestones (Bigioggero et al., 1995; Dorsey and Umhoefer, 2000). 
",26.28,-111.47,790.0,Pleistocene
341803,"Reforma, La",Caldera,Caldera,Mexico,Eastern Pacific Volcanic Regions,Gulf of California Rift Volcanic Province,"The early Pleistocene La Reforma caldera lies along the Gulf of California immediately east of Tres Vírgenes volcano and SE of the late Pleistocene El Aguajito caldera. The roughly 9-km-wide caldera contains basaltic, andesitic, and dacitic lava flows, and rhyolitic lava domes. A prominent arcuate caldera rim extends from La Reforma along the NW coast to near Punta Las Cuevas on the SE coast. The age of the caldera was determined (K-Ar) to be between 1.6 and 1.4 million years old (Ma). A 1.09 +/- 0.11 Ma age was obtained on a ring-fracture lava dome. Andesitic lava flows were erupted on the flanks of the caldera both before and after caldera formation.",27.508,-112.392,1300.0,Pleistocene
341806,Moctezuma Volcanic Field,Cluster,Volcanic field,Mexico,North America Volcanic Regions,Basin and Range Volcanic Province,"The Moctezuma volcanic field occupies a 380 km2 area along the foothills of the Sierra Madre Occidental in NW México. An early stage of tholeiitic basaltic volcanism originating from fissures along the eastern boundary of the graben produced a broad mesa within a large graben in the Moctezuma Basin. Younger alkalic basaltic volcanism produced five scoria cones concentrated along a crudely N-S trend in the center of the graben. These produced lava flows that traveled primarily SW. The youngest cone is Cerro Blanco, which produced lava flows to the SW and was Potassium-Argon dated at about 0.53 +/- 0.2 million years.",29.63,-109.52,,Pleistocene
341807,Camargo Volcanic Field,Cluster,Pyroclastic cone(s),Mexico,North America Volcanic Regions,Basin and Range Volcanic Province,"The Camargo volcanic field is located in the northern Bolsón de Mapimí graben in north-central México, about 150 km SW of Big Bend National Park in Texas. More than 300 volcanic vents, mostly cinder cones and lava cones, are located in a broad 2,500 km2 lava plateau that extends 60 km E-W and 70 km N-S. It is mostly Pliocene, but a Pleistocene age of 1.43 +/- 0.05 Ma was obtained on one sample. The best-studied vent of the field is 1.63 Ma Cerro el Salto (also known as La Olivina), a cinder cone whose spinel-lherzolite xenoliths were once mined for peridot.",27.75,-104.42,1900.0,Pleistocene
341836,Aldama Volcanic Field,Cluster,Volcanic field,Mexico,North America Volcanic Regions,Basin and Range Volcanic Province,An area of Quaternary phonolitic and basaltic pyroclastic cones and lava flows is located along the Gulf of Mexico SE of the Sierra de Tamaulipas.  Trachytic and phonolitic eruptions were followed by the emission of young basaltic lava flows from cinder cones.  Scattered areas of Tertiary or Quaternary volcanic rocks also lie along a NNW-SSE-trending line on the coastal plain east and NE of the Sierra de Tamaulipas and in areas farther west toward the base of the mountain range.,23.2,-98.02,600.0,Pleistocene
341837,"Flores, Los",Cluster,Volcanic field,Mexico,North America Volcanic Regions,Basin and Range Volcanic Province,"The Tertiary-to-Quaternary Los Flores volcanic field is located in the rugged limestone peaks of the Sierra Madre Oriental at the conjunction of the states of Tamaulipas, Nuevo León, and San Luis Potosí in eastern México.  Basaltic lava flows of the Mexican Basin and Range Province erupted in the valleys formed by late-Mesozoic faulting and folding that formed the NNW-SSE-trending Sierra Madre Oriental.  One massive youthful, but undated Quaternary pahoehoe lava flow traveled about 80 km to the SSE down a synclinal valley from Cerro Partido.",22.58,-99.38,520.0,Pleistocene
341808,Santo Domingo Volcanic Field,Cluster,Maar(s),Mexico,North America Volcanic Regions,Basin and Range Volcanic Province,"The Santo Domingo volcanic field lies in the center of the state of San Luis Potosí in the southern Basin and Range province of central México, ~50 km NE of the Ventura volcanic field. There are a group of four maars in the NW part of the field, along with several alkalic cinder cones and associated lava flows to the SE. The largest maar, La Joya de los Contreras, is 750 x 1,000 m. The Santo Domingo maars are the source of mantle-derived spinel-lherzolite xenoliths and deep-crustal granulite xenoliths.",22.83,-100.08,1550.0,Pleistocene
341809,Ventura Volcanic Field,Cluster,Maar(s),Mexico,North America Volcanic Regions,Basin and Range Volcanic Province,"The Ventura Volcanic Field consists of a group of maars and pyroclastic cones located immediately NE of the city of San Luis Potosí in the southern Basin and Range province of central México. The largest and best-known maar is La Joya Honda, a 850 x 1,100 m, 300-m-deep maar erupted through Cretaceous limestones about 1.1 million years ago. The maars, located near the southern end of the Basin and Range province, are known for their mantle-derived spinel-lherzolite xenoliths and deep-crustal granulite xenoliths. A 10-km-long lava flow also rich in lherzolite xenoliths was erupted from the Cerro Verde cinder cone north of La Joya Honda.",22.35,-100.7,2035.0,Pleistocene
341810,San Juan,Composite,Stratovolcano(es),Mexico,Middle America-Caribbean Volcanic Regions,Trans-Mexican Volcanic Arc,"Volcán San Juan, the NW-most major volcano of the Mexican Volcanic Belt, overlooks the city of Tepic, the capital of Nayarit state.  The northernmost of two twin stratovolcanoes is truncated by a 1 x 4 km wide, oval-shaped caldera formed about 15,000 years ago during an eruption that produced thick rhyodacitic pumice-fall deposits.  These are up to 9 m thick beneath Tepic and extensively quarried.  This major explosive eruption was followed, probably shortly thereafter, by intra-caldera eruptions of andesitic lava domes and flows. Cerro Alto stratovolcano, the 2240 m high point of the San Juan volcanic complex, is an older volcano that rises immediately to the south of San Juan. Reports of historical eruptions of San Juan in 1742 and 1859 are unconfirmed or incorrect (Luhr, 2000).",21.47,-104.97,2240.0,Pleistocene
341811,"Navajas, Las",Shield,Shield,Mexico,Middle America-Caribbean Volcanic Regions,Trans-Mexican Volcanic Arc,"Volcán Las Navajas is a low-profile shield volcano located immediately north of the more prominent Sangangüey volcano.  Las Navajas is truncated by a 4-km-wide circular caldera, associated with eruption of the Las Cuevas ash.  The caldera is filled by pantelleritic lava flows that overtopped the caldera rim on the north, east, and SW sides.  A major plinian eruption about 200,000 years ago produced widespread airfall pumice and welded pyroclastic flows (collectively known as the La Moderna ash) that first formed a 1-km-wide central crater at the summit of a stratovolcano constructed in the center of Las Navajas caldera and then formed an elliptical caldera 2.5 x 4 km in size on the southern side of the volcano.  Two cinder cones and an associated lava flow were subsequently erupted on the northern flank of Las Navajas, and Sangangüey volcano was constructed on the southern flank, largely burying the southern rim and floor of the second caldera.   ",21.531,-104.729,1680.0,Pleistocene
341812,Santa Maria del Oro,Minor,Maar,Mexico,Middle America-Caribbean Volcanic Regions,Trans-Mexican Volcanic Arc,"The scenic lake-filled Santa María del Oro maar lies between Sangangüey and Ceboruco volcanoes in the Tepic-Chapala graben.  The topographically indistinct outer flanks of the maar give little hint to the dramatic 400 m drop into the Laguna Santa María crater lake.  The roughly 3-km-wide maar was erupted through older Miocene rhyolitic ashflow tuffs of the Sierra Madre Occidental.  Little is known of the geology or age of Santa María del Oro, but it occurs near the alignment of cinder cones extending from Sangangüey and may have a similar Pleistocene age.  Pyroclastic-surge deposits from Santa María del Oro occur in valleys to the north and in some cases along the walls of the crater.",21.371,-104.571,1120.0,Pleistocene
341813,Tepetiltic,Composite,Stratovolcano,Mexico,Middle America-Caribbean Volcanic Regions,Trans-Mexican Volcanic Arc,"Volcán Tepetiltic is an andesitic and dacitic stratovolcano truncated by an elliptical 5 x 2.5 km caldera that contains a lake at its NE corner. The caldera, with steep-sided walls elongated NE-SW, originated during a major rhyodacitic eruption that produced Plinian-airfall, pyroclastic-flow, and pyroclastic-surge deposits around the volcano. Caldera collapse was closely followed by emplacement of lava domes on the eastern flank. Two andesitic domes were later emplaced on the caldera floor, and chemically unrelated flank cinder cones were erupted.",21.27,-104.7,2020.0,Pleistocene
341814,San Pedro,Caldera,Caldera,Mexico,Middle America-Caribbean Volcanic Regions,Trans-Mexican Volcanic Arc,"The elliptical 7 x 10 km wide San Pedro caldera, located immediately south of the Tepetiltic caldera, is partially filled by the three coalescing Cerro San Pedro lava domes. Construction of a large number of lava domes SE of the current location of San Pedro during the Pleistocene was followed by caldera formation associated with eruption of the Cuastecomate Pumice. The rim of the caldera, which was considered to have formed between about 450,000 and 283,000 years ago, is exposed only on the east side. The dacitic San Pedro lava domes are aligned along a WNW-trending fracture and have been potassium-argon dated at about 41,000 years. Two of the domes have collapsed, forming debris-avalanche deposits that extend as far as 10 km to the NW and SE.",21.17,-104.73,2000.0,Pleistocene
341816,"Volcanes, Los",Cluster,Volcanic field,Mexico,Middle America-Caribbean Volcanic Regions,Trans-Mexican Volcanic Arc,"A mostly Pliocene volcanic field is located near the town of Los Volcanes, at the southern end of the Atenguillo graben in the Jalisco tectonic block of western México. The 285 km2 field consists of lava cones and flat-topped flows overlying Cretaceous ignimbrites. The youngest products are earliest Pleistocene in age (Potassium-Argon date of 1.56 Ma). The extensional tectonic setting, in a graben of the Jalisco block, has resulted in the eruption of a wide variety of lava types, ranging from potassic minettes and leucitites to calc-alkaline basalts and andesites.",20.33,-104.5,2080.0,Pleistocene
341817,Northern Atenguillo,Cluster,Shield(s),Mexico,Middle America-Caribbean Volcanic Regions,Trans-Mexican Volcanic Arc,"An extensive Pliocene-Pleistocene volcanic field is located at the northern end of the Atenguillo graben in the Jalisco tectonic block of western México. Pleistocene volcanism has occurred at two locations at the southern and northern ends of the field. Potassium-Argon ages of 0.65 and 0.67 Ma (million years) were obtained from the Las Laja shield volcano at the southern end of the field. Initial phreatomagmatic eruptions at La Laja produced pyroclastic-surge and airfall deposits associated with formation of a tuff ring or tuff cone. Subsequent extrusion of a thick sequence of lava flows formed the symmetrical shield volcano. The flows blocked the Río Atenguillo, forming an ephemeral 20-km-long lake, and the initial flows produced pillow lavas. El Rosario, the northernmost known Pleistocene vent of the Atenguillo graben, forms an alkali-basaltic lava plateau and has a Potassium-Argon age of 0.64 Ma.",20.75,-104.5,1700.0,Pleistocene
341818,Tequila,Composite,Stratovolcano,Mexico,Middle America-Caribbean Volcanic Regions,Trans-Mexican Volcanic Arc,"Volcán Tequila is an eroded andesitic-dacitic volcano surrounded by a series of older flank rhyolitic lava domes and obsidian flows ranging from 0.9 to 0.23 Ma in age. A prominent summit spine, similar to that at Sangangüey, has been dated at 0.21 Ma. The spine occupies a large summit crater open to the NE, which was formed by erosion. After the cessation of activity at the central vent, andesitic lava flows were erupted from vents on the flanks, and a chain of lava domes was formed on the SE flank. At least a dozen cinder cones younger than the central volcano were erupted along a WNW-trending line SW and south of the volcano. These were roughly estimated on the basis of morphology to be older than 40,000 years.",20.788,-103.847,2920.0,Pleistocene
341819,Northern Guadalajara Mesa,Cluster,Lava dome(s),Mexico,Middle America-Caribbean Volcanic Regions,Trans-Mexican Volcanic Arc,"A cluster of rhyolitic lava domes lies on the northern end of the Guadalajara Mesa about 20 km N of the city of Guadalajara. This area is located just beyond the SW end of the Jalpa Graben and lies along the boundary between the Pliocene-Quaternary Mexican Volcanic Belt and the mid-Tertiary Sierra Madre Occidental volcanic province. The Northern Guadalajara Mesa lava domes were erupted through Pliocene ignimbrites forming the mesa. The highest dome, Cerro Jacal de Piedra, lies south of Cerro el Chicharrón. A K-Ar age of 1.4 million years was obtained by Spinnler et al. (2000) from Cerro el Chicharrón. Two other domes are located along a N-S-trending line to the east.",20.88,-103.4,1820.0,Pleistocene
341820,"Primavera, Sierra la",Caldera,Caldera,Mexico,Middle America-Caribbean Volcanic Regions,Trans-Mexican Volcanic Arc,"The Sierra la Primavera volcanic complex is located immediately west of México's second-largest city, Guadalajara. Following the eruption of rhyolitic lava flows and domes beginning about 120,000 years before present (BP), an 11-km-wide caldera was formed as a result of the eruption of the 20 km3 Tala Tuff about 95,000 BP. La Primavera caldera subsequently filled with water, forming a lake, through which several lava domes were emplaced. The eruption of a series of domes along the margin of the caldera about 95,000 years ago was followed about 75,000 years ago by the eruption of a younger series of ring domes. Uplift and sedimentation filled the lake, and a final series of lava domes was erupted along the southern margin of the caldera beginning about 60,000 BP, with the youngest dome dated at about 30,000 BP. Steam vents and hot springs currently are active throughout the volcanic complex.",20.62,-103.52,2270.0,Pleistocene
341821,Southern Guadalajara,Cluster,Volcanic field,Mexico,Middle America-Caribbean Volcanic Regions,Trans-Mexican Volcanic Arc,"A chain of nine basaltic andesite volcanic centers of Plio-Pleistocene age was constructed along a NW-SE-trending line through the southern portion of the city of Guadalajara. The centers range from small cinder cones, such as Cerro San Bartolo, to larger composite volcanoes. The westernmost cones are partially overlapped by southern Guadalajara's streets and buildings.  The largest volcanoes are located at the SE end of the chain. Cerro el Papantón de Juanacatlán marks the SE end of the chain. The small stratovolcano Cerro el Molino was constructed SE of Cerro el Papantón de Juanacatlán. It is offset slightly to the south of the trend of the rest of the chain, south of a fault block of the Chapala graben. ",20.525,-103.242,2160.0,Pleistocene
341822,Acatlan Volcanic Field,Caldera,Volcanic field,Mexico,Middle America-Caribbean Volcanic Regions,Trans-Mexican Volcanic Arc,"The Acatlán volcanic field, located SW of La Primavera caldera, is a group of andesitic cones, rhyolitic lava domes, and lava flows associated with a caldera system.  The Acatlán Ignimbrite is a compositionally zoned rhyolitic-to-andesitic tuff that covers an area of about 150 km2. The ignimbrite overlies andesitic breccias dated at 0.65 million years. Following eruption of the ignimbrite, a series of rhyolitic and dacitic lava domes and andesitic cinder cones and lava flows were erupted throughout the Acatlán volcanic field.",20.45,-103.57,1990.0,Pleistocene
341823,"Cantaro, Volcan el",Composite,Stratovolcano,Mexico,Middle America-Caribbean Volcanic Regions,Trans-Mexican Volcanic Arc,"Volcán el Cántaro is the northernmost of a chain of volcanoes rising above the floor of the Colima rift zone.  Cántaro, with Potassium-Argon ages ranging from 1.7 to 1.0 million years, is the oldest volcano of the Cántaro-Colima volcanic complex, which extends south through Nevado de Colima to the historically active Volcán de Colima.  Cántaro is erosionally modified, but has many well-preserved andesitic-dacitic lava domes on its northern and eastern flanks.  The biotite-bearing rocks of Cántaro contrast to the more mafic biotite-free rocks of Nevado de Colima and Volcán de Colima.  The southward-migrating volcanism of the Cántaro-Colima chain is also reflected by a southward-younging progression at Cántaro itself.   ",19.72,-103.63,2920.0,Pleistocene
341815,San Sebastian Volcanic Field,Cluster,Pyroclastic cone(s),Mexico,Middle America-Caribbean Volcanic Regions,Trans-Mexican Volcanic Arc,"The San Sebastián Volcanic Field, near the old silver-mining town of San Sebastián, is the northernmost of a belt of potassic volcanic fields located west of the main volcanic chain of western México. These geochemically unusual volcanoes are at the conjunction of tectonic regimes involving the rifting of the Jalisco tectonic block and the subduction of the Rivera plate. The field consists of a group of scattered lamprophyric cinder cones erupted predominately through silicic ash-flow tuffs of the southern Sierra Madre Occidental province. The cinder cones and related lava flows, which erupted in a rugged and sparsely populated mountainous area that makes access difficult, range in age from 0.48 to 0.26 million years.",20.83,-104.82,1780.0,Pleistocene
341824,"Azufres, Los",Caldera,Caldera,Mexico,Middle America-Caribbean Volcanic Regions,Trans-Mexican Volcanic Arc,"The Los Azufres volcanic center is one of several silicic volcanic complexes with active geothermal systems that lie north of the axis of the Mexican Volcanic Belt.  Located about 200 km NW of Mexico City, the Los Azufres center consists of a 18 x 20 km wide early Pleistocene caldera that was later partially filled by resurgent dacitic-to-rhyolitic lava domes.  Two magmatic cycles lasting about 200,000 years each took place between 1.4 and 0.8 Ma (million years), consisting of silicic, followed by basaltic volcanism.  The latest magmatic cycle, beginning about 0.6 Ma, involved resurgent doming of the southern part of the caldera, the eruption of chemically diverse basaltic-to-rhyolitic products, and the emplacement of dacitic-rhyolitic lava domes.  The latest paroxysmal eruptions produced ignimbrites between 38,000 and 26,000 years ago.  Hot springs and fumaroles are located along E-W-trending faults, and Los Azufres is an active producing geothermal field.",19.85,-100.63,3400.0,Pleistocene
341838,Apan-Tezontepec,Cluster,Volcanic field,Mexico,Middle America-Caribbean Volcanic Regions,Trans-Mexican Volcanic Arc,"A large volcanic field of Mesozoic to late-Pleistocene age occupies the central part of the Mexican Volcanic Belt in the NE part of the Valley of Mexico.  The Apan-Tezontepec volcanic field covers portions of the states of Hildalgo, Tlaxcala, and México and contains about 300 eruptive centers.  The vast majority of these are scoria cones, but shield volcanoes, lava flows, and lava domes are also present.  The location of the vents is influenced by regional normal faults.  Two of the largest Quaternary volcanoes of the Apan-Tezontepec volcanic field are Chiconautla and 3100-m-high Cerro Gordo, which rises immediately NE of Mexico City.  The Tizayuca volcanic field lies at the NW corner of the Apan-Tezontepec volcanic field.",19.75,-98.5,3100.0,Pleistocene
341825,Tlaloc,Composite,Stratovolcano,Mexico,Middle America-Caribbean Volcanic Regions,Trans-Mexican Volcanic Arc,"Tláloc, at the far northern end of a volcanic chain stretching northward from Popocatépetl, is a stratovolcano of Pliocene-Pleistocene age. Although typically considered to be the oldest volcano of the chain, recent work has documented a major plinian-subplinian eruption radiocarbon dated at about 31,500 years before present. The eruption produced a major pumice-fall deposit and associated pyroclastic flows.",19.411,-98.713,4120.0,Pleistocene
341826,Telapon,Composite,Stratovolcano,Mexico,Middle America-Caribbean Volcanic Regions,Trans-Mexican Volcanic Arc,"Telapón is a large Pleistocene stratovolcano north of Iztaccíhuatal. It lies along a N-S-trending volcanic chain extending from Popocatépetl volcano that is perpendicular to the trend of the Trans-Mexican Volcanic Belt. A dacitic lava flow at the summit was K-Ar dated at about 274,000 years (Cadoux, 2007 pers. comm.).",19.37,-98.72,4080.0,Pleistocene
341827,Acoculco,Caldera,Caldera,Mexico,Middle America-Caribbean Volcanic Regions,Trans-Mexican Volcanic Arc,"The Acoculco volcanic complex lies in the NE part of the Mexican Volcanic Belt, where it intersects the Sierra Madre Oriental volcanic province.  The Acoculco caldera complex is located about 80 km WNW of the better known Los Humeros caldera.  Three major pyroclastic flows were erupted during the late Pliocene and Pleistocene, associated with two circular depressions 28 x 34 and 16 x 21 km in diameter, respectively.  The large rhyolitic Cerros las Tetillas lava dome was emplaced during the early Pleistocene.  The latest activity consisted of the extrusion of basaltic lava flows during the late Pleistocene.  Thermal areas are located within the caldera complex and on its eastern flanks, and the caldera has been considered as a potential area for geothermal development.",19.97,-98.2,3020.0,Pleistocene
341828,"Grande, Cerro",Cluster,Volcanic field,Mexico,Middle America-Caribbean Volcanic Regions,Trans-Mexican Volcanic Arc,"A group of lava domes and pyroclastic cones of Pleistocene age is located on the western side of Cerro Grande, a Miocene caldera north of La Malinche volcano.  Pyroclastic-flow deposits within the caldera are those of the Xáltipan ignimbrite, which originated from Los Humeros caldera to the east about 0.45 Ma (million years ago).  A Potassium-Argon age of 0.49 Ma was obtained for the lava domes at Cerro Grande.  Post-caldera Pleistocene activity at Cerro Grande covered a broad area on the SW-NW side of the caldera, producing andesitic and dacitic lava domes and basaltic lava cones and pyroclastic cones.",19.62,-97.93,3050.0,Pleistocene
341830,San Martin Pajapan,Composite,Stratovolcano(es),Mexico,Middle America-Caribbean Volcanic Regions,Trans-Mexican Volcanic Arc,"San Martín Pajapan is a composite volcano at the SE end of the Sierra de Santa Martha along the Gulf of Mexico SE of Lake Catemaco. Von Wolff (1929) reported Indian traditions of ""smoke"" and fire from the volcano, but Nelson and Gonzalez-Caver (1993) noted that the volcano is capped by thick lateritic soils and lacks evidence for recent activity. A K-Ar date of 1.5 +/- 0.2 million years ago (Ma) was obtained from one of the youngest lava flows. K-Ar dates on the adjacent eroded volcanoes of Santa Martha and Yohualtajapan to the NW range from 3.3 to 1.0 Ma. The summits of both these volcanoes are truncated by large depressions open to the north of erosional and slope failure origin. Hundreds of partially eroded cinder cones dot the southern slopes of the Sierra de Santa Martha.",18.303,-94.73,1250.0,Pleistocene
341831,Apas-Navenchauc,Caldera,Caldera(s),Mexico,Middle America-Caribbean Volcanic Regions,Chiapanecan Volcanic Arc,"The 2.9-km-wide Apas caldera was the source of block-and-ash flows, pumice flows, and ash flows that extend primarily to the SW and NW. The SW deposit forms a large fan covering about 140 km2. Deposits from the Apas collapse structure were K-Ar dated at about 0.432 million years. The 1.34-km-wide Pleistocene Navenchauc explosion crater lies immediately NE of the Apas caldera. The Navenchauc lava dome was constructed on the northern rim of the Navenchauc caldera.",16.716,-92.786,,Pleistocene
341832,Huitepec,Minor,Lava dome,Mexico,Middle America-Caribbean Volcanic Regions,Chiapanecan Volcanic Arc,"The Huitepec lava dome lies immediately west of the city of San Cristóbal de las Casas. The hornblende-andesitic dome has a height of about 520 m and was the source of ash-flow deposits, which crop out about 5 km NW of San Cristobal. These products are generally gray in color, with a phaneritic texture and coarse grains of plagioclase, pyroxene, and amphibole (Mora et al., 2007). The base of the dome has a mean diameter of 5.18 km, covering an area of about 21.2 km2 (Mora et al., 2007). A K-Ar date of about 850,000 years was obtained from the dome. In general, Huitepec dates to about 0.85-1.95 Ma (Mora et al., 2007). Huitepec's composition, like that of other eruptive centers in the Chiapanecan Volcanic Arc, is mostly intermediate, calc-alkaline (Mora et al., 2007). 
",16.743,-92.694,2744.0,Pleistocene
341833,Mispia,Minor,Lava dome(s),Mexico,Middle America-Caribbean Volcanic Regions,Chiapanecan Volcanic Arc,"The Mispía lava dome lies near the center of a cluster of a half-dozen Pleistocene domes SSE of the city of San Cristóbal de las Casas. The Amahuitz lava dome lies to the NE of Mispía, La Iglesia dome to NNW, La Lanza to the west, and Santontón and Venustiano Carranza domes to the south.",16.447,-92.539,1750.0,Pleistocene
342190,Ipala,Composite,Stratovolcano,Guatemala,Middle America-Caribbean Volcanic Regions,Central America Volcanic Arc,"Ipala is a small stratovolcano that extends across the Ipala graben and rises 750 m above the graben floor. Its summit is truncated by a 1-km-wide crater whose steep, 150-m-high walls contain a lake. A prominent cone, Monte Rico, is located on the S flank; it and other cones on the N flank lie along a N-S-trending fracture that continues well beyond the volcano's S flank. The E flank is cut by a 17-km-long, NNE-SSW fissure that produced a line of cinder cones and basaltic lava flows covering about 20 km2. Diaz reported that in 1865 CE Ipala ejected ash from 24 January to June; he listed no source and the report seems improbable (Incer, 1988 unpublished manuscript).",14.5574,-89.6398,1650.0,Pleistocene
342200,Chiquimula Volcanic Field,Cluster,Volcanic field,Guatemala,Middle America-Caribbean Volcanic Regions,Central America Volcanic Arc,"The Chiquimula volcanic field occupies a fault-bounded basin underlain by Cretaceous plutonic rocks in the Chiquimula Valley of SE Guatemala. Initial eruptions during the Pleistocene produced basaltic lava flow fields along the N-S-trending fault, forming the eastern edge of the Ipala graben. These were followed by the eruption of widespread lava flows NW of Chiquimula town that covered about 12 km2. The most recent eruptions produced basaltic cinder cones and lava flows near the northern edge of Chiquimula town. The cinder cones were constructed along a N-S-trending fracture, with Cerro Grande, the largest, at the northern end and Cerro Chiquito, the youngest, at the southern end. The sparsely vegetated lava flows from Cerro Chiquito were considered by Williams et al. (1964) to be possibly less than 1,000 years old based on their appearance; there are no reports of eruptive activity and no radiometric ages are known.",14.83,-89.55,1192.0,Pleistocene
342809,Siete Orejas,Composite,Stratovolcano,Guatemala,Middle America-Caribbean Volcanic Regions,Central America Volcanic Arc,"Siete Orejas is an andesitic stratovolcano with a large caldera breached to the south. The volcano overlooks Quetzaltenango, Guatemala's second largest city. A broad irregular summit profile gives the volcano its name, which means ""Seven Ears.""  The latest eruption produced a widespread airfall pumice and pyroclastic-flow deposit that is stratigraphically constrained to between 126,000 and 85,000 years ago. Volcán Chicabal, immediately to the west, was constructed within a 4-km-wide breached scarp of unknown origin; the age of this stratovolcano is unknown, but it has a well-preserved summit crater containing a crater lake.",14.82,-91.62,3370.0,Pleistocene
342800,Santo Tomas-Zunil,Composite,Stratovolcano(es),Guatemala,Middle America-Caribbean Volcanic Regions,Central America Volcanic Arc,"Volcán Santo Tomás (also known as Volcán Pecul) is a large eroded stratovolcano across a valley SE of Santa María volcano. The summit is capped by late-Quaternary andesitic tephra. A winding ridge connects it to Volcán de Zunil, 4.5 km NE, a stratovolcano that forms the topographic high point of the Santo Tomás-Zunil complex. Solfataras and thermal springs are located on the ridge's W side. Zunil is along the SW rim of the 4-km-wide, 600-m-deep Tzanjuyub caldera, which is breached to the S by the Río Masa. Several dacitic-rhyolitic lava domes are located on the caldera's N flank and the NW flank of Volcán de Zunil. The youngest dome, Cerro Zunil, was last active about 84,000 years ago (K-Ar dating). No Holocene eruptions are known from this complex, although it was included in the Catalog of Active Volcanoes of the World (Mooser et al., 1958) based on its geothermal activity.",14.71,-91.479,3542.0,Pleistocene
342801,Cuxliquel,Minor,Lava dome(s),Guatemala,Middle America-Caribbean Volcanic Regions,Central America Volcanic Arc,"A Quaternary lava-dome complex lies in the center of a semi-arcuate depression of uncertain origin near the city of Totonicapán. A small symmetrical lava dome, Cerro de Oro, is located on the ESE flank of the larger edifice, 3029-m-high Cuxliquel. The headwaters of the Río Samalá trace an arcuate path around the dome complex beginning on its SE side around to the north side and then to the SW. Thick Los Chocoyos pyroclastic-flow deposits from the eruption that formed Atitlán caldera to the SE fill much of the basin and extend down the Río Samalá to the SW.",14.889,-91.398,3029.0,Pleistocene
342810,San Pedro,Composite,Stratovolcano,Guatemala,Middle America-Caribbean Volcanic Regions,Central America Volcanic Arc,"Volcán San Pedro is the oldest of three stratovolcanoes constructed within the roughly 85,000-year-old Atitlán III caldera, with a forested cone that rises above the SW side of Lake Atitlán. Santiago bay, a narrow 8-km-long inlet of Lake Atitlán, separates the eastern flank of San Pedro from the slopes of Volcán Tolimán. The shallow summit crater is breached to the NW and partially filled by lava. Two cinder cones were constructed in the moat between San Pedro and the SW Atitlán caldera wall. The age of the most recent activity of San Pedro is unknown, although it is more vegetated and erosionally modified than the Tolimán and Atitlán volcanoes, and does not display evidence of fumarolic activity.",14.656,-91.267,3020.0,Pleistocene
342802,Barahona,Caldera,Caldera(s),Guatemala,Middle America-Caribbean Volcanic Regions,Central America Volcanic Arc,"The silicic Barahona caldera complex, which lies NE of Acatenango volcano and NW of Agua volcano, consists of two overlapping calderas.  The northern caldera is 4.5 km in diameter and its floor is the site of the town of Santa Catarina Barahona, after which the complex is named.  The southern caldera is about 2 km in diameter.  The initial eruptions of the Barahona complex produced the Sumpango group of tephras, which date back to 300,000-250,000 years.  The youngest tephra from Barahona is less than 23,000 years old.  The rhyolitic and rhyodacitic tephras include 5 plinian deposits and a pyroclastic-flow deposit.",14.55,-90.78,2282.0,Pleistocene
342804,Piedra Grande,Composite,Stratovolcano(es),Guatemala,Middle America-Caribbean Volcanic Regions,Central America Volcanic Arc,"A cluster of faulted, heavily eroded andesitic stratovolcanoes is located in the Tecuamburro graben, between the Jalpatagua fault and Tecuamburro volcano.  The vent area of Piedra Grande, on the north, lies with 4-km-wide, nested depressions open to the east.  Much of the upper part of the andesitic volcano is extensively hydrothermally altered, and a fumarole is present.  To the south is El Sordo, a basaltic andesite stratovolcano with a smaller depression breached to the ESE.  One lava flow has a Potassium-Argon age of 1.180 +/- 0.080 million years (Ma).  To the south the Piedra Grande complex interfingers with El Sordo, an eroded and faulted basaltic cone.   To the SW is Los Sitios, a sequence of interfingering andesitic lava flows from two eroded and faulted scoria and cinder cones.  One flow has a Potassium-Argon age of 0.800 +/- 0.061 Ma.",14.25,-90.4,1640.0,Pleistocene
342803,Pueblo Nuevo Viñas,Composite,Stratovolcano,Guatemala,Middle America-Caribbean Volcanic Regions,Central America Volcanic Arc,"The deeply dissected Pueblo Nuevo Viñas (also known as Cerro la Gabia) is located between Pacaya and Tecuamburro volcanoes. The andesitic-dacitic stratovolcano has undergone edifice collapse that left a large horseshoe-shaped caldera breached to the NE and a debris-avalanche deposit that is overlain by the village of Pueblo Nuevo Viñas. Four cinder cones are located on the NE flank, and lava flows cover the western portion of the Cuilapa quadrangle. A Potassium-Argon age of 2.6 +/- 0.3 million years (Ma) was obtained from an older volcano in the complex, and an age of 0.821 +/- 0.118 Ma from a younger stratovolcano (Duffield et al., 1991).",14.199,-90.505,1939.0,Pleistocene
342805,Ixhuatan,Composite,Complex,Guatemala,Middle America-Caribbean Volcanic Regions,Central America Volcanic Arc,"The low-angle, eroded Ixhuatán volcanic complex covers a broad area between Tecuamburro and Moyuta volcanoes, south of the major regional Jalpatagua fault. The dominantly andesitic volcano was assigned a Pliocene-Pleistocene age by Reynolds (1987), and a Potassium-Argon date of 1.160 +/- 0.050 million years was obtained by Duffield et al. (1989) on a lava flow.  Silicic pyroclastic-flow deposits are found in the Río los Esclavos, west of the volcano.  The youngest center is a dacitic lava-dome complex at Cerro los Achiotes.  The domes and associated ashfall and ashflow deposits partially fill and extend from a horseshoe-shaped caldera that is breached to the SE and may have formed as a result of slope failure.  A N-S-trending fault zone that cuts across the volcano was the site of a seismic swarm in 1979-80.",14.161,-90.286,1675.0,Pleistocene
342806,Ayarza,Caldera,Caldera(s),Guatemala,Middle America-Caribbean Volcanic Regions,Central America Volcanic Arc,"Ayarza is a double caldera that lies about 40 km NE of the active Guatemalan volcanic front.  The 5 x 7 km wide figure-8-shaped caldera is filled by the scenic Laguna de Ayarza, which is about 4 km wide in the western caldera and 2 km wide in the eastern caldera.  Both calderas, whose steep walls rise nearly 600 m above the lake surface, were formed within several thousand years of each other during major rhyolitic explosive eruptions in the late Pleistocene.  The older eastern caldera was associated with eruption of the Mixta pumice fall and ashflow, which were radiocarbon dated at about 27,000 +/- 1600 years before present (BP).  The larger western caldera was formed during eruption of the Pinos Altos airfall pumice and Tapalapa ashflows radiocarbon dated at 23,100 +/- 500 years BP.  Formation of the double caldera appears to be the last volcanic activity at Ayarza; bathymetry of the lake floor does not show evidence for post-caldera eruptions.     ",14.42,-90.12,1409.0,Pleistocene
342807,"Alutate, Cerro",Composite,Stratovolcano,Guatemala,Middle America-Caribbean Volcanic Regions,Central America Volcanic Arc,"Cerro Alutate is a small Quaternary stratovolcano located well north of the Guatemalan volcanic front, about 20 km north of Lake Ayarza. It is part of the so called Behind-Volcanic-Front region (Walker, 1981; Libbey et al., 2015). Other areas of Quaternary volcanics are found to the NW and NE in a region of mostly Tertiary volcanic rocks, south of the Motagua fault system.",14.647,-90.144,2116.0,Pleistocene
342811,Jumay Volcanic Field,Composite,Stratovolcano,Guatemala,Middle America-Caribbean Volcanic Regions,Central America Volcanic Arc,"Jumay stratovolcano rises 700 m above the city of Jalapa, just south of the boundary with folded Paleozoic low-grade metamorphic rocks. A shallow crater is located at the summit of the 2174-m-high volcano, which lies at the NE end of the broad area of Quaternary volcanic rocks in SE Guatemala.  Widespread basaltic lava flows occur on the NW flank of the volcano. The age of the Quaternary volcano is not known precisely.",14.694,-89.993,2174.0,Pleistocene
342812,"Ananopa, Cerro",Cluster,Volcanic field,Guatemala,Middle America-Caribbean Volcanic Regions,Central America Volcanic Arc,"Cerro Ananopa is a Quaternary basaltic lava cone and lava flow on the floor of the Río Motagua valley, WSW of the town of El Jicaro.  Scattered basaltic lava flows occur nearby, mostly south of the Río Motagua, and several Quaternary rhyolitic lava flows were mapped north of the river.  These are part of a series of Quaternary volcanic rocks erupted through Paleozoic-to-Mesozoic metamorphic rocks parallel to the major WSW-ENE-trending Motagua fault system, which cuts both sides of the Río Motagua valley.",14.9,-89.93,386.0,Pleistocene
342808,Guistepeque Volcanic Field,Cluster,Pyroclastic cone(s),Guatemala,Middle America-Caribbean Volcanic Regions,Central America Volcanic Arc,"Güistepeque Volcanic Field consists of Quaternary cinder cones and lava cones north of Suchitán volcano. The basaltic cones are located within the N-S-trending Ipala graben, and several of the cones were consequently constructed along N-S-trending fissures within the graben.",14.5,-89.733,1358.0,Pleistocene
342813,"Redondo, Cerro",Shield,Shield(s),El Salvador-Guatemala,Middle America-Caribbean Volcanic Regions,Central America Volcanic Arc,"Cerro Redondo is the central feature of a Quaternary volcanic field immediately W of Lake Guija near the border with El Salvador. Two overlapping basaltic shield volcanoes were constructed along a N-S line west of the lake. Small lava fields, capped by cinder cones and small lava domes, are located E, W, and NE of the shield volcanoes. Unlike in other volcanic fields in SE Guatemala, many of the cones in this area show random orientations unrelated to regional trends.",14.263,-89.6093,764.0,Pleistocene
343001,San Diego,Cluster,Volcanic field,El Salvador,Middle America-Caribbean Volcanic Regions,Central America Volcanic Arc,"Basaltic cinder cones and forested lava flows along the east side of Lake Güija, which straddles the border between El Salvador and Guatemala, is named after its largest feature, Volcán de San Diego. A large basaltic lava flow from the San Diego cinder cone dammed the drainage and was responsible for the formation of Lake Güija. Although Williams and McBirney (1955) estimated that the latest eruption occurred within the past few thousand years, none of the eruptions have been dated.",14.27,-89.48,781.0,Pleistocene
343052,Guazapa,Composite,Stratovolcano,El Salvador,Middle America-Caribbean Volcanic Regions,Central America Volcanic Arc,"Guazapa is a massive, eroded Pleistocene stratovolcano ~20 km NNE of the city of San Salvador. The basaltic volcano has no trace of its original summit crater, and deep canyons cut its flanks.  Several pyroclastic cones and lava flows of similar composition found at the base of the volcano were thought to be Holocene by Williams and Meyer-Abich (1955). The Macanze scoria cone, ~4 km SE from the base of the edifice, was considered to have probably been active only a few thousand years ago; however, Weber and Wiesemann (1978) did not map Holocene vents in this area.",13.9,-89.12,1438.0,Pleistocene
343071,Apastepeque Field,Cluster,Volcanic field,El Salvador,Middle America-Caribbean Volcanic Regions,Central America Volcanic Arc,"The Apastepeque volcanic field, N of the city of San Vicente, consists of a dense cluster of about two dozen volcanic features, including lava domes, cinder cones, and maars. Andesitic-to-dacitic lava domes were emplaced in some locations following dacitic pumice eruptions; after the more siliceous eruptions ended, a series of basaltic cinder cones formed. Some of the basaltic eruptions concluded with the formation of maars up to 100 m deep, including those now occupied by lakes such as Laguna de Apastepeque and Laguna Chalchuapán. No eruption dates are known.",13.6958,-88.7722,700.0,Pleistocene
343110,Conchagua,Composite,Stratovolcano,El Salvador,Middle America-Caribbean Volcanic Regions,Central America Volcanic Arc,"Conchagua (also known as Cochague) is a conical edifice consisting of two overlapping stratovolcanoes, Ocotal and Banderas, overlooking the Gulf of Fonseca at the SE tip of El Salvador. It is elongated WSW-ENE, and the eastern and southern flanks descend into the sea. Cerro de La Banderas has a large horseshoe-shaped crater open to the NE, and though it appears younger, Ar-Ar dating by Quezada and Garcia (2008) was 0.41 +/- 0.1 Ma. To the WSW, the slightly higher Cerro del Ocotal, at 1225 m, was dated at 0.15 +/- 0.02 Ma. Ocotal has multiple peaks and the flanks are more dissected. Eruptions reported for the years 1522, 1688, 1868, 1892, and 1947 are erroneous, and may refer to landslides associated with earthquakes, an interpretation supported by Rapprich et al. (2010).",13.275,-87.845,1225.0,Pleistocene
343120,Conchaguita,Composite,Stratovolcano,El Salvador,Middle America-Caribbean Volcanic Regions,Central America Volcanic Arc,"Conchagüita volcano occupies a small, 4-km-wide island in the Gulf of Fonseca across a narrow strait from Conchagua volcano. Late-stage eruptions formed a small, sharp-topped cone with a 100-m-wide summit crater at the southern end of the low 505-m-high island, and a youthful peninsula also extends from the island's eastern side. A crescent-shaped crater open to the west is located at the northern end of the island.",13.229,-87.767,505.0,Pleistocene
343160,Utila Volcanic Center,Minor,Pyroclastic cone(s),Honduras,Middle America-Caribbean Volcanic Regions,Central America Volcanic Arc,"Located in the Caribbean Sea off the northern coast of Honduras, the Utila Volcanic Center is described by Kepezhinskas et al. (2020) as a monogenetic volcano in the Central American Volcanic Arc back-arc region, where a single eruption (less than 200,000 years BP) produced a suite of basaltic lavas and palagonite lapilli tuff that contain kaersutite-bearing gabbroic xenoliths. Although McBirney and Bass (1969) described the basaltic rocks on the eastern end of the island as Holocene, the timing of the eruption is uncertain. Both Calibri (also called Stuert or Stuart) Hill and Pumpkin Hill are tuff cones within an area of basaltic lava flows (Kepezhinskas et al., 2020).",16.113,-86.888,51.0,Pleistocene
343800,Masahuat Volcanic Field,Composite,Stratovolcano,El Salvador,Middle America-Caribbean Volcanic Regions,Central America Volcanic Arc,"Cerro Masahuat is an eroded Pleistocene stratovolcano that lies at the NW corner of a major bend in the Río Lempa SE of Lake Guija.  The Río Lempa surrounds Cerro Masahuat on all but the SE side and has cut a gorge through volcanic rocks of similar age to Masahuat that cover a broad area across the river to the north, east of Lake Guija.",14.2,-89.4,1005.0,Pleistocene
343801,"Tablas, Cerro las",Composite,Stratovolcano(es),El Salvador,Middle America-Caribbean Volcanic Regions,Central America Volcanic Arc,"Cerro las Tablas, also known as Cerro la Gloria or El Amate, consists of two low overlapping stratovolcanoes of Pleistocene age located at the SW corner of a major bend of the Río Lempa, NE of Coatepeque caldera.  This Cerro las Tablas, distinct from the Cerro las Tablas of the Cerro Singüil volcanic field, lies at the SW end of a chain of Pleistocene volcanoes extending to the NE that includes Cerro las Visiones, Cerro Pacho, and Cerro Agua Helada.  ",14.07,-89.4,782.0,Pleistocene
343802,"Limones Volcanic Field, Los",Minor,Pyroclastic cone(s),El Salvador,Middle America-Caribbean Volcanic Regions,Central America Volcanic Arc,Los Limones volcanic field consists of a group of five cinder and lava cones of Pleistocene age located near the Río Lempa north of Guazapa volcano.,14.05,-89.13,420.0,Pleistocene
343815,"Lolotique, Cerro",Unknown,Unknown,El Salvador,Middle America-Caribbean Volcanic Regions,Central America Volcanic Arc,"A broad area of Quaternary volcanic rocks surrounds the town of Nueva Guadalupe, north and NW of Chinameca volcano.  Loma Larga and Cerro Lolotique form west- and south-facing escarpments, respectively, that overlook Nueva Guadalupe and the town of Chinameca.  Although the Pan-American highway traverses the flanks of the two escarpments, geologic studies have focused on the more dramatic neighboring volcanoes of the San Miguel-Tecapa cluster, and relatively little is known of the geologic history of this area.",13.559,-88.364,804.0,Pleistocene
343805,"Yayantique, Cerro",Composite,Stratovolcano(es),El Salvador,Middle America-Caribbean Volcanic Regions,Central America Volcanic Arc,"Located about 11 km E of the Laguna Aramuaca maar, Cerro Yayantique is the most prominent and least-eroded  feature in a broad area of Pleistocene volcanic rocks in the SE corner of El Salvador west of the NW arm of the Gulf of Fonseca. Mapped as Pliocene by Weber and Wiesemann (1978).",13.435,-87.999,613.0,Pleistocene
343806,La Union Norte Volcanic Field,Cluster,Volcanic field,El Salvador,Middle America-Caribbean Volcanic Regions,Central America Volcanic Arc,"A broad area of isolated small volcanic cones of Pleistocene age is located in the La Unión Department of eastern El Salvador near the border with Honduras, west of the Río Goascoran and north of the city of Santa Rosa de Lima.",13.67,-87.82,377.0,Pleistocene
343803,"Cacahuatique, Cerro",Composite,Stratovolcano,El Salvador,Middle America-Caribbean Volcanic Regions,Central America Volcanic Arc,"Cerro Cacahuatique is a massive Pleistocene stratovolcano located in the interior valley of El Salvador about 30 km NNE of San Miguel volcano.  The volcano (also spelled Cerro Cacaguatique) rises 1000 m above its base and is deeply dissected, although it still retains its subdued conical form.  A large erosional caldera, formed through a breach on the SE side, truncates the summit.  ",13.75,-88.2,1500.0,Pleistocene
343804,"Buena Vista, Cerro",Composite,Stratovolcano,El Salvador,Middle America-Caribbean Volcanic Regions,Central America Volcanic Arc,"Cerro Buena Vista is an eroded Pleistocene stratovolcano located in the Jucuarán Range in the SE corner of El Salvador. The 750-m-high volcano lies near the Pacific coast, SW of Laguna de Olomega. A broad crater roughly 1 km wide is breached to the WSW.",13.25,-88.15,750.0,Pleistocene
343807,"Zacatillo, Isla",Minor,Pyroclastic cone(s),El Salvador,Middle America-Caribbean Volcanic Regions,Central America Volcanic Arc,"Isla Zacatillo lies only 2 km off the eastern tip of El Salvador in the Gulf of Fonseca. The low, roughly 3-km-wide island is crudely rectangular in shape, but has a peninsula extending to the NE.  A steep escarpment truncates the western side of the island below its summit. NNW-SSE-trending faults cut lava flows on the island. The smaller nearby island of Martín Pérez to the SE is also of Pleistocene age.",13.295,-87.761,158.0,Pleistocene
343816,"Meanguera, Isla",Composite,Stratovolcano(es),El Salvador,Middle America-Caribbean Volcanic Regions,Central America Volcanic Arc,"Isla Meanguera, located in the Gulf of Fonseca SE of Conchagüita Island, consists of an elongated line of three small stratovolcanoes of Pleistocene age.  A N-S-trending graben cuts the summits of all three volcanoes.  A circular crater occupies the summit of the central cone, which forms the island's high point at 493 m.",13.19,-87.72,468.0,Pleistocene
343817,"Izopo, Montaña de",Shield,Shield(s),Honduras,Middle America-Caribbean Volcanic Regions,Central America Volcanic Arc,"Montaña de Izopo, a small basaltic shield volcano located about 20 km SE of the capital city of Tegucigalpa, is the highest Quaternary volcano in Honduras.  The 2020-m-high volcano rises only 200 m above its base and was constructed along a NE-trending line parallel to the high fault scarps bordering the Zamorano valley.  More extensive basaltic lavas were erupted at Santa Elena along this same NE-trending line.  Other basaltic lava flows were erupted farther to the NE near Joya Grande and from other parallel NE-trending faults to the east.",13.92,-87.15,2020.0,Pleistocene
343818,"Hule, Cerro de",Shield,Shield,Honduras,Middle America-Caribbean Volcanic Regions,Central America Volcanic Arc,"A broad, low-angle shield volcano located about 16 km south of the capital city of Tegucigalpa, Cerro de Hule is the second most prominent Quaternary volcano of the central Honduran plateau.  Cerro de Hule was constructed at the intersection of two fracture systems and fed basaltic lava flows in all directions.  The longest lava flow traveled 10 km to the NE and is now traversed over much of its length by the Carretera del Sur highway.",13.95,-87.23,1725.0,Pleistocene
343819,"Gavilantepeque, Cerro",Shield,Shield,Honduras,Middle America-Caribbean Volcanic Regions,Central America Volcanic Arc,Cerro Gavilantepeque is a small Quaternary basaltic shield volcano located about 10 km SSE of Tegucigalpa. Small remnants of lava flows cap adjacent mesas.,14.0,-87.18,1280.0,Pleistocene
343820,"Pedregal, El",Shield,Shield,Honduras,Middle America-Caribbean Volcanic Regions,Central America Volcanic Arc,"El Pedregal, the most prominent Quaternary volcano in the highlands of central Honduras, is a low-angle basaltic shield volcano constructed on a high plateau of Miocene ignimbrites immediately west of the capital city of Tegucigalpa.  A small ephemeral pond occupies a saucer-shaped summit depression.  Isolated remnants of basaltic lava flows from El Pedregal and separate vents occur over broad areas primarily to the west, but NW nearly to the village of Zambrano.  A small cone near Matasano produced reddish scoria during the only pyroclastic eruption in the Quaternary volcanic fields near Tegucigalpa.",14.1,-87.27,1593.0,Pleistocene
343821,"Calanterique, Cerro",Minor,Lava cone,Honduras,Middle America-Caribbean Volcanic Regions,Central America Volcanic Arc,"Cerro Calanterique, located 1.5 km NW of the town of Siguatepeque, SE of Lake Yojoa, is the apparent source of an outcrop of Quaternary basaltic lava on the flat valley floor about 1.5 km west of town.",14.6,-87.87,,Pleistocene
344060,Rota,Composite,Stratovolcano,Nicaragua,Middle America-Caribbean Volcanic Regions,Central America Volcanic Arc,"The deeply eroded, forested Rota stratovolcano is located between Cerro Negro and the Telica volcanic complex in the central Marrabios Range. The volcano, also known as Orota, is truncated by a 1-km-wide circular crater whose rim is lowest on the southern side. The latest eruption produced thick andesitic lava flows from a NE-trending fissure NW of the summit. Seismic swarms occurred in 1986, 1989, and 1992, but may have been related to regional fracture systems rather than a magmatic system. Two small NNW-SSE-trending lava domes, El Bosque (also known as Lomas San Ignacio del Bosque or Cerro Ojochal) are located on the plain 2 km N. They were constructed along the same trend as other eruptive fissures that extend transverse to the Marrabios Range volcanoes. An extensive lava field in this area was erupted from numerous small cones and maars.",12.55,-86.75,832.0,Pleistocene
344130,Maderas,Composite,Stratovolcano,Nicaragua,Middle America-Caribbean Volcanic Regions,Central America Volcanic Arc,"Volcán Maderas is a roughly conical stratovolcano that forms the SE end of the dumbbell-shaped Ometepe island in Lake Nicaragua. The basaltic-to-trachydacitic edifice is cut by numerous faults and grabens, the largest of which is a NW-SE-oriented graben that cuts the summit and has at least 140 m of vertical displacement. The small Laguna de Maderas lake occupies the bottom of the 800-m-wide summit crater, which is located at the western side of the central graben. The SW side of the edifice has been affected by large-scale slumping. Several pyroclastic cones, some of which may have originated from littoral explosions produced by lava flow entry into Lake Nicaragua, are situated on the lower NE flank down to the level of Lake Nicaragua. The latest period of major growth was considered to have taken place more than 3000 years ago, but later detailed mapping has shown that the most recent dated eruptive activity took place about 70,000 years ago and that it has likely been inactive for tens of thousands of years (Kapelanczyk et al., 2012). A lahar in September 1996 killed six people in an E-flank village, but associated volcanic activity was not confirmed.",11.446,-85.515,1394.0,Pleistocene
344131,Esteli,Cluster,Fissure vent(s),Nicaragua,Middle America-Caribbean Volcanic Regions,Central America Volcanic Arc,"Sparsely vegetated lava flows mostly erupted from fissure vents are located in valleys in the northern interior highlands between the town of Estelí and the border with Honduras. McBirney and Williams (1965) considered basaltic flows in this area to be Quaternary, and possibly Holocene. The flows near Estelí were faulted and slightly tilted during formation of the Estelí structural basin.  Other youthful basaltic lava flows, one of which was erupted from the Bonete de Carrao cone, are located between Estelí and Jinotega.  Well-preserved cones are also located in the area west and south of Ocotal. Some of the lava flows in northern Nicaragua contain granitic xenoliths and xenocrysts of quartz.  ",13.17,-86.4,899.0,Pleistocene
344132,"Ciguatepe, Cerro el",Composite,Stratovolcano,Nicaragua,Middle America-Caribbean Volcanic Regions,Central America Volcanic Arc,"Cerro el Ciguatepe is one of several Quaternary volcanoes that lie in the Nicaraguan interior highlands, east of the Nicaraguan depression. The steep-sided stratovolcano was constructed east of the Río Pacora, NE of Lake Managua at the boundary of the flat-lying Tertiary ignimbrite deposits with the fault-blocks bordering the Nicaraguan depression. A small lava flow extends a short distance beyond the base of the cone through a breach in the SW wall of the 1.5-km-wide crater, which has a blocky dome in the center.",12.5351,-86.1439,603.0,Pleistocene
344133,"Lajas, Las",Caldera,Caldera,Nicaragua,Middle America-Caribbean Volcanic Regions,Central America Volcanic Arc,"Las Lajas is the largest volcano of possible Quaternary age east of the Nicaraguan graben. The low 7-km-diameter basaltic caldera is breached on the SE side, where a river drains into Lake Nicaragua. Five coalescing andesitic-dacitic lava domes are located in the center of the caldera, and additional domes are present on the outer flanks. McBirney and Williams (1965) was considered Las Lajas to be Holocene based on morphology, and Van Wyk de Vries (1999, pers. comm.) noted that it was of probable Pleistocene age, but that youthful cinder cones on the flanks are similar to those of the Nejapa alignment and may be Holocene. However, Plank et al. (2002) obtained three radiometric dates of Miocene age.",12.3045,-85.7293,926.0,Pleistocene
344140,"Azul, Volcan",Minor,Pyroclastic cone(s),Nicaragua,Middle America-Caribbean Volcanic Regions,Central America Volcanic Arc,"Volcán Azul consists of three trachybasaltic cinder cones on the jungle-covered Atlantic coastal plain of Nicaragua that were first noted by geologists during an aerial overflight in the 1960s. The three cones, located south of the Río Curinhuás and west of Pearl Lagoon, each have well-defined, steep-walled craters about 50-60 m across. In contrast to the circular rims of the other two cones, the rim of the easternmost cone is breached to the west. The well-defined craters and unusually low vegetation in an area of heavy rainfall and rapid weathering led Williams and McBirney (1965) to estimate that the cones were probably no more than a few thousand years old. However, K-Ar dating by Janousek et al. (2010) gave a 1.51 +/- 0.20 Ma age. Other trachybasaltic to trachytic Quaternary cones along the central Nicaraguan Atlantic coastal plain are found at Pearl Lagoon and Kukra Hill.",12.549,-83.968,203.0,Pleistocene
344801,Malpaisillo,Unknown,Pyroclastic shield,Nicaragua,Middle America-Caribbean Volcanic Regions,Central America Volcanic Arc,"A large but topographically indistinct pyroclastic shield volcano lies in the Nicaraguan depression at Malpaisillo, NE of Las Pilas volcano and NNW of Momotombo volcano.  The 10-km-wide Malpaisillo caldera, also known as Cerro el Chúcaro, forms a flat plain on the floor of the graben that contrasts dramatically with surrounding extensively dissected dacitic airfall and ignimbrite deposits.  These deposits extend across the graben east of the Marrabios Range and reach into Lake Managua to the SE.  They also crop out west and south of the Marrabios Range.  A K-Ar age of 0.46 million years was obtained from the Malpaisillo deposit.",12.58,-86.6,181.0,Pleistocene
344802,Apoyo,Caldera,Caldera,Nicaragua,Middle America-Caribbean Volcanic Regions,Central America Volcanic Arc,"The scenic 7-km-wide, lake-filled Apoyo caldera is a large silicic volcanic center immediately SE of Masaya caldera.  The surface of Laguna de Apoyo lies only 78 m above sea level; the steep caldera walls rise about 100 m to the eastern rim and up to 500 m to the western rim.  An early shield volcano constructed of basaltic-to-andesitic lava flows and small rhyodacitic lava domes collapsed following two major dacitic explosive eruptions.  The caldera-forming eruptions have been radiocarbon dated between about 21,000-25,000 years before present.  Post-caldera ring-fracture eruptions of uncertain age produced lava flows below the scalloped caldera rim.  The slightly arcuate, N-S-trending La Joya fracture system that cuts the eastern flank of the caldera only 2 km east of the caldera rim is a younger regional fissure system structurally unrelated to Apoyo caldera.",11.92,-86.03,600.0,Pleistocene
344803,"San Jacinto, Cerro",Composite,Stratovolcano,Nicaragua,Middle America-Caribbean Volcanic Regions,Central America Volcanic Arc,"Cerro San Jacinto, also known as Cerro San Jacinto Viejo, is a small stratovolcano constructed along the eastern margin of the Nicaraguan central graben east of Lake Managua. A large central depression is surrounded on the north and east by a ridge, which is a remnant of an open caldera rim. Though considered to be of possible Holocene age on the basis of youthful morphology (McBirney and Williams, 1965), the volcano is highly dissected relative to the Holocene volcanoes across the Nicaraguan depression to the west. Van Wyk de Vries (1999, pers. comm.) noted that the volcano is substantially older than nearby Las Lajas volcano and is of probable early Pleistocene age.",12.37,-86.02,300.0,Pleistocene
344805,Tambor Grande,Caldera,Caldera,Nicaragua,Middle America-Caribbean Volcanic Regions,Central America Volcanic Arc,"The eroded Tambor Grande caldera is one of several areas of Quaternary volcanic rocks along the Atlantic coastal plain at the SE tip of Nicaragua shown on the geologic map of Nicaragua (INETER, 1995).  The two largest areas are located WNW of the coastal city of San Juan del Norte near the headwaters of the Río Chiripa and WSW of San Juan del Norte, north of the Río San Juan.  Tambor Grande has an easily recognized central caldera and radially eroded flanks.  It lies within an area of dense rain forest with some 3000 mm annual precipitation.  Several small cones lie south of Rama, near the Escondido River.  Considering their well preserved morphology and the heavy rainfall in the Caribbean lowlands of Nicaragua, these structures can be considered to be Pleistocene in age (Incer 2005, pers. comm.).  Quaternary basaltic volcanoes are also located along the Atlantic coastal plain across the border in Costa Rica.",10.97,-84.08,648.0,Pleistocene
345800,"Chopo, Cerro",Minor,Pyroclastic cone,Costa Rica,Middle America-Caribbean Volcanic Regions,Central America Volcanic Arc,"The small pyroclastic cone Cerro Chopo (also known by the religious names of Anunciación, Coronación, or Asunción) lies south of the main Guanacaste Range and north of the city of Canas. The 250-m-high basaltic pyroclastic cone was constructed over regional ignimbrites and andesitic lava flows. The crater is oriented to the NW and was the source of olivine-basaltic lava flows. Cerro Chopo was roughly estimated by Alvarado (2000) to be of late Pleistocene age (perhaps 40,000-10,000 years old). The interior of the cone, which lies along the well-traveled road from Canas to Tilarán, has been exposed by quarrying for road construction materials.  Another small isolated cinder cone of similar age, Corobici, lies along the Río Corobici to the west.",10.472,-85.07,402.0,Pleistocene
345801,"Tilaran, Cerro",Shield,Shield,Costa Rica,Middle America-Caribbean Volcanic Regions,Central America Volcanic Arc,"Cerro Tilarán, also known as Cerro Tovar, is a small andesitic shield volcano that lies at the NW end of the Tilarán Range west of Lake Arenal, immediately SW of the town of Tilarán. It is overlain by tephra deposits from Arenal (maximum age about 7,000 years), but an Ar-Ar date of 1 million years was obtained (Alvarado, 2000) and the volcano is of Pleistocene age (Alvarado 2005, pers. comm.). The Tilarán Range, which lies to the west of the main volcanic chain, is a fault-bounded tectonic block of Miocene-Pleistocene andesitic rocks of the Monteverde formation.",10.4665,-84.9765,636.0,Pleistocene
345802,"Perdidos, Los",Caldera,Caldera,Costa Rica,Middle America-Caribbean Volcanic Regions,Central America Volcanic Arc,"The forested Los Perdidos volcano lies at the southern end of a NNW-SSE-trending volcanic chain that includes the Arenal-Chato complex across the Río Fortuna. Volcanism began during the late Pleistocene at Los Perdidos and migrated northward to the historically active Arenal volcano. Several andesitic lava domes were constructed within and on the rim of a caldera, which have been have been Potassium-Argon dated by Gillot et al. (1994) at about 83,000-99,000 years before present.",10.403,-84.675,1357.0,Pleistocene
345803,"Poco Sol, Laguna",Minor,Explosion crater(?),Costa Rica,Middle America-Caribbean Volcanic Regions,Central America Volcanic Arc,"Laguna Poco Sol is a 200-m-wide, lake-filled depression that lies near the southern end of a volcanic lineament extending northward to Arenal volcano. The lake has been interpreted as a phreatic explosion crater or possibly a depression associated with a landslide. Lava flows, lahar deposits, tuffs, and volcanic breccias are found near the lake. Thermal activity at the lake and near the Río Penas Blancas includes mud pots, hot springs, and sulfur deposition.",10.35,-84.67,789.0,Pleistocene
345804,"San Miguel, Cerro",Minor,Lava dome,Costa Rica,Middle America-Caribbean Volcanic Regions,Central America Volcanic Arc,"Cerro San Miguel is an isolated lava dome that was constructed on the SW flank of the Tilarán Range near the mouth of the Gulf of Nicoya, NE of the port city of Puntarenas. The dacitic dome covers an area of about 9 km2 and was Potassium-Argon dated at less than 700,000 BP. A series of vertical-to-subvertical concentric fractures cuts the upper part of the dome.",10.022,-84.708,414.0,Pleistocene
345805,"Mercedes, Cerro las",Minor,Pyroclastic cone,Costa Rica,Middle America-Caribbean Volcanic Regions,Central America Volcanic Arc,Cerro las Mercedes (also known as Cono Mercedes) is a cinder cone of late-Pleistocene age that lies along the Caribbean coastal plain near the border with Nicaragua. The cone lies just west of the Río San Juan near the point where the Costa Rica-Nicaragua border no longer follows the Río San Juan and extends westward south of the river.   Leucite-bearing bombs and lapilli of potassic alkaline basaltic composition cover an area of about 1 km2.,10.97,-84.35,190.0,Pleistocene
345806,"Negro, Cerro",Shield,Shield,Costa Rica,Middle America-Caribbean Volcanic Regions,Central America Volcanic Arc,"The low Cerro Negro lava shield occupies an isolated position in the center of the Caribbean coastal plain immediately west of the Río Chirripó 17 km ENE of the town of Puerto Viejo.   Lava flows in the area near this small 136-m-high shield volcano have been dated at from about 24 million years to about 1 million years (Alvarado 2005, pers. comm.).",10.462,-83.855,136.0,Pleistocene
345807,"Colorado, Lomas de",Shield,Shield(s),Costa Rica,Middle America-Caribbean Volcanic Regions,Central America Volcanic Arc,"Five small Pleistocene shield volcanoes located along the Ríos Colorado and Chirripó form the Lomas de Colorado volcanic field. This group of small alkaline basaltic volcanoes is located near the Caribbean coastline at the NE-most corner of Costa Rica and covers an area of about 50 km2. The highest peak, Cerro Cocorí, is 7 km S of the confluence of the Río Chirripó and the Río Colorado. A lava flow from Cerro Coronel was K-Ar dated at 1.2 million years (Bellon and Tournon, 1978). The westernmost part of the Lomas de Colorado is a hill known locally as Chirripó Atlántico, lying west of the Cocorí lava shield and east of the lengthy north-flowing portion of the Río Chirripó.",10.658,-83.721,229.0,Pleistocene
345808,Tortuguero,Minor,Pyroclastic cone,Costa Rica,Middle America-Caribbean Volcanic Regions,Central America Volcanic Arc,"Tortuguero is a Pleistocene pyroclastic cone on the Atlantic coastal plain adjacent to the Caribbean Sea (Barquero and Saenz, 1987; Alvarado, 2000). The small 119-m-high basaltic pyroclastic cone was constructed over fluvial sediments along one of the many coastal lagoons common in this part of the Carribean coastline. The cone lies near the northern boundary of scenic Tortuguero National Park, a popular coastal rainforest park rich in birds and wildlife.",10.586,-83.53,119.0,Pleistocene
345809,"Sierpe, Lomas de",Shield,Shield(s),Costa Rica,Middle America-Caribbean Volcanic Regions,Central America Volcanic Arc,"The Lomas de Sierpe, also known as Cerro Las Lomas Azules, are a group of six small Pleistocene shield volcanoes (Barquero and Saenz, 1987; Alvarado, 2000) covering an area of ~70 km2 on the Caribbean coastal plain between the Tortuguero and Parisimina rivers. The highest of the features is Colon. Some of the volcanoes lie within Tortuguero National Park.",10.376,-83.545,311.0,Pleistocene
345810,Durika,Minor,Lava dome(s),Costa Rica,Middle America-Caribbean Volcanic Regions,Central America Volcanic Arc,"A group of Pliocene-Pleistocene dacitic lava domes, the Dúrika volcanic field (also known as the Río Lori domes), lies in the Talamanca Range of eastern Costa Rica. A Potassium-Argon date of 900,000 years was obtained from one of the domes (de Boer et al., 1995). The domes lie on the NE side of the crest of the Talamanca Range near the headwaters of the Río Lori, a tributary of the Río Coen.",9.374,-83.302,3257.0,Pleistocene
345811,"Coco, Isla del",Shield,Shield,Costa Rica,Eastern Pacific Volcanic Regions,Cocos Ridge Volcanic Province,"The 22 km2 Isla del Coco (Cocos Island) lies along the central part of the aseismic Cocos Ridge about 650 km SW of the Costa Rican port of Puntarenas. It is the only subaerial portion of the ridge, which extends from the Galápagos hot spot to the Mesoamerican trench. The island was documented by the Spanish pilot Juan Cabeas in about 1526 CE and is known as the site of treasures buried by pirates and ship captains. The roughly rectangular 5 x 7 km island is surrounded on all sides by steep cliffs up to 200 m high. Construction of a Pliocene-Pleistocene shield volcano was followed by caldera formation and the emplacement of a trachytic lava dome. The latest eruptions produced lava flows that originated from NE-trending fissures most prominent on the SW part of the island.",5.53,-87.082,575.0,Pleistocene
346030,"Valle, El",Composite,Stratovolcano,Panama,Middle America-Caribbean Volcanic Regions,Central America Volcanic Arc,"El Valle volcano, 80 km SW of Panama City, is a broad stratovolcano cut by a large compound Pleistocene caldera. The 6-km-wide El Valle de Antón caldera was formed about 56,000 years ago in association with eruption of the dacitic El Hato pyroclastic flows. The caldera has steep, 200-300 m high walls overlooking a flat floor underlain by deposits of a former caldera lake and currently occupied by the town of El Valle. A dacitic lava dome complex (Cerro Pajita, Cerro Gaital, and Cerro Caracoral) was constructed along an E-W lineament within the caldera. Major phreatomagmatic Plinian eruptions produced when magma interacted with caldera-lake water as recently as about 34,600 years ago generated pyroclastic flows that reached the Pacific coast, 25 km S. The most recent dated activity was phreatic eruptions about 13,000 years ago, and activity may have continued into the Holocene (IRHE, 1987). Geothermal exploration has taken place to evaluate the energy potential of the caldera.",8.6071,-80.1278,1185.0,Pleistocene
346800,Tisingal,Composite,Stratovolcano,Panama,Middle America-Caribbean Volcanic Regions,Central America Volcanic Arc,"Volcán Tisingal (also known as Cerro Colorado or Cerro Pecón) lies adjacent to the Costa Rica border in the Talamanca Range of westernmost Panama, NW of Volcán Barú. A large andesitic-dacitic stratovolcano was breached to the SW by edifice collapse, leaving a 7-km-wide horseshoe-shaped caldera. Cerro Picacho, on the NE rim of the caldera, forms the 2986 m high point of the volcano. Two large lava domes, andesitic Cerro Totuma and dacitic Cerro Pelón, were formed in the NW and E sides of the caldera, respectively. Two additional domes, the larger of which is Cerro Pando, lie outside the caldera to the SSW, and another dome, Cerro Punta, is east of the caldera. Potassium-Argon ages for the Volcán Colorado complex range from 1.66 million years to 0.52 million years.",8.88,-82.67,2986.0,Pleistocene
346801,"Yeguada, La",Composite,Stratovolcano,Panama,Middle America-Caribbean Volcanic Regions,Central America Volcanic Arc,"La Yeguada, also known as Chitra-Calobre, is a massive volcanic complex in west-central Panamá north of the Azuero Peninsula that was active from the Miocene into the Quaternary.  The youngest major feature of La Yeguada is located within a large fault-bounded horst that forms the high point of the volcanic complex east of Laguna La Yeguada.  The latest eruptions took place from the northern part of the horst about 220,000 years ago at Cerro Corero lava dome (also known as Cerro de la Charca), north of El Castillo.  The youngest feature of the La Yeguada complex is the Media Luna cinder cone, which was erupted through Tertiary ignimbrite deposits at the NW side of the complex.  The oldest peat layer within a small lake dammed by a basaltic lava flow originating from the cone was radiocarbon dated at about 300-350 years ago, but later dating has shown that flow was erupted about 45,000 years ago, and that the La Yeguada complex has not had Holocene eruptions.  Warm springs are scattered throughout the complex, and the Chitra-Calobre geothermal field is one of three areas in Panamá that have been the object of intensive geothermal exploration.",8.47,-80.82,1297.0,Pleistocene
351062,Petacas,Minor,Lava dome,Colombia,South America Volcanic Regions,Northern Andean Volcanic Arc,"Cerro de Las Petacas is a lava dome in the Departamento Cauca about 7 km NE of Animas and 18 km NE of Doña Juana volcanos. Though Von Wolff (1929) described many morphologically fresh cones nearby (Von Wolff, 1929), satellite imagery shows no distinct volcanic features. Little work has been done, so the age of the most recent eruption is not known; it is not listed as an active volcano by the Servicio Geologico Colombiano.",1.6215,-76.8425,4007.0,Pleistocene
351800,Santa Rosa,Shield,Shield,Colombia,South America Volcanic Regions,Northern Andean Volcanic Arc,Eroded Pleistocene andesitic shield volcano (Herd 1982). Deposits from near the base of the volcano were dated as 2.3 ± 0.1 Ma (K-Ar whole rock) according to Thouret (1989).,4.8,-75.458,4584.0,Pleistocene
351801,"Quindio, Nevado del",Composite,Stratovolcano,Colombia,South America Volcanic Regions,Northern Andean Volcanic Arc,Nevado del Quindío is a Pleistocene stratovolcano located south of Santa Isabel volcano and NW of Nevado del Tolima volcano. The vent area is eroded by glaciers (Herd 1982).,4.701,-75.386,4756.0,Pleistocene
351808,San Augustin-Isnos,Cluster,Volcanic field,Colombia,South America Volcanic Regions,Northern Andean Volcanic Arc,"A back-arc volcanic field with many pyroclastic cones lies in the Department of Huila, near the towns of San Augustín and San Jose de Isnos, overlies an ignimbrite plain. Disappearance of the San Augustín culture between the 2nd century BCE and the first century CE has been attributed to invading armies or volcanic activity (Borrero et al., 2007).",1.92,-76.23,1900.0,Pleistocene
351809,Cutanga,Caldera,Unknown,Colombia,South America Volcanic Regions,Northern Andean Volcanic Arc,"The Cutanga caldera, about 25 km S of the Sotara volcano, was considered by Kroonenberg et al. (1982) to be a possible source of Plio-Pleistocene rhyolitic ignimbrite deposits in the uppermost Magdalena Valley. The area was mapped as Quaternary volcanics by Gomez Tapias et al. (2015, see Sanín et al, 2022).",1.875,-76.525,3900.0,Pleistocene
351810,Animas,Composite,Stratovolcano,Colombia,South America Volcanic Regions,Northern Andean Volcanic Arc,"Las Animas is located about 11 km NE of Dona Juana volcano and 12 km SW of Petacas volcano, according to the Pasto Observatory. Included in Latter Quaternary volcano list.",1.568,-76.857,4180.0,Pleistocene
351807,Merenberg-Pensil Volcanic Field,Cluster,Volcanic field,Colombia,South America Volcanic Regions,Northern Andean Volcanic Arc,"A back-arc volcanic field in the La Plata and La Argentina area of the Department of Huila contains the small Merenberg volcano and its 1.5-km-wide caldera, along with several pyroclastic cones, including El Morro (Borrero and Castillo, 2006).",2.2189,-76.1167,2500.0,Pleistocene
352804,Chalpatan,Caldera,Caldera,Ecuador,South America Volcanic Regions,Northern Andean Volcanic Arc,"The Chalpatan caldera is of Plio-Pleistocene age (Beate 1992, pers. comm.).  A single Potassium-Argon age of 2.0 million years ago has been obtained (INECEL 1987).      ",0.711,-77.784,3624.0,Pleistocene
352805,Chiltazon,Composite,Stratovolcano,Ecuador,South America Volcanic Regions,Northern Andean Volcanic Arc,"Pleistocene stratovolcano (Beate 1992, pers. comm.)      ",0.687,-78.021,3967.0,Pleistocene
352806,Iguan,Composite,Stratovolcano,Ecuador,South America Volcanic Regions,Northern Andean Volcanic Arc,"Iguan is a Pleistocene stratovolcano with an avalanche caldera open to the WNW (Beate 1992, pers. comm.).      ",0.621,-78.007,3870.0,Pleistocene
352800,Yanaurcu de Pinan,Composite,Stratovolcano,Ecuador,South America Volcanic Regions,Northern Andean Volcanic Arc,"Yanaurcu de Piñán is a stratovolcano of Pleistocene age (Beate 1992, pers. comm.).      ",0.484,-78.329,4535.0,Pleistocene
352801,Pilavo,Composite,Stratovolcano,Ecuador,South America Volcanic Regions,Northern Andean Volcanic Arc,"Pilavo is Pleistocene stratovolcano (Beate 1992, pers. comm.).      ",0.526,-78.365,4254.0,Pleistocene
352802,Cotacachi,Composite,Stratovolcano,Ecuador,South America Volcanic Regions,Northern Andean Volcanic Arc,The steep-sided Pleistocene stratovolcano Cotacachi rises above Cuicocha caldera to the south.      ,0.364,-78.351,4939.0,Pleistocene
352803,Cusin,Composite,Stratovolcano,Ecuador,South America Volcanic Regions,Northern Andean Volcanic Arc,"Cusín is a Pleistocene stratovolcano with a caldera open to the NW (Beate 1992, pers. comm.).      ",0.127,-78.154,3989.0,Pleistocene
352808,Casitagua,Composite,Stratovolcano,Ecuador,South America Volcanic Regions,Northern Andean Volcanic Arc,"Casitagua is a Pleistocene stratovolcano with a caldera containing lava domes SW of Pululagua volcano (Beate 1992, pers. comm.).",-0.036,-78.48,3501.0,Pleistocene
352807,Pambamarca,Composite,Stratovolcano,Ecuador,South America Volcanic Regions,Northern Andean Volcanic Arc,"Pambamarca is a Pleistocene stratovolcano with two lava domes on the SE flank (Beate 1992, pers. comm.).      ",-0.076,-78.207,4076.0,Pleistocene
352811,Pasochoa,Composite,Stratovolcano,Ecuador,South America Volcanic Regions,Northern Andean Volcanic Arc,"Pasochoa is a Pleistocene stratovolcano with an avalanche caldera open to the NW (Beate 1992, pers. comm.).      ",-0.462,-78.478,4199.0,Pleistocene
352809,"Puntas, Cerro",Composite,Stratovolcano,Ecuador,South America Volcanic Regions,Northern Andean Volcanic Arc,"Cerro Puntas is a Pleistocene stratovolcano with an avalanche caldera open to the west (Beate 1992, pers. comm.).      ",-0.174,-78.2,4348.0,Pleistocene
352810,Ilalo,Composite,Stratovolcano,Ecuador,South America Volcanic Regions,Northern Andean Volcanic Arc,"Ilaló is a low, eroded Pleistocene stratovolcano immediately SE of Quito.  A single Potassium-Argon age of 1.62 +/- 0.16 million years ago has been obtained (INECEL 1980).      ",-0.259,-78.418,3185.0,Pleistocene
352812,Pan de Azucar,Composite,Stratovolcano,Ecuador,South America Volcanic Regions,Northern Andean Volcanic Arc,"Pan de Azúcar is a large, probably alkalic volcano in the jungle NNW of Sumaco volcano and east of the town of Baeza.  The 3482-m-high volcano was only relatively recently discovered on satellite images and was considered to be Holocene in age because it is otherwise not likely to be so well preserved in a region with heavy rainfall (Hall 1987, pers. comm.).  Later work suggested that the volcano was substantially older than neighboring Sumaco volcano and was of probable late-Pleistocene age (Eissen, 2006, pers. comm.).     ",-0.43,-77.72,3482.0,Pleistocene
352816,Santa Cruz,Composite,Stratovolcano,Ecuador,South America Volcanic Regions,Northern Andean Volcanic Arc,"Santa Cruz is a small stratovolcano of Pleistocene age with a caldera open to the north (Beate 1992, pers. comm.).      ",-0.648,-78.631,3945.0,Pleistocene
352813,Sincholagua,Composite,Stratovolcano,Ecuador,South America Volcanic Regions,Northern Andean Volcanic Arc,"Sicholagua is an eroded Pleistocene volcano NNE of Cotopaxi volcano (Beate 1992, pers. comm.).      ",-0.534,-78.371,4893.0,Pleistocene
352814,Ruminahui,Composite,Stratovolcano,Ecuador,South America Volcanic Regions,Northern Andean Volcanic Arc,"Rumiñahui is a Pliocene or Pleistocene stratovolcano with a summit caldera NE of Cotopaxi volcano (Hall 1987, pers. comm.).      ",-0.578,-78.504,4712.0,Pleistocene
352815,Corazon,Composite,Stratovolcano,Ecuador,South America Volcanic Regions,Northern Andean Volcanic Arc,Corazón is an early to mid Pleistocene stratovolcano with a summit caldera (Hall 1977).  Late Pleistocene lavas are also present.      ,-0.528,-78.658,4786.0,Pleistocene
352826,Chalupas,Caldera,Caldera,Ecuador,South America Volcanic Regions,Northern Andean Volcanic Arc,"The 18-km-wide Pleistocene Chalupas caldera is the source of the about 90 km3 Chalupas ignimbrite, the largest known in the northern Andes during the Quaternary (Beate, 1989). The Pleistocene Quilindana stratovolcano is located within the caldera. The youngest intracaldera lava flow are unaffected by glaciation.",-0.804,-78.3,4812.0,Pleistocene
352817,Putzalagua,Minor,Lava dome,Ecuador,South America Volcanic Regions,Northern Andean Volcanic Arc,"Putzalagua is a Pleistocene lava dome near Latacunga (Hall 1987, pers. comm.).      ",-0.962,-78.56,3512.0,Pleistocene
352818,Sagoatoa,Composite,Stratovolcano,Ecuador,South America Volcanic Regions,Northern Andean Volcanic Arc,"Sagoatoa is an eroded Pleistocene stratovolcano with flank cones (Beate 1992, pers. comm.).      ",-1.151,-78.666,4153.0,Pleistocene
352822,Igualata,Composite,Stratovolcano,Ecuador,South America Volcanic Regions,Northern Andean Volcanic Arc,"Igualata is an eroded Pleistocene stratovolcano between Chimborazo and Tungurahua volcanoes (Hall 1987, pers. comm.).      ",-1.49,-78.639,4430.0,Pleistocene
352819,Llimpi,Composite,Stratovolcano,Ecuador,South America Volcanic Regions,Northern Andean Volcanic Arc,"Llimpi is a small late Pleistocene stratovolcano NE of Tungurahua volcano (Hall 1987, pers. comm.).      ",-1.381,-78.572,3732.0,Pleistocene
352820,Puyo,Minor,Pyroclastic cone(s),Ecuador,South America Volcanic Regions,Northern Andean Volcanic Arc,A group of nine scoria cones NE of Puyo are aligned along a NW-SE fissure. A 40Ar-39Ar date of 190 +/- 7 ka was obtained by Hoffer et al. (2008).,-1.459,-77.917,1072.0,Pleistocene
352821,Carihuairazo,Composite,Stratovolcano,Ecuador,South America Volcanic Regions,Northern Andean Volcanic Arc,"Carihuairazo is an eroded Pleistocene stratovolcano truncated by edifice collapse, leaving a caldera breached to the NE.  A younger volcano, Puñalica, was constructed between about 18,000 and 14,000 years before present 5 km east of Carihuairazo (Clapperton 1990).  A landslide and lahar in 1698 produced debris that reached the town of Ambato (Hall 1987, pers. comm.).     ",-1.404,-78.75,5102.0,Pleistocene
352823,Calpi,Minor,Tuff cone(s),Ecuador,South America Volcanic Regions,Northern Andean Volcanic Arc,"A group of tuff cones and lava flows of Pleistocene age is located SW of Chimborazo volcano (Beate 1992, pers. comm.).      ",-1.634,-78.728,3215.0,Pleistocene
352824,Altar,Composite,Stratovolcano,Ecuador,South America Volcanic Regions,Northern Andean Volcanic Arc,"Altar is a large stratovolcano of Plio-Pleistocene age with a caldera breached to the west (Hall 1987, pers. comm.). Indian legends report that the top of Altar collapsed after seven years of activity in about 1460, but the caldera is considered to be older than this (Catalog of Active Volcanoes of the World, Hall, 1977).",-1.67,-78.42,5321.0,Pleistocene
353807,Roca Redonda,Shield,Shield,Ecuador,Eastern Pacific Volcanic Regions,Galapagos Hotspot Volcano Group,"The tiny flat-topped islet of Roca Redonda, only 50 x 100 m wide, is the remnant of a large shield volcano north of Isabela Island.  Shallow submarine fumaroles are present around the island, and a single K-Ar date of essentially zero age (53 +/- 54 ka) was obtained.     ",0.27,-91.63,67.0,Pleistocene
353800,Isla Darwin,Shield,Shield,Ecuador,Eastern Pacific Volcanic Regions,Northern Galapagos Volcanic Province,"Isla Darwin (also known as Culpepper Island) is a small flat-topped island encircled by cliffs that lies NE of the Galápagos platform. A single magnetic measurement indicates an age of less than 720,000 years ago.      ",1.62,-92.0,168.0,Pleistocene
353801,Isla Wolf,Shield,Shield,Ecuador,Eastern Pacific Volcanic Regions,Northern Galapagos Volcanic Province,"Isla Wolf (also known as Wenman Island) and three nearby smaller islands are the eroded remnants of a shield volcano.  The western part of the island and the small low western island may represent caldera-filling lava lake deposits.  Remnant magnetism of two samples is reversed, indicating an age between 2.47 and 0.72 million years ago (Cox, 1983).  A date of 1.6 +/- 0.07 million years was obtained from Wolf Island (Harpp and Geist, 2002).",1.37,-91.8,253.0,Pleistocene
353802,Rabida,Minor,Lava dome(s),Ecuador,Eastern Pacific Volcanic Regions,Galapagos Hotspot Volcano Group,"The most petrologically diverse of the Galápagos Islands, the small 2-km-wide Rábida Island consists of a group of lava domes and pyroclastic cones ranging in composition from tholeitic basalts to trachytes. Potassium-Argon dates from lava flows range from 1.06 to 0.l92 million years ago (Cox 1983).",-0.413,-90.708,338.0,Pleistocene
353803,Pinzon,Shield,Shield,Ecuador,Eastern Pacific Volcanic Regions,Galapagos Hotspot Volcano Group,The Pinzón Island shield volcano is covered with lava flows originating from a crater SW of the summit.  The most prominent feature is a small steep-walled 1-km-wide caldera NW of the summit.  Potassium-Argon dates range from 1.09 to 0.93 million years ago (Cox 1983).     ,-0.6,-90.68,458.0,Pleistocene
353804,Santa Fe,Shield,Shield,Ecuador,Eastern Pacific Volcanic Regions,Galapagos Hotspot Volcano Group,"Santa Fe Island consists of the faulted remnant of a Pliocene shield volcano capped by numerous cinder cones.  Potassium-Argon dates range from 3.9-0.72 million years ago (Geist et al., 1986; White et al., 1993).  Fumarolic activity was observed in 1970, but not in 1984.     ",-0.806,-90.07,200.0,Pleistocene
353805,Floreana,Shield,Shield,Ecuador,Eastern Pacific Volcanic Regions,Galapagos Hotspot Volcano Group,"The low shield volcano of Floreana Island, also known as Charles Island or Santa María Island, is densely covered with cinder cones.  A 5-km-wide caldera at the center of the island has an irregular floor.  Several young lava flows were considered to have been as young as few thousand or even a few centuries old based on their youthful morphology (McBirney and Williams, 1969), but a surface exposure age of 26 +/- 7 ka was obtained on the youngest flow (Kurz and Geist, 1999).  An 1813 eruption attributed to Floreana in the Catalog of Active Volcanoes of the World is considered to have actually occurred at Sierra Negra volcano on Isabela Island (Simkin 1980, pers. comm.).  The most conspicuous of the cinder cones on the island is Cerro de Pajas, which rises 335 m above its surroundings.  It fed a massive pahoehoe lava flow, perhaps the youngest on Floreana, that reached the SW coast over a broad 6.5 km area.",-1.3,-90.45,640.0,Pleistocene
354002,Sara Sara,Composite,Stratovolcano,Peru,South America Volcanic Regions,Central Andean Volcanic Arc,"Glacier-covered Sara Sara, between Laguna Parinacocha and the Río Ocona, is the westernmost Quaternary volcano in Perú. The andesitic stratovolcano was the source of lava flows with prominent levees that traveled ~15 km E into the Río Ocona valley. Upper-slope lava flows with a fresh-looking morphology and ash layers in peat deposits at its base suggest a possible Holocene age. However, Reyes-Hardy et al. (2024) cite a geological map by Reyes et al. (2020) indicating a Pleistocene age, along with the Instituto Geofísico del Perú website (November 2024), which reports that the last eruption was 14000 BCE.",-15.3299,-73.4456,5490.0,Pleistocene
354007,Chachani Volcanic Complex,Cluster,Stratovolcano,Peru,South America Volcanic Regions,Central Andean Volcanic Arc,"The andesitic-dacitic Chachani Volcanic Complex, located immediately north of Arequipa, consists of a 320 km2 group of Pleistocene lava domes, a stratovolcano complex, and a flank shield volcano. The central Nevado Chachani edifice contains multiple vents along an arcuate line, including a well-defined summit crater at the western end. Two early Pleistocene ignimbrites were erupted from now-buried vents of older edifices. Pleistocene lava domes form the northern end of the complex. Thin lava flows from Chachani overlie glacial moraines. The 8-km-wide lava shield of Pampa de Palacio on the SW side produced a well-preserved lava flow field that represents the youngest products of the complex. In a comprehensive review of the Chachani volcanic cluster, Aguilar et al. (2022) found that the Cabreria cone on the S flank had most recent eruption, 40Ar-39Ar dated at 56.5 +/- 31.6 ka.",-16.1792,-71.5292,6059.0,Pleistocene
354008,Yura Volcanic Field,Cluster,Volcanic field,Peru,South America Volcanic Regions,Central Andean Volcanic Arc,"The Yura volcanic field includes six monogenetic centers in the NW Arequipa basin off the W flank of the Chachani stratovolcano. 40Ar/39Ar dating and stratigraphy showed that phreatomagmatic, Strombolian, and effusive eruptions from these centers (Yura Viejo, Ccapua, Uyupampa, El Chiral, Patacocha, and Nicholson) took during 195-54 ka (Aguilar et al., 2022). Cerro Nicholson, the southernmost feature of the group, erupted through the 1.65 Ma Arequipa Airport Ignimbrite, which originated from a now-buried site beneath the Chachani volcanic complex; andesitic bombs surround the crater at the summit of the scoria cone.",-16.213,-71.725,3175.0,Pleistocene
354801,Huambutillo-Rumicola,Unknown,Unknown,Peru,South America Volcanic Regions,Central Andean Volcanic Arc,"A K-Ar date of about 0.59 +/- 0.25 Ma was obtained from Huambutillo volcano at the eastern end of the Cuzco valley about 20 km SE of Cuzco.  Nearby Rumicola volcano was dated at about 7.2 Ma, but this was considered to be in error, and the volcano to be of likely Quaternary age (Bonhomme et al., 1988).",-13.58,-71.72,,Pleistocene
354803,Solimana,Composite,Stratovolcano,Peru,South America Volcanic Regions,Central Andean Volcanic Arc,"The eroded Solimana volcano has not erupted since the Pleistocene, but has an active fumarole.",-15.4,-72.9,6093.0,Pleistocene
354802,"Firura, Nevados",Composite,Stratovolcano(es),Peru,South America Volcanic Regions,Central Andean Volcanic Arc,"The Nevados Firura volcanic complex consists of a 10-12 km long, NE-SW-trending cluster of small stratovolcanoes.  The highest peak is 5500-m-high Nevado Firura itself, which lies to the NE of Cerro Soncco Orcco and Cerro Jahsaya.  Little is known about this andesitic volcanic complex, but morphologically youthful lava flows extend into vegetated and settled areas.  The age of Nevados Firura was considered to be Holocene (de Silva and Francis, 1990), but later work showed that the young-looking lava flows on the flank of the volcano were dated at about several hundred thousand years (Worner 2006, pers. comm.).",-15.23,-72.63,5498.0,Pleistocene
354804,"Purupuruni, Cerros",Minor,Lava dome(s),Peru,South America Volcanic Regions,Central Andean Volcanic Arc,"The Cerros Purupuruni are a group of lava domes of probable Pleistocene age (de Silva 2007, pers. comm.).",-17.2587,-69.8216,4591.0,Pleistocene
355010,Tacora,Composite,Stratovolcano(es),Chile,South America Volcanic Regions,Central Andean Volcanic Arc,"The andesitic Tacora volcano is located in northern Chile just S of the border with Peru. It overlies a flat-lying ignimbrite platform forming the Arica Altiplano. About 6 km NNW from the summit the older Chupiquiña is at the end of a line of smaller edifices, with seven distinct peaks, extending N into Peru for ~10 km. Solfataric and fumarolic activity has been reported on the E side of the volcano (Casertano, 1963, CAVW), along with hot springs; sulfur mines are present in the saddle with Chupiquiña. Hantke (1939) cited reports of eruptions in 1930 and 1937 that are not listed in other sources, but Moreno (1985, pers. comm.) did not indicate Holocene eruptions.",-17.7209,-69.7728,5960.0,Pleistocene
355021,Tambo Quemado,Shield,Shield(pyroclastic),Bolivia,South America Volcanic Regions,Central Andean Volcanic Arc,"A low pyroclastic shield near the Rio Lauca forms Cerro Volcán Tambo Quemado on the Bolivian Altiplano. The volcanic complex (also known as Cerro Quemado or Volcán Sacabaya) displays fumarolic activity and was estimated to be of Holocene age by some based on appearance, but no eruption dates are known. An ignimbrite shield is capped by an elongated NNE-SSW-trending vent area about 2 x 3.5 km in diameter formed by three large overlapping craters. The youngest crater lies at the southern end of the summit region and contains a blocky lava dome. Wind has redistributed tephra deposits to the E and S, forming aeolian sand dunes.",-18.62,-68.75,4215.0,Pleistocene
355035,"Jayu Khota, Laguna",Minor,Maar(s),Bolivia,South America Volcanic Regions,Central Andean Volcanic Arc,"Two small maars are located in the central Altiplano of Bolivia, north of Salar de Uyuni and east of Salar de Coipasa. Laguna Jayu Khota, at one time considered to be a meteorite impact crater, was formed by basaltic-trachyandesite explosive volcanism. Nekhe Khota maar lies 4 km SW of Jayu Khota; both were considered by de Silva and Francis (1991) to be of probable Holocene age, but no eruption dates are known. Phreatomagmatic eruptions produced basaltic-trachyandesite pyroclastic deposits containing granitic xenoliths. The maars lie along a transverse lineament; the alkali basaltic cone of Chiar Kkollu is located nearby where this lineament intersects the regional trend.",-19.463,-67.432,3650.0,Pleistocene
355036,Jatun Mundo Quri Warani,Minor,Lava dome(s),Bolivia,South America Volcanic Regions,Central Andean Volcanic Arc,"The Jatun Mundo Quri Warani (also known as Nuevo Mundo) silicic lava dome and flow complex between Potosí and Uyuni in Bolivia is capped by pumice cones. Two viscous dacitic lava flows erupted along a N-S fault were associated with block-and-ash flows to the E. A later Plinian eruption produced an airfall tephra deposit that extends as far as the Bolivian mining center of Potosí, 200 km E. It was considered to be of late Pleistocene or Holocene age by de Silva (2007, pers. comm.), and is the youngest volcanic center of the vast Los Frailes ignimbrite plateau in the eastern Cordillera of Bolivia. However, no eruption dates are known.",-19.78,-66.48,5438.0,Pleistocene
355042,Pampa Luxsar,Cluster,Volcanic field,Bolivia,South America Volcanic Regions,Central Andean Volcanic Arc,"The Pampa Luxsar lava field consists of a 45 x 45 km area of coalesced lava flows at the SW margin of Bolivia's Salar de Uyuni, east of the Andean volcanic front. Several generations of lava flows and cones are present, but the youngest flows were considered to be Holocene or late Pleistocene (de Silva 2007, pers. comm.). The lava field partially or completely surrounds the older dissected stratovolcanoes of Cerro Luxsar and Cerro Uquila.",-20.85,-68.2,5543.0,Pleistocene
355061,"Azufre, Cerro del",Composite,Stratovolcano,Chile,South America Volcanic Regions,Central Andean Volcanic Arc,"Cerro del Azufre is the largest and youngest volcanic center of the 30-km-long, NW-trending Azufre-Inacaliri Volcanic Chain just W of the Bolivian border, S of Salar de Ascotán. The northern edifice forms the high point of the andesitic volcano, with a southern peak just to the SE towards the Apacheta-Aguilucho Volcanic Complex on the same massif. Abundant late-Pleistocene lava flows extending down the northern flanks partially overlie a debris avalanche deposit now largely buried by the Salar de Ascotán. The Chanka dacitic lava-dome complex occupying the lower W flank has been K-Ar dated at 1.5 million years. Two dacitic lava domes on the SE flank, Pabellón and Chac-Inca, mark the most recent effusive activity. There are also youthful-looking craters on the main edifice. Though many features appear young, recent Ar-Ar ages (see review by Godoy et al., 2022) were all older than about 80,000 years old.",-21.787,-68.237,5846.0,Pleistocene
355060,Ollague,Composite,Stratovolcano,Chile-Bolivia,South America Volcanic Regions,Central Andean Volcanic Arc,"Volcán Ollagüe, also known as Oyahué, is a massive andesitic stratovolcano with a summit dacitic lava dome. A large Pleistocene debris-avalanche deposit extending westward separates the Salar de San Martín from the Salar de Ollagüe. Three youthful-looking silicic lava flows mark late post-collapse eruptions, but show evidence of glaciation and are thought to pre-date the last glacial advance at about 11,000 years ago (Freeley et al., 1993). A youthful-looking scoria cone on the lower WSW flank, La Poruñita, was initially considered to be of Holocene age (González-Ferrán, 1995), however Wörner et al. (2000) later obtained Potassium-Argon dates of 420,000 to 680,000 years. Active sulfur mines on the upper western and southern flanks are reached by a road that climbs to about 5500 m elevation. No historical eruptions have been recorded; activity has been restricted to periods of intense fumarolic activity, and a persistent steam plume emanates from a fumarole on the south side of the summit dome.",-21.3,-68.18,5868.0,Pleistocene
355070,San Pedro-San Pablo,Composite,Stratovolcano(es),Chile,South America Volcanic Regions,Central Andean Volcanic Arc,"The composite volcano of San Pedro in the arid Atacama desert of northern Chile has a basaltic andesite-to-dacitic edifice and is 6 km W of the older San Pablo. The youngest cone was constructed within an arcuate escarpment left by the collapse of an older edifice, which produced a large debris avalanche to the west, perhaps accompanied by a major pumice eruption. Thick dacitic lava flows with steep-sided fronts mantle the upper portion of the younger cone. Reports of variable reliability mention eruptions in the 19th and 20th centuries, but no corresponding deposits have been identified. The youthful-looking La Poruña scoria cone on the W flank produced an 8-km-long lava flow, but Worner et al. (2000) obtained a Helium surface-exposure age of 103,000 years from a juvenile block of the lava flow. González-Maurel et al. (2019) obtained 40Ar/39Ar ages using unaltered groundmass from fresh La Poruña samples of 92 ± 34 and 110 ± 11 ka; for San Pedro, an 40Ar/39Ar groundmass age of 96 ± 8 ka was measured.",-21.888,-68.391,6142.0,Pleistocene
355097,"Overo, Cerro",Minor,Maar,Chile,South America Volcanic Regions,Central Andean Volcanic Arc,"Cerro Overo is located on the lower NE flank of Chiliques volcano, west of the Salar de Aguas Calientes. The 600-m-wide, 50-m-deep maar crater was determined to have a maximum eruption age of 77 ± 7.8 ka  based on U-Th/He in zircon from entrained felsic xenoliths (cited in van Alderwerelt, 2017). The 55-m-high La Albóndiga Grande lava dome, about 2 km SW from Cerro Overo, has a similar composition and was considered by van Alderwerelt (2017) to be of similar age from the same magma source. Both erupted through the Atana ignimbrite.",-23.52,-67.662,4576.0,Pleistocene
355106,Negros de Aras,Cluster,Pyroclastic cone(s),Chile,South America Volcanic Regions,Central Andean Volcanic Arc,"Negros de Aras (or El Negrillar) is a monogenetic volcanic field ~20 km N of Socompa volcano and W of the Cordón de Púlar. There are 44 scoria cones and 22 additional lava flow source vents within a 190 km2 area (Aguilera et al., 2022). Though this has been interpreted to be a Holocene field by some researchers (Moreno 1985, pers. comm.; de Silva and Francis, 1991), others believe it is older (Gardeweg, 1993, pers. comm.). Aguilera et al. (2022) did not consider any of the scoria cones to be younger than the 100 ka La Poruna cone (~250 km N). The major Holocene debris avalanche from Socompa overlies some lava flows at the W margin of the complex.",-24.18,-68.25,3500.0,Pleistocene
355140,Copiapo,Composite,Stratovolcano,Chile,South America Volcanic Regions,Central Andean Volcanic Arc,"Volcán Copiapó in Atacama province SW of Nevados Ojos del Salado volcano is a dominantly Miocene-Pliocene stratovolcano. Eight andesitic pyroclastic cones are located primarily on the SE flank of the 6052-m-high volcano. The most recent cone, Volcán San Román, lies 7 km north of Copiapó and was considered to be of probable Pleistocene age, related to late-stage reactivation of Pleistocene-Holocene fissures cutting the Ojos del Salado region (González-Ferrán, 1995). This dacitic-to-andesitic volcano was reported by Von Wolff (1929) to display solfataric activity.",-27.3,-69.13,6052.0,Pleistocene
355150,Tuzgle,Composite,Stratovolcano,Argentina,South America Volcanic Regions,Central Andean Volcanic Arc,"The Cerro Tuzgle stratovolcano rises ~1 km above the surrounding land surface in the Northern Puna of Argentina, ~120 km E of the main volcanic arc of the central Andes. Activity began with the eruption of a rhyodacitic ignimbrite, followed by construction of a lava dome complex on the rim of an existing caldera. Andesitic lava flows covered much of the dome complex and later partially filled the crater. Several edifice-collapse events have occurred. The youngest flows were erupted onto the SW flank from a summit vent, with older flows down multiple other flanks. Schwab and Lippolt (1976) obtained a K-Ar date of 0.1 Ma on what they believed to be the youngest lava. However, de Silva and Francis (1991) and González-Ferrán (1995) considered the latest activity to be Holocene, and Coira and Kay (1993, Fig. 2B) placed the youngest flow at the Pleistocene-Holocene boundary. Giordano et al. (2013) listed the ""Young Lava Flow"" as Pleistocene.",-24.0562,-66.479,5486.0,Pleistocene
355180,Antofagasta Volcanic Field,Cluster,Volcanic field,Argentina,South America Volcanic Regions,Central Andean Volcanic Arc,"This volcanic field has produced multiple monogenetic back-arc mafic centers within the Antofagasta de la Sierra Basin, a tectonic depression NE of Cerro Blanco volcano in the Southern Puna region of Argentina. The field contains several basaltic andesite scoria cones and lava flows, which Francis (1982) and de Silva and Francis (1991) suggested may only be a few thousand years old. The youngest cones, De La Laguna and Alumbrera, are roughly in the middle of the field. A sample from De La Laguna Ar-Ar dated by Risse et al. (2008) to 0.34 ± 0.06 Ma was considered to be a mixed age with older phenocrysts; another sample from a morphologically young flow at the La Falda cone (~20 km NW of Laguna) was assigned an estimate of less than 0.1 Ma with zero-age values. In their stratigraphic and morphological study, Baez et al. (2016) also considered Alumbrera to be the younger than De La Laguna, and noted that ventifact analysis suggested ""a probable Holocene age"" for the most recent activity. However, no radiometric age dates confirming Holocene eruptions are known.",-26.12,-67.4,3495.0,Pleistocene
355807,"Pucara, Cerro",Cluster,Volcanic field,Bolivia,South America Volcanic Regions,Central Andean Volcanic Arc,"Cerro Pucara is a volcanic field with pyroclastic cones of Pleistocene age, with nearby ages of 1.0-0.6 million years (de Silva 2007, pers. comm.).  The Pataca Kollu cones are considered part of this volcanic field.",-16.236,-69.471,4080.0,Pleistocene
355808,Patilla Pata,Composite,Stratovolcano,Bolivia,South America Volcanic Regions,Central Andean Volcanic Arc,"The International Association of Volcanology and Chemistry of the Earth's Interior data sheets (1973) classified Patilla Pata volcano in Bolivia NW of Sajama volcano as being active during the past 2000 years, but de Silva (2007 pers. comm.) noted no evidence from analysis of satellite images for Holocene activity in this area.  Patilla Pata has undergone extensive glacial erosion.  The andesitic stratovolcano has also produced basaltic lava flows.   ",-18.05,-69.03,5300.0,Pleistocene
355809,"Sajama, Nevado del",Composite,Stratovolcano,Bolivia,South America Volcanic Regions,Central Andean Volcanic Arc,"Nevado del Sajama, rising to 6542 m about 20 km E of the Chilean border, is Bolivia's highest mountain. The prominent glacier-clad edifice consists of an andesitic stratovolcano overlying andesitic-to-rhyodacitic lava domes. Sajama borders Volcán Cholcani on the SE, and flank centers occupy the saddle between the two peaks. The steep-sided volcano towers about 2200 m above its base, and glaciers descend to about 5600 m. The age of the most recent activity has variously been considered to be Holocene, Pleistocene-Holocene, or Pleistocene, but de Silva (2007 pers. comm.) noted no evidence of Holocene activity.",-18.1,-68.88,6542.0,Pleistocene
355810,"Larancagua, Volcan",Composite,Stratovolcano,Chile,South America Volcanic Regions,Central Andean Volcanic Arc,"Volcán Larancagua is Plio-Pleistocene in age (Moreno, 1985).      ",-18.02,-69.08,5580.0,Pleistocene
355811,Caquena,Minor,Lava dome(s),Chile,South America Volcanic Regions,Central Andean Volcanic Arc,"The Caquena andesitic lava domes are Potassium-Argon dated around 194,000 to 264,000 years before present (Worner et al. 1988).      ",-18.07,-69.22,,Pleistocene
355812,Vilacollo,Minor,Pyroclastic cone(s),Chile,South America Volcanic Regions,Central Andean Volcanic Arc,"Lava flows from the Vilacollo cinder cones are Potassium-Argon dated around 285,000 years before present (Worner et al. 1988).      ",-18.241,-69.307,4688.0,Pleistocene
355813,Acotango,Composite,Stratovolcano(es),Chile-Bolivia,South America Volcanic Regions,Central Andean Volcanic Arc,"Acotango, along with Volcán Humarata to the north and Cerro Capurata (also known as Cerro Elena Capurata) to the south, comprises the Nevados de Quimsachata volcano group. Quimsachata means ""three"" in the Andean Aymará language, and 5730-m-high Humarata, Acotango, and 5990-m-high Cerro Capurata straddle the Chile-Bolivia boundary along a roughly N-S line.  The 6052-m-high Acotango stratovolcano is the central and highest of the three stratovolcanoes. It is in a fairly advanced stage of dissection, but a morphologically youthful lava flow on its northern flank suggested Holocene activity (de Silva and Francis, 1991). Later higher resolution imagery implied a Pleistocene age (de Silva 2007, pers. comm.). Humarata, with a summit crater breached to the ESE, and Capurata, a complex of lava domes and associated pyroclastic-flow deposits, may also have been active during the Holocene.",-18.37,-69.05,6052.0,Pleistocene
355805,Lexone,Minor,Lava dome(s),Chile,South America Volcanic Regions,Central Andean Volcanic Arc,"The eroded Lexone volcano contains a group of young lava domes in northern Chile SE of Tacora volcano.  The domes were initially considered from morphological evidence to be of Holocene age (Moreno 1985, pers. comm.), but  K-Ar dates of about 60,000-70,000 years were obtained from the young chain of lava domes (Clavero 2004, pers. comm.).   ",-17.87,-69.48,5340.0,Pleistocene
355806,"Anallajsi, Nevado",Composite,Stratovolcano,Bolivia,South America Volcanic Regions,Central Andean Volcanic Arc,"The International Association of Volcanology and Chemistry of the Earth's Interior data sheets (1973) listed Nevado Anallajsi volcano in Bolivia north of Sajama volcano as being active during the past 2000 years, but de Silva and Francis (1990) noted no evidence from analysis of satellite images for Holocene activity in this area.  The andesitic-to-dacitic compound volcano overlies an ignimbrite plateau.  Younger basaltic lava flows were erupted from a north-flank vent, but Woerner (2006 pers. comm.) indicated there was certainly no Holocene activity at Anallajsi. ",-17.92,-68.92,5750.0,Pleistocene
355814,Arintica,Composite,Stratovolcano(es),Chile,South America Volcanic Regions,Central Andean Volcanic Arc,"Volcán Arintica is the central and most prominent cone of a large volcanic complex that rises north of the Salar de Surire.  The complex includes Cerro Puquintica (also called Poquentica), 7 km to the east, Cerro Calajata, 3 km to the SW, and the dacitic Calajata lava dome at the SW end of the complex.  The volcanoes are extensively dissected, but the latest activity at 5597-m-high Arintica produced a postglacial lava flow from a relatively well-preserved summit crater that descended the SE flank (de Silva and Francis, 1991).  Later higher-resolution imagery indicated this lava flow was a collapse deposit and the volcano had a probable Pleistocene age (de Silva 2007, pers. comm.).  Potassium-Argon ages of 637,000 and 486,000 yrs were obtained by Wörner et al. (2000), who suggested that based on the elevation and location of the volcano, the summit may not have been glaciated and that consequently the lack of glaciation may not denote Holocene activity.  Cerro Puquintica (Poquentica) is considerably older than Arintica and rises to 5760 m.  ",-18.75,-69.05,5597.0,Pleistocene
355815,Rochaculla-Inca Camacha,Composite,Stratovolcano(es),Bolivia,South America Volcanic Regions,Central Andean Volcanic Arc,"These volcanoes display hydrothermal alteration (IAVCEI, 1973) and are of possible Pleistocene age (de Silva, 2007 pers. comm.).      ",-18.8,-68.3,5300.0,Pleistocene
355817,"Tatajachura, Cerro",Composite,Stratovolcano,Chile,South America Volcanic Regions,Central Andean Volcanic Arc,"Cerro Tatajachura stratovolcano of Pliocene-Pleistocene age was the source of voluminous andesitic lava flows (Gonzalez-Ferran, 1995).",-19.5,-69.12,5240.0,Pleistocene
355818,"Cariquima, Cerro",Composite,Stratovolcano,Chile,South America Volcanic Regions,Central Andean Volcanic Arc,"Cerro Cariquima is a youthful-looking stratovolcano, but could be Pliocene in age (Worner, 2006 pers. comm.)  Similar appearing volcanoes elsewhere in this part of the Andes were K-Ar dated at about 3 million years.  An unnamed cinder cone corresponding to the location of Cerro Pina on the lower NE flank was classified by IAVCEI (1973) as being active during the past 2000 years.  Worner (2006 pers. comm.) however indicated there was no young volcanism in this area, and de Silva and Francis (1991) noted no evidence from satellite imagery of young volcanism here.",-19.55,-68.68,5365.0,Pleistocene
355819,Porquesa,Minor,Lava dome(s),Chile,South America Volcanic Regions,Central Andean Volcanic Arc,"The massive Porquesa lava-dome complex produced small-volume ignimbrites dated at 0.15 and 0.29 million years ago (Worner et al., 2000).",-19.958,-68.73,5190.0,Pleistocene
355820,"Napa, Cerro",Composite,Stratovolcano,Chile,South America Volcanic Regions,Central Andean Volcanic Arc,"Cerro Napa has a Potassium-Argon date of 1.38 million years (Worner et al., 2000).",-20.52,-68.68,5145.0,Pleistocene
355822,Copa-Ocana,Composite,Stratovolcano(es),Chile,South America Volcanic Regions,Central Andean Volcanic Arc,Pleistocene stratovolcanoes (Moreno 1985). Group of cones on a plateau-like area that includes Cerro Copa and Ocaña abotu 15 km NE of Irruputuncu volcano.,-20.643,-68.439,5299.0,Pleistocene
355823,Aucanquilcha,Composite,Stratovolcano,Chile,South America Volcanic Regions,Central Andean Volcanic Arc,"The world's highest permanent human habitation is situated below a sulfur mine in the summit region of Cerro Aucanquilcha, one the largest volcanoes of northern Chile. Several distinct cones are located along a 10-km-long, E-W ridge that forms the broad summit. A Pleistocene debris-avalanche deposit is a prominent feature on the lower NW flank. Extensive Pleistocene glacial moraines surround the stratovolcano, but postglacial lava flows overlie these moraines on the upper southern flanks (de Silva and Francis, 1991). Wörner et al. (2000) obtained surprisingly old Potassium-Argon dates of 400,000 to 780,000 years from the youngest flows on the NE and SW flanks, and eruptive activity appears to have ended during the late Pleistocene. It presently displays fumarolic activity.",-21.22,-68.47,6176.0,Pleistocene
355824,"San Agustin, Cerro",Composite,Stratovolcano,Bolivia,South America Volcanic Regions,Central Andean Volcanic Arc,"The International Association of Volcanology and Chemistry of the Earth's Interior data sheets (1973) considered the andesitic-to-dacitic Cerro San Agustín stratovolcano to have been active during the past 2000 years, but de Silva and Francis (1991) noted no evidence from analysis satellite images of Holocene activity in this area, and de Silva (2007 pers. comm) considered the volcano to be of Pleistocene age.",-21.25,-67.75,4980.0,Pleistocene
355827,Escala,Minor,Lava dome,Bolivia,South America Volcanic Regions,Central Andean Volcanic Arc,"Endogenous extrusions at the andesitic Escala lava dome in SW Bolivia occurred during the Holocene (Kussmaul et al., 1977).        Later analysis of higher-resolution satellite imagery showed no evidence of Holocene domes in this area (de Silva 2007, pers. comm.).",-21.6,-66.88,4000.0,Pleistocene
355828,"Moiro, Cerro",Minor,Pyroclastic cone,Bolivia,South America Volcanic Regions,Central Andean Volcanic Arc,"The International Association of Volcanology and Chemistry of the Earth's Interior data sheets (1973) listed Cerro Moiro (also known as Cerro Negro) in SW Bolivia as being active during the past 2000 years, but de Silva and Francis (1991) found no evidence from satellite image analysis of Holocene activity.  Later higher-resolution satellite imagery suggested a possible Pleistocene age (de Silva 2007, pers. comm.).  The andesitic scoria cone was constructed on a rhyolitic ignimbrite plateau.     ",-21.68,-67.47,4250.0,Pleistocene
355825,Cañapa,Composite,Stratovolcano,Chile,South America Volcanic Regions,Central Andean Volcanic Arc,"Cañapa is an andesitic-dacitic stratovolcano of Plio-Pleistocene age (Gonzalez-Ferran, 1995).  De Silva (2007 pers. comm.) considered the volcano to be of Pleistocene age.",-21.5,-68.12,5630.0,Pleistocene
355826,"Ascotan, Cerro",Composite,Stratovolcano,Chile,South America Volcanic Regions,Central Andean Volcanic Arc,"The orrect name is Ascotán (Moreno, 1985 pers. comm.), not Acostán (IAVCEI, 1973).  De Silva (2007 pers. comm.) considered the volcano to be of Pleistocene age.      ",-21.68,-68.12,5473.0,Pleistocene
355831,Paniri,Composite,Stratovolcano,Chile,South America Volcanic Regions,Central Andean Volcanic Arc,"Cerro Paniri is a complex stratovolcano located about 30 km SE of San Pedro volcano. The summit contains three craters separated by about 4 km along a NW-SE trend. The age of this andesitic-to-dacitic volcano was considered to be Pleistocene-Holocene (González-Ferrán, 1995), but de Silva (2007 pers. comm.) considered it to be of probable Pleistocene age.",-22.059,-68.228,5946.0,Pleistocene
355832,"Leon, Cerro del",Composite,Stratovolcano(es),Chile,South America Volcanic Regions,Central Andean Volcanic Arc,"Cerro del León is an andesitic stratovolcano 40 km SE of the San Pedro-San Pablo volcanoes. It is flanked by two massive dacitic lava domes, 2.6 km3 Chillahuita to the SE and 26 km3 Chao to the NW, in the saddle between Cerro del Leon and Paniri volcanoes. González-Ferrán (1995) considered León to be of Pleistocene-Holocene age. The massive Chao lava dome and flow is the world's largest of its type. The 14.5-km-long dacitic lava flow has distal margins that are 350-400 m high and dramatic 30-m-high flow ridges on its surface. The age of the flows was considered to be post-glacial (Guest 1981, pers. comm.), but Argon-Argon dates indicate only that it is less than 100,000 years old (de Silva and Francis, 1991), and based on comparison with nearby dated flows, it was considered to be of Pleistocene age (de Silva, 2007 pers. comm.). The eruption of less than 1 km3 of dacitic pyroclastic flows preceded the initial lava extrusion, which formed the 22 km3 compound main flow. Eruption of a small amount of rhyolitic airfall and growth of a pumice cone was followed by effusion of the final 3 km3 of lava.",-22.142,-68.108,5754.0,Pleistocene
355833,Deslinde,Composite,Stratovolcano,Chile,South America Volcanic Regions,Central Andean Volcanic Arc,"Quaternary (Guest 1969), not Holocene (Moreno 1985).      ",-22.27,-67.97,5651.0,Pleistocene
355834,"Linzor, Volcan",Composite,Stratovolcano,Chile-Bolivia,South America Volcanic Regions,Central Andean Volcanic Arc,"Volcán Linzor is a 5680-m-high stratovolcano along the Chile/Boliva border.  This andesitic volcano was considered to be Pleistocene-Holocene age by González-Ferrán (1995).  De Silva (2007 pers. comm.) noted no evidence for Holocene activity at Linzor, which lies west of Laguna Colorada. ",-22.18,-67.95,5680.0,Pleistocene
355835,Jorcada,Cluster,Stratovolcano,Bolivia,South America Volcanic Regions,Central Andean Volcanic Arc,"Volcán de Jorcada is an elongated fissure-controlled volcanic massif extending between the Pastos Grandes caldera and Laguna Colorada in Bolivia. More than 50 craters, small stratovolcanoes, and lava domes are located along four fissures covering an area of 230 km2. Eight small andesitic-to-dacitic stratovolcanoes with craters 0.2-1.5 km wide are located along the southernmost fissure. A second fissure, oriented NW-SE and 10 km long, contains ten volcanic centers with craters with widths of 0.2-1.2 km. A third fissure, trending NE, produced seven rhyodacitic lava domes. Activity has migrated to the north, with the youngest fissure, on the NW side of the complex, estimated to be of probable Holocene age (González-Ferrán, 1995). De Silva (2007, pers. comm.) dated this youngest fissure at 95,000 years BP. This NW-trending fissure, 7 km long, contains 27 small basaltic andesite craters.",-22.08,-67.77,5750.0,Pleistocene
355836,Quetena,Cluster,Fissure vent,Bolivia,South America Volcanic Regions,Central Andean Volcanic Arc,"Lava effusions along fissures at Quetena were considered to have occurred during the Holocene (Kussmaul et al., 1977).  De Silva (2007 pers. comm.) indicated that volcanism in this area is pre-Holocene and may be Pleistocene or older.      ",-22.25,-67.42,5730.0,Pleistocene
355837,Sunequera,Shield,Shield,Bolivia,South America Volcanic Regions,Central Andean Volcanic Arc,"Fernandez et al. (1973) noted that well-preserved craters favor activity in historical time, however de Silva (1990, pers. comm.) indicates that Sunequera is a pre-Holocene shield volcano with craters that are glacial cirques.     ",-21.98,-67.23,5899.0,Pleistocene
355838,Uturuncu,Composite,Stratovolcano,Bolivia,South America Volcanic Regions,Central Andean Volcanic Arc,"Uturuncu, located SE of Quetana, has two active sulfur-producing fumarole fields near the summit. Though postglacial lava flows were noted by Kussmaul et al. (1977), de Silva and Francis (1991) stated that inspection of satellite images showed no evidence for postglacial activity. Although lava flows display well-preserved flow features, youthful-looking summit flows show evidence of glaciation. Lava flows are mainly andesitic and dacitic, and no pyroclastic deposits have been reported. Large-scale ground deformation was observed beginning in May 1992 (Pritchard and Simons, 2002), indicating, along with seismicity detected in 2009-10 (Jay et al., 2012), that a magmatic system is still present.",-22.27,-67.18,6008.0,Pleistocene
355829,"Chascon, Cerro",Minor,Lava dome,Bolivia,South America Volcanic Regions,Central Andean Volcanic Arc,"The lava dome of Cerro Chascon and the associated rhyolitic Cerro Runtu Jarita lava flow are located within the moat of Bolivia's Pliocene Pastos Grandes caldera.  The roughly circular, flat-topped Cerro Chascon is located immediately NW of Laguna Khara.  Cerro Runtu Jarita forms a roughly N-S-trending chain of small silicic lava bodies that probably represents the surficial expression of a subsurface dike.  Minor eruptions of rhyolitic tephra preceded extrusion of the Cerro Runtu Jarita lavas.  The age of Cerro Chascon was considered to by Holocene (de Silva and Francis, 1991), but new K-Ar dates give ages of 0.88-0.93 Ma (Watts et al., 1999).",-21.88,-67.9,5125.0,Pleistocene
355830,Apagado,Composite,Stratovolcano,Chile,South America Volcanic Regions,Central Andean Volcanic Arc,Pleistocene stratovolcano (Moreno 1985).      ,-22.05,-67.97,5680.0,Pleistocene
355841,"Volcan, El",Composite,Stratovolcano,Chile,South America Volcanic Regions,Central Andean Volcanic Arc,"El Volcán is one of several stratovolcanoes located east of the vigorous Geisers del Tatio geothermal field.  Lava flows at the base of the volcano are dacitic, while those at the upper part are andesitic-to-dacitic.  El Volcán was considered by González-Ferrán (1995) to be of Pleistocene-Holocene age, but de Silva (2007 pers. comm) assigned it a probable Pleistocene age.      ",-22.33,-67.97,5100.0,Pleistocene
355842,"Tocorpuri, Cerros de",Composite,Stratovolcano,Chile-Bolivia,South America Volcanic Regions,Central Andean Volcanic Arc,"Cerros de Tocorpuri (or Volcán Tocorpuri) is a stratovolcano complex on the Chile-Bolivia border with a youthful-looking rhyolitic lava dome, Cerro la Torta, at its western foot. The international border swings around the eastern rim of a 1.4-km-wide crater that truncates the summit; the crater lies wholly within Chile. It was considered by González-Ferrán (1995) to be of Pleistocene-Holocene age. Cerro la Torta has been considered to be of Holocene age due to its youthful morphology, but its age is not known precisely and Potassium-Argon dating indicates only that it is less than a million years old. Comparison with similar dated domes nearby suggests it is of Pleistocene age (de Silva, 2007 pers. comm.). The circular, roughly 5 km3 Cerro la Torta was erupted from a central vent and is surrounded by a flat-topped surface with wrinkled flow ridges. The flow terminates in steep, talus-covered margins about 150 m high. Lava extrusion was preceded by minor silicic explosive eruptions.",-22.439,-67.888,5808.0,Pleistocene
355840,"Tatio, Volcan",Composite,Stratovolcano,Chile,South America Volcanic Regions,Central Andean Volcanic Arc,"Quaternary (Guest and Sanchez, 1969); not Holocene (Moreno, 1985).      ",-22.42,-68.02,5314.0,Pleistocene
355844,Poquis,Composite,Stratovolcano,Chile,South America Volcanic Regions,Central Andean Volcanic Arc,"Erupted on Pliocene ignimbrite plateau (IAVCEI). Late Pleistocene (Moreno, 1985).      ",-23.02,-67.05,5770.0,Pleistocene
355845,Curutu,Composite,Stratovolcano,Chile,South America Volcanic Regions,Central Andean Volcanic Arc,"Curutú is late Pleistocene (Moreno, 1985).      ",-23.17,-67.07,5394.0,Pleistocene
355846,Losloyo,Composite,Stratovolcano,Chile,South America Volcanic Regions,Central Andean Volcanic Arc,Upper Pleistocene (Moreno 1985)      ,-23.13,-67.37,5343.0,Pleistocene
355847,Potor,Composite,Stratovolcano,Chile,South America Volcanic Regions,Central Andean Volcanic Arc,One of a group of upper Pleistocene volcanoes (Moreno 1985).      ,-23.2,-67.67,5318.0,Pleistocene
355848,Hecar,Composite,Stratovolcano,Chile,South America Volcanic Regions,Central Andean Volcanic Arc,stratovolcano north of Lascar volcano; no evidence for Holocene activity (de Silva and Francis 1991).      ,-23.23,-67.75,5029.0,Pleistocene
355849,"Verde, Laguna",Composite,Stratovolcano,Chile,South America Volcanic Regions,Central Andean Volcanic Arc,"Laguna Verde, located west of Colachi volcano, is one of a cluster of young stratovolcanoes north and east of Lascar. Laguna Verde was considered to be of Pleistocene-Holocene age (González-Ferrán, 1995), but de Silva (pers. comm., 2007) indicated it was of probable Pleistocene age. The andesitic volcano collapsed to the north, producing a debris avalanche that dammed the Quebrada Portor, forming a lake.",-23.252,-67.71,5464.0,Pleistocene
355850,"Rio Negro, Cerro de",Composite,Stratovolcano,Chile,South America Volcanic Regions,Central Andean Volcanic Arc,Complex stratovolcano north of the Salar de Aguas Calientes; no evidence for Holocene activity (de Silva and Francis 1991).      ,-23.398,-67.582,5067.0,Pleistocene
355843,"Zapaleri, Cerro",Composite,Stratovolcano,Chile,South America Volcanic Regions,Central Andean Volcanic Arc,"Cerro Polques is of probable Pliocene age, although some component could be Pleistocene (de Silva, 2007 pers. comm.).",-22.82,-67.18,5643.0,Pleistocene
355853,Miscanti,Composite,Stratovolcano,Chile,South America Volcanic Regions,Central Andean Volcanic Arc,"Pleistocene (Moreno, 1985).      ",-23.67,-67.72,5613.0,Pleistocene
355854,Laco,Minor,Lava dome,Chile,South America Volcanic Regions,Central Andean Volcanic Arc,"Laco is a central dome surrounded by satellite craters, perhaps Pleistocene in age.  Radiometric dates range from 2.17 to 1.8 million years (de Silva, 2007 pers. comm.).",-23.818,-67.5,5314.0,Pleistocene
355855,Incaguasi,Unknown,Unknown,Chile,South America Volcanic Regions,Central Andean Volcanic Arc,Pleistocene (Moreno 1985)      ,-24.03,-67.53,5689.0,Pleistocene
355856,Capur,Composite,Stratovolcano,Chile,South America Volcanic Regions,Central Andean Volcanic Arc,Pleistocene stratovolcano (Moreno 1985).      ,-24.02,-67.85,5216.0,Pleistocene
355857,Aguas Delgadas,Composite,Stratovolcano,Chile,South America Volcanic Regions,Central Andean Volcanic Arc,"Aguas Delgadas volcano is listed as active during the past 2000 years (IAVCEI 1973), but no Holocene volcanoes are listed in this area by de Silva and Francis (1990).  The volcanoes Cerro Bayo and Corrida de Cori, very near to the listed location of Aguas Delgadas, are classified as Pleistocene.     ",-24.45,-68.4,,Pleistocene
355851,Tumisa,Composite,Stratovolcano,Chile,South America Volcanic Regions,Central Andean Volcanic Arc,"Potassium-Argon dates 1.2 to less than 0.4 Ma (Gonzalez-Ferran, 1995).",-23.46,-67.81,5638.0,Pleistocene
355852,Lejia,Composite,Stratovolcano,Chile,South America Volcanic Regions,Central Andean Volcanic Arc,Pleistocene (Moreno 1985).      ,-23.555,-67.764,5774.0,Pleistocene
355860,Piedra Parada,Composite,Stratovolcano,Chile,South America Volcanic Regions,Central Andean Volcanic Arc,"Piedra Parada is a large stratovolcano with summit craters and lava flows that retain integrity in the upper part of the edifice and is of likely Pleistocene age (de Silva, 2007 pers. comm.).",-26.4,-68.75,5920.0,Pleistocene
355861,San Francisco,Composite,Stratovolcano,Chile,South America Volcanic Regions,Central Andean Volcanic Arc,"San Francisco volcano has K-Ar dates of 1.34 and 1.32 million years ago (Gonzalez-Ferran, 1995).",-26.919,-68.263,6032.0,Pleistocene
355858,"Niebla, Cerro de la",Composite,Compound,Chile,South America Volcanic Regions,Central Andean Volcanic Arc,"Cerro de la Niebla is a compound volcano of possible Pleistocene age (de Silva, 2007 pers. comm.).",-25.25,-68.63,4500.0,Pleistocene
355859,"Azufre, El",Unknown,Unknown,Chile,South America Volcanic Regions,Central Andean Volcanic Arc,"El Azufre has a somewhat youthful morphology and could be of Pleistocene age (de Silva, 2007 pers. comm.).",-25.37,-68.88,5480.0,Pleistocene
355862,Tres Cruces,Composite,Stratovolcano,Chile,South America Volcanic Regions,Central Andean Volcanic Arc,"The massive Tres Cruces complex of Pliocene-Pleistocene age covers an area of about 1000 km2 along the Chile-Argentina border (Gonzalez-Ferran, 1995). The Indio lava dome on the SW side of the complex was K-Ar dated at about 0.35 million years.",-27.08,-68.8,6620.0,Pleistocene
355863,"Patos, Los",Composite,Stratovolcano,Chile,South America Volcanic Regions,Central Andean Volcanic Arc,"Los Patos is a large eroded stratovolcano of possible Pleistocene age (de Silva, 2007 pers. comm.).",-27.27,-69.0,6250.0,Pleistocene
355864,"Queva, Nevado",Unknown,Unknown,Argentina,South America Volcanic Regions,Central Andean Volcanic Arc,"Late-Quaternary flows with no radiometric age date (Hormann et al., 1973).  De Silva (2007, pers. comm.) assigned a likely Pleistocene age.    ",-24.309,-66.732,6134.0,Pleistocene
355865,Tocomar,Cluster,Unknown,Argentina,South America Volcanic Regions,Central Andean Volcanic Arc,The Tocomar volcanic center was the source of two major phreatomagmatic and phreatic eruptions during the Pleistocene. The Tocomar Ignimbrite of rhyolitic composition covers an area of 50 km2. It is located along the Calama-Olacapato-Toro fault zone south of Tuzgle and NE of Nevado Queva volcanoes.,-24.2,-66.5,4950.0,Pleistocene
355866,Gemelos-Saladillo,Minor,Pyroclastic cone(s),Argentina,South America Volcanic Regions,Central Andean Volcanic Arc,"The late-Pleistocene Los Gemelos scoria cones were constructed along the Calchaqui fault, NW of Salta.  The basaltic trachyandesitic cones produced a lava flow about 35,000 years ago that traveled to the west and then was deflected south.  Monogenetic cones at El Saladillo to the NW of Los Gemelos produced a lava flow that traveled to the SE and south.",-24.75,-66.17,,Pleistocene
355867,Antofalla,Composite,Stratovolcano(es),Argentina,South America Volcanic Regions,Central Andean Volcanic Arc,"Volcán Antofalla is a 6409-m-high Argentinian stratovolcano west of the Salar de Antofalla. The andesitic-to-rhyolitic main edifice is surrounded by a circular ring of smaller satellitic stratovolcanoes.  Sapper (1917) reported ""smoke"" clouds from Volcán Antofalla in 1901 and 1911, but detailed study showed that its youngest rocks were erupted during the early Pleistocene (Richards et al., 2006). Younger small-volume monogenetic volcanism took place on the SW and western flanks later in the Pleistocene.",-25.55,-67.92,6409.0,Pleistocene
355868,"Galan, Cerro",Caldera,Caldera,Argentina,South America Volcanic Regions,Central Andean Volcanic Arc,"Caldera-forming eruption took place about 2.6 million years ago, latest ring fracture eruptions may have taken place in last few tens of thousands of years (Francis 1982).      ",-25.93,-66.92,6000.0,Pleistocene
355869,"Colorado, Cerro",Composite,Stratovolcano,Argentina,South America Volcanic Regions,Central Andean Volcanic Arc,"Cerro Colorado is a stratovolcano of possible Pleistocene age (de Silva, 2007 pers. comm.).",-26.18,-68.37,6049.0,Pleistocene
355870,Incapillo,Caldera,Caldera,Argentina,South America Volcanic Regions,Central Andean Volcanic Arc,"The Plio-Pleistocene Icapillo caldera and lava-dome complex is the southernmost ignimbritic caldera of the Central Andes.  The 5 x 6 km wide caldera formed during a rhyodacitic eruption about 510,000 years ago.  About 40 rhyodacitic lava domes surround the caldera.",-27.9,-68.8,5750.0,Pleistocene
356010,San Felix,Shield,Shield,Chile,Southern Pacific Volcanic Regions,San Felix Hotspot Volcano Group,"San Félix Island, 800 km W of the Chilean coast, consists largely of a low, cliff-bounded lava platform separating two tuff cones. The Islota Gonzáles cone to the SW is separated from the main island by a shallow submerged platform. Cerro Amarillo at the western end forms the high point of the island and is the source of fresh-looking hawaiite lava flows that reached the sea and formed the low lava platform at the SW tip of the island. A ship captain reported a dull red glow at the summit in 1923. Willis and Washington (1924) considered the youthful lava flows to predate discovery of the island in the 16th century, but not be more than a few centuries old. However, Ar-Ar dating by Haase et al. (2000) determined an age of 421 +/- 18 ka, and considered the advanced erosion of the island as indicative of several hundred thousands of years of inactivity.",-26.294,-80.112,159.0,Pleistocene
356020,Robinson Crusoe,Shield,Shield(s),Chile,Southern Pacific Volcanic Regions,Juan Fernandez Hotspot Volcano Group,"The main part of Robinson Crusoe (Mas a Tierra) Island, in the central part of the Juan Fernandez Island group, is composed of four overlapping shield volcanoes with calderas breached to the NE. The SW part of the basaltic island consists of smaller altered cones. Potassium-Argon dates for the island range from 5.8 to 3.8 million years ago (Steussy et al., 1984) and the island is more dissected than Alexander Selkirk (Mas a Fuera) Island to the west. An eruption at El Yunque was reported in 1743, but is considered uncertain (Catalog of Active Volcanoes of the World). Reports exist of a submarine eruption about 1.5 km north of the island in 1835 that produced an explosion and flames that lit up the island, primarily from the Governor, but the story varied over the years and no evidence was ever located (see CAVW for summary).",-33.658,-78.85,922.0,Pleistocene
356040,Seamount JF6,Minor,Lava dome?,Chile,Southern Pacific Volcanic Regions,Juan Fernandez Hotspot Volcano Group,"A submarine eruption reported in 1839 from a seamount (identified as JF6 by Yanez et al., 2009) at the eastern end of the Juan Fernandez island chain is considered highly suspect (Catalog of Active Volcanoes of the World). Although an ephemeral island was reportedly formed, the seamount has a depth of more than 600 m and lies at the eastern end of an island chain that is progressively younger to the west.",-33.427,-76.87,-642.0,Pleistocene
356801,Alexander Selkirk,Shield,Shield,Chile,Southern Pacific Volcanic Regions,Juan Fernandez Hotspot Volcano Group,"The dome-shaped island of Alexander Selkirk (Masafuera) is the emergent summit of a Pleistocene shield volcano. A Potassium-Argon date of 1.01 million years ago (Steissy et al., 1984) is the youngest obtained for the Juan Fernandez islands (Stuessy et al., 1984).",-33.763,-80.811,1266.0,Pleistocene
356800,Salas y Gomez,Shield,Shield?,Chile,Southern Pacific Volcanic Regions,Salas y Gómez Ridge Volcano Group,"A small volcanic islet, 400 x 700 m wide, forms the summit of a large seamount. No volcanic vents have been identified, but rocks from the islet are Potassium-Argon dated at 1.94-1.31 million years ago (Clark and Dymond, 1977). Both Rapa Nui (Easter Island) and Salas y Gómez are east of the East Pacific Rise.     ",-26.47,-105.47,15.0,Pleistocene
357067,Domuyo,Composite,Stratovolcano,Argentina,South America Volcanic Regions,Southern Andean Volcanic Arc,"Volcán Domuyo is an Argentinian stratovolcano of late-Pleistocene or possibly Holocene age (Moreno 1985, pers. comm.). At least 14 dacitic lava domes and other eruptive centers were constructed within a broad 15-km-wide caldera, and at least another five lie outside the caldera. The largest of the latter is Volcán Chanque-Mallín on the ESE flank. It is truncated by a 4-km-wide caldera and contains a resurgent dome.",-36.638,-70.432,4702.0,Pleistocene
357071,Cochiquito Volcanic Group,Composite,Stratovolcano(es),Argentina,South America Volcanic Regions,Southern Andean Volcanic Arc,"A small group of volcanoes lies N of the town of Buta Ranquil, near where the Río Grande and Río Barrancas join to form the Río Colorado. Volcán Cochiquito is an alkaline basaltic stratovolcano with eight satellitic cones. Volcán Sillanegra (or Malal) is pyroclastic cone complex with two craters and basaltic aa lava flows located east of the Río Grande. Its age was estimated to be Holocene (González-Ferrán, 1995). Volcán Ranquil del Sur is a small stratovolcano south of the Río Barranca with an estimated Pleistocene-Holocene age that contains a 600-m-wide crater and produced andesitic pyroclastic material and lava flows. However, Folguera et al. (2006) describe Chochiquito as being erupted along a normally reactivated reverse fault in the Chos Malal belt, part of a group of basaltic domes and lava flows ranging from 3.2 to 1.5 Ma (citing dates in Linares and Gonzalez, 1987). Other researchers (e.g. Ramos and Folguera, 2011) map the area as older Pleistocene volcanics not part of the larger volcanic fields nearby.",-36.739,-69.834,1435.0,Pleistocene
357081,Trolon,Minor,Lava dome(s),Argentina,South America Volcanic Regions,Southern Andean Volcanic Arc,"Trolon (also called Trocon) volcano lies in Argentina NE of the Caldera del Agrio, and is grouped here together with the Cerro Bayo cone, 10 km ESE. This dacitic-andesitic lava-dome complex has two summit craters and a pyroclastic cone that fed andesitic lava flows that traveled to the east. González-Ferrán (1995) estimated an age of Pleistocene-Holocene.",-37.738,-70.906,2360.0,Pleistocene
357092,"Marinaqui, Laguna",Minor,Pyroclastic cone(s),Chile,South America Volcanic Regions,Southern Andean Volcanic Arc,"Volcán Laguna Mariñaqui is a minor volcanic center about 45 km S of Copahué and 40 km ENE of Tolguaca volcanoes. It consists of two eroded open craters, 2 km apart along a NE-trending fault, that produced andesitic pyroclastic material and lava flows with columnar jointing; González-Ferrán (1995) identified them as Holocene. The nearby Cerro Chapulul cinder cone, on a plateau ranging from 2,000-2,300 m elevation, was also considered Holocene by Moreno (1985, pers. comm.). However, the entire area was mapped by Stern (1989) as Pleistocene",-38.301,-71.108,2186.0,Pleistocene
357101,Tralihue,Composite,Stratovolcano,Argentina,South America Volcanic Regions,Southern Andean Volcanic Arc,"The dominantly Pleistocene Tralihue and Pino Solo volcanic centers lie NW of the Pleistocene Pino Hachado caldera in the Nequén Andes of Argentina, east of the main Andes drainage divide. Initial trachyandesitic eruptions were followed by the eruption of small lava domes and basaltic pyroclastics along a NW-trending fracture during postglacial time. The area was mapped by Stern (1989) as Pleistocene based on K-Ar dates older than 2 Ma.",-38.509,-70.898,2448.0,Pleistocene
357152,"Pantoja, Cerro",Composite,Stratovolcano,Chile-Argentina,South America Volcanic Regions,Southern Andean Volcanic Arc,"Cerro Pantoja is an eroded dominantly basaltic volcano of Pleistocene age along the Chile-Argentina border. Though a cinder cone on the Argentinian side was described as Holocene by Moreno (1985, pers. comm), later work by Lara et al. (2001) mapped it as Pliocene-Pleistocene. It lies SSW of Lake Constancia, which is located immediately west of the Argentinian border, and has a dramatic steep-sided summit pinnacle.",-40.768,-71.943,1897.0,Pleistocene
357800,Tupungato,Composite,Stratovolcano,Chile-Argentina,South America Volcanic Regions,Southern Andean Volcanic Arc,"The northernmost of the central Chile volcanoes, conical Tupungato is a Pleistocene stratovolcano capped by a about 0.8 million years ago lava dome complex (Moreno and Naranjo 1991).",-33.359,-69.77,6570.0,Pleistocene
357801,"Piuquenes, Nevado de los",Composite,Stratovolcano,Chile-Argentina,South America Volcanic Regions,Southern Andean Volcanic Arc,The Pleistocene volcano Nevado de los Piuquenes is the southernmost volcano of the Tunpungato-Tupungatito volcano group. A 5.5-km-wide amphitheater is open to the east (Moreno and Naranjo 1991).,-33.52,-69.83,6019.0,Pleistocene
357802,Northern Mendoza Volcanic Field,Cluster,Volcanic field,Argentina,South America Volcanic Regions,Southern Andean Volcanic Arc,"The northern part of the Pleistocene Mendoza volcanic field contains more than 80 volcanic centers, mostly basaltic cinder cones, but also the Diamante stratovolcano, a small shield volcano, and tuff rings and tuff cones.  The small Infiernillo volcanic field of late-Pleistocene to Holocene age at the SW part of the larger volcanic field is listed separately in this compilation.",-34.67,-69.0,,Pleistocene
357803,Llancanelo Volcanic Field,Cluster,Pyroclastic cone(s),Argentina,South America Volcanic Regions,Southern Andean Volcanic Arc,"The Pliocene-Pleistocene Llancanelo Volcanic Field lies west of the saline lake of the same name in the Mendoza province of Argentina. The field includes scoria cones, tuff cones, and tuff rings. Often described as covering an area of 10,700 km2, that zone includes the Cerro Nevado and Northern Mendoza volcanic fields.",-35.75,-69.25,1876.0,Pleistocene
357805,Sordo Lucas,Composite,Stratovolcano,Chile,South America Volcanic Regions,Southern Andean Volcanic Arc,"Sordo Lucas (Alto del Padre) is a highly eroded stratovolcano of Pleistocene age (Moreno and Naranjo, 1991).      ",-34.987,-70.456,3349.0,Pleistocene
357806,"Nevado, Cerro",Cluster,Volcanic field,Argentina,South America Volcanic Regions,Southern Andean Volcanic Arc,"The Cerro Nevado Volcanic Field is located north of Payun Matru and west of Llancanelo volcanic field. The exact bounds vary depending on the researcher, with the area between the Cerro Nevado stratovolcano and Payun Matru being considered part of Payun Matru, Cerro Nevado, or the Llancanelo volcanic fields, or simply generically within the Payenia Volcanic Province. K-Ar ages reported by Ramos and Folguera (2011) are around 1.32 Ma.",-35.58,-68.489,3791.0,Pleistocene
357804,Puelche Volcanic Field,Cluster,Volcanic field,Chile,South America Volcanic Regions,Southern Andean Volcanic Arc,The Pleistocene Puelche volcanic field is the largest cluster of Quaternary rhyolitic lava flows known to date in the Southern Volcanic Zone of the Andes.,-35.78,-70.48,3140.0,Pleistocene
357807,Auca Mahuida Volcanic Field,Cluster,Volcanic field,Argentina,South America Volcanic Regions,Southern Andean Volcanic Arc,"Auca Mahuida is a large basaltic shield volcano described by Folguera and Ramos (2011) as having a well-preserved central crater and an andesite plug. Most of the lavas, recently date using Ar-Ar, are in the 0.8-1.7 Ma range.",-37.738,-68.924,2243.0,Pleistocene
357808,"Nevada, Sierra",Composite,Stratovolcano,Chile,South America Volcanic Regions,Southern Andean Volcanic Arc,"Sierra Nevada is a late-Pleistocene glaciated stratovolcano with a 7-km-long E-W zone of fissure vents that lies about 15 km NE of Llaima volcano.  The age of Sierra Nevada has been considered to be late-Pleistocene (Moreno and Naranjo, 1991) or late-Pleistocene to Holocene (González-Ferrán, 1995).  Naranjo (pers. comm., 2004) noted that no eruptions have occurred during the Holocene.  The volcano has erupted dominantly andesitic to basaltic lava flows and pyroclastic material and has produced pyroclastic flows and lahars.",-38.58,-71.58,2554.0,Pleistocene
357809,Pino Hachado,Caldera,Caldera,Argentina,South America Volcanic Regions,Southern Andean Volcanic Arc,"The Pino Hachado caldera in the Nequén Andes of Argentina was constructed along one of the branches of the major regional Liquine-Ofqui fault system.  The 12-km-wide caldera is 150 m deep.  Following the eruption of dacitic and rhyolitic ignimbrites, post-caldera trachyandesitic lava flows were erupted.  Radiometric dates of about 1.6 and 1.2 million years were obtained on post-caldera rocks. ",-38.679,-70.814,2017.0,Pleistocene
357810,"Trautrén, Cerro",Composite,Stratovolcano(es),Chile-Argentina,South America Volcanic Regions,Southern Andean Volcanic Arc,"Cerro Trautrén in Chile lies at the NW end of an area of Pleistocene volcanism along the Chile/Argentina border.  The high point of the complex, Cerro Norte Divortium, lies along the border SE of Cerro Trautrén, which has K-Ar dates of about 0.8 and 0.5 million years (Lara et al., 2001).",-39.17,-71.4,1846.0,Pleistocene
357812,"Maichín, Cerro",Composite,Stratovolcano,Chile,South America Volcanic Regions,Southern Andean Volcanic Arc,"Lava flows at Cerro Maichín were K-Ar dated at about 0.9 +/- 0.7 million years (Lara et al., 2001).",-39.35,-71.55,,Pleistocene
357813,Quinchilca,Composite,Stratovolcano(es),Chile,South America Volcanic Regions,Southern Andean Volcanic Arc,The Quinchilca complex south of Villarica volcano is a Pleistocene stratovolcano with a caldera and post-caldera lava domes.  A K-Ar date of 0.8 +/- 0.6 million years was obtained by Lara et al. (2001).,-39.68,-72.008,1632.0,Pleistocene
358021,Cuernos del Diablo,Composite,Stratovolcano,Chile,South America Volcanic Regions,Southern Andean Volcanic Arc,"Cuernos del Diablo is a partially glacially eroded basaltic stratovolcano.  Numerous satellitic pyroclastic cones and associated basaltic lava flows were formed during the Holocene, principally on the SW flank and from the summit to the NW base of the volcano. Fumaroles were observed on a flank cone in 1931. Although no historical eruptions are known, some of these cones may have formed during historical time (González-Ferrán, 1995). However, Lara et al. (2001) mapped this volcano as Plio-Pleistocene, and cited a K-Ar age date of 0.7 +/- 0.4 Ma from SERNAGEOMIN-BRGM (1995).",-41.363,-72.005,1846.0,Pleistocene
358058,Rio Murta,Minor,Pyroclastic cone(s),Chile,South America Volcanic Regions,Southern Andean Volcanic Arc,"Basaltic lava flows were emplaced on valley floors along the Río Murta, about 30 km SE of Hudson volcano. The river follows a glacially carved valley cut into granitic rocks of the North Patagonian Batholith. The columnar-jointed lava flows include pillow lavas, lava tubes, and subglacial and sublacustral deposits. They have been considered to be of Holocene age due to lack of erosion and only locally subglacial emplacement. Guivel et al. (2005), however, found that two of three Potassium-Argon dates suggested an age of 850,000-900,00 years, but that a third sample too young to date precisely could be consistent with a Holocene age.",-46.17,-72.708,681.0,Pleistocene
360800,"Vigie, Morne la",Minor,Pyroclastic cone,Haiti,Middle America-Caribbean Volcanic Regions,Greater Antilles Volcanic Arc,"Morne la Vigie, a well-preserved nepheline basaltic scoria cone in the Saut d'Eau area north of Port-au-Prince, was dated at about 1.5 million years and represents the youngest volcanism in Haiti (Wadge and Wooden, 1982; Haiti Bureau of Mines and Energy brochure).",18.78,-72.28,831.0,Pleistocene
360801,Thomazeau,Minor,Pyroclastic cone(s),Haiti,Middle America-Caribbean Volcanic Regions,Greater Antilles Volcanic Arc,"Nepheline basaltic pyroclastic cones near the village of Thomazeau, ENE of Port-au-Prince, represent, along with Morne la Vigie to west, the youngest volcanism in Haiti, dated at about 1.5 million years (Wadge and Wooden, 1982; Haiti Bureau of Mines and Energy brochure).  Three volcanic episodes happened successively at Thomazeau, and morphologically, the youngest cone is well preserved, with an easily distinguished lava flow. ",18.68,-72.08,,Pleistocene
360802,San Juan,Minor,Pyroclastic cone(s),Dominican Republic,Middle America-Caribbean Volcanic Regions,Greater Antilles Volcanic Arc,"Basaltic lava flows of late-Pliocene to late-Pleistocene age up to 10 km long were erupted from scattered cinder cones in the San Juan valley of the western Dominican Republic (Wadge and Wooden, 1982).",18.87,-71.33,,Pleistocene
360803,Dos Hermanos,Cluster,Volcanic field,Dominican Republic,Middle America-Caribbean Volcanic Regions,Greater Antilles Volcanic Arc,"The Cerro los Frailes vent, south of the San Juan Los Pozos fault, is adjacent to Dos Hermanos volcanic field, which consists of lava domes and flows of trachy-andesitic composition and is of late-Pliocene to late-Pleistocene age (Wadge and Wooden, 1982).",18.75,-70.92,,Pleistocene
360804,Valle Nuevo,Cluster,Volcanic field,Dominican Republic,Middle America-Caribbean Volcanic Regions,Greater Antilles Volcanic Arc,"The Valle Nuevo volcanic field, north of the San Juan Los Pozos fault, consists of late-Pliocene to late-Pleistocene age contains rocks of rhyolitic-to-basaltic composition (Wadge and Wooden, 1982).",18.83,-70.67,,Pleistocene
360805,South East Range,Composite,Stratovolcano,Saint Kitts and Nevis,Middle America-Caribbean Volcanic Regions,Lesser Antilles Volcanic Arc,"The South East Range in central St. Kitts is a young volcano with a partly preserved summit crater less than one million years old (Robertson, 2005).  The Ottley's Level and Monkey Hill lava domes lie on the flanks of the volcano.",17.33,-62.77,900.0,Pleistocene
360806,Northern Centres,Composite,Stratovolcano(es),Netherlands,Middle America-Caribbean Volcanic Regions,Lesser Antilles Volcanic Arc,"The Northern Centres volcanic complex consisting of five adjacent volcanic centers forming the NW end of St. Eustatius Island is less than 1 million years old (Smith and Roobol, 2005).",17.508,-62.992,,Pleistocene
360807,Silver Hills,Minor,Lava dome(s),United Kingdom,Middle America-Caribbean Volcanic Regions,Lesser Antilles Volcanic Arc,"The Silver Hills volcanic complex at the northern end of Montserrat was active about 2.58-1.16 million years ago (Hincks et al., 2005).",16.81,-62.194,403.0,Pleistocene
360808,Centre Hills,Minor,Lava dome(s),United Kingdom,Middle America-Caribbean Volcanic Regions,Lesser Antilles Volcanic Arc,"The andesitic Centre Hills lava-dome complex was active about 0.95-0.55 million years ago (Hincks et al., 2005).",16.759,-62.196,741.0,Pleistocene
360809,Septentrional Chain,Minor,Lava dome(s),France,Middle America-Caribbean Volcanic Regions,Lesser Antilles Volcanic Arc,"The Septentrional Chain (Northern Chain) of volcanoes at the NW end of Basse Terre consists of andesitic-to-dacitic lava domes and flows that were active from about 3.5 to 1.2 million years ago (Komorowski et al., 2005).",16.23,-61.72,744.0,Pleistocene
360810,Axial Chain,Composite,Stratovolcano(es),France,Middle America-Caribbean Volcanic Regions,Lesser Antilles Volcanic Arc,"The Axial Chain in central Basse Terre is a 15-km-long chain of stratovolcanoes that were active about 1.25 to 0.45 million years ago (Komorowski et al., 2005).  The youngest eruptions took place at the southern end of the chain, at Sans Toucher volcano.  The Bouillante geothermal field was developed along the coast in submarine volcaniclastic rocks.",16.12,-61.7,1354.0,Pleistocene
360811,Bouillante Chain,Minor,Maar(s),France,Middle America-Caribbean Volcanic Regions,Lesser Antilles Volcanic Arc,"The Bouillante Chain along the west-central coast of Basse Terre consists of a N-S-trending chain of phreatomagmatic craters and offshore submarine cones that were active about 0.8-0.25 million years ago (Komorowski et al., 2005).  The Bouillante geothermal field and numerous submarine hot springs attest to its recent activity.",16.12,-61.75,420.0,Pleistocene
360812,"Caraïbes, Monts",Composite,Stratovolcano,France,Middle America-Caribbean Volcanic Regions,Lesser Antilles Volcanic Arc,"The Monts Caraïbes volcanic complex at the southern tip of Basse Terre was active about 0.5 million years ago (Komorowski et al., 2005). ",15.97,-61.68,687.0,Pleistocene
360813,Terre de Bas,Composite,Stratovolcano(es),France,Middle America-Caribbean Volcanic Regions,Lesser Antilles Volcanic Arc,"Terre de Bas Island, located in the Les Santes Islands off the southern coast of Basse Terre, were active about 1.9-0.6 million years ago (Komorowski et al., 2005). ",15.87,-61.63,274.0,Pleistocene
360814,Foundland,Composite,Stratovolcano,Dominica,Middle America-Caribbean Volcanic Regions,Lesser Antilles Volcanic Arc,"Foundland volcano at the SE tip of Dominica is Pliocene-to-Pleistocene in age.  An andesitic lava flow was K-Ar dated at 1.12 million years (Lindsay et al., 2005a).",15.27,-61.28,960.0,Pleistocene
360815,"Carbets, Pitons de",Composite,Stratovolcano,France,Middle America-Caribbean Volcanic Regions,Lesser Antilles Volcanic Arc,"The Pitons de Carbets volcanic complex SE of Montagne Pelée, was active during the Pliocene and Pleistocene.  The early edifice was cut by a major flank-collapse leaving a breached caldera open to the west, inside which a group of lava domes known as the Pitons were constructed. ",14.7,-61.12,1196.0,Pleistocene
360816,Trois Ilets Peninsula Group,Cluster,Volcanic field,France,Middle America-Caribbean Volcanic Regions,Lesser Antilles Volcanic Arc,"A series of small volcanoes was constructed at the SW tip of Martinique about 1-2 million years ago (Komorowski et al., 2005). This group includes the Rocher du Diamant, a lava-dome remnant forming a small island off the south coast of the peninsula.",14.4642,-61.0552,463.0,Pleistocene
360817,"Garu, Morne",Composite,Stratovolcano,Saint Vincent and the Grenadines,Middle America-Caribbean Volcanic Regions,Lesser Antilles Volcanic Arc,"Morne Garu stratovolcano, south of Soufrière St. Vincent volcano was active during the Pleistocene.  A young Ar-Ar date of 0.011 +/- 0.014 suggests that activity may have overlapped with that of Soufrière St. Vincent volcano (Robertson, 2005b).",13.292,-61.2,1074.0,Pleistocene
360818,Grand Bonhomme,Composite,Stratovolcano,Saint Vincent and the Grenadines,Middle America-Caribbean Volcanic Regions,Lesser Antilles Volcanic Arc,"The Grand Bonhomme volcanic centre, along with adjacent South-East volcanics, form much of the southern half of St. Vincent Island.  K-Ar dates range from 2.5-1.2 million years (Robertson, 2005b).  Pyroclastic cones are found along the southern tip of the island as part of the South-East volcanics and on the western flank of the Grand Bonhomme volcanic centre.",13.22,-61.208,1021.0,Pleistocene
371801,Grensdalur,Composite,Stratovolcano,Iceland,Atlantic Ocean Volcanic Regions,Iceland Neovolcanic Rift Volcanic Province,"The small Grensdalur volcanic system (also known as the Hveragerdi system) lies at the eastern end of the Reykjanes Peninsula, SE of the Hengill volcanic system and south of the Hrómundartindur volcanic system.  Grensdalur is the oldest of the three volcanic systems in the Hengill area and was last active during the Pleistocene.  The Hveragerdi geothermal area contains high- and low-temperature geothermal features that include fumaroles, hot springs and pools, mud pots, and geysers, and provide heat to the town of Hveragerdi.",64.02,-21.17,497.0,Pleistocene
371802,Lyngdalsheidi,Shield,Shield,Iceland,Atlantic Ocean Volcanic Regions,Iceland Neovolcanic Rift Volcanic Province,Interglacial shield volcano (Thorarinsson 1960).,64.15,-20.9,404.0,Pleistocene
371803,Geysir,Composite,Stratovolcano,Iceland,Atlantic Ocean Volcanic Regions,Iceland Neovolcanic Rift Volcanic Province,"The Geysir volcanic system in the Haukadalur valley of SW Iceland consists of an eroded basaltic central volcano and rhyolitic lava domes of Pleistocene age.  Geysers around the world are named for the Geysir geothermal field, which lies SE of the rhyolitic Laugarfjall lava dome and is one of the most frequently visited geological sites in Iceland.  No eruptions are known from the Geysir volcanic system during the Holocene.",64.32,-20.3,700.0,Pleistocene
371804,Hlodufell,Composite,Tuya,Iceland,Atlantic Ocean Volcanic Regions,Iceland Neovolcanic Rift Volcanic Province,Hlödufell is a Pleistocene table mountain located ENE of Skjaldbreidur shield volcano.,64.93,-20.53,1188.0,Pleistocene
371805,Thorisjokull,Shield,Shield,Iceland,Atlantic Ocean Volcanic Regions,Iceland Neovolcanic Rift Volcanic Province,Thorisjökull is a large glacier-covered shield volcano SW of Langjökull volcano.  ,64.53,-20.7,1350.0,Pleistocene
371806,Ok,Shield,Shield,Iceland,Atlantic Ocean Volcanic Regions,Iceland Neovolcanic Rift Volcanic Province,The large Ok shield volcano is topped by a small glacial icecap and lies west of the SW tip of Langjökull and NW of Thorisjökull volcano.,64.62,-20.88,1141.0,Pleistocene
371807,Eríksjokull,Composite,Tuya,Iceland,Atlantic Ocean Volcanic Regions,Iceland Neovolcanic Rift Volcanic Province,Eríksjökull is a large Pleistocene table mountain located north of Prestahnukur volcano and SW of Langjökull volcano.,64.77,-20.4,1675.0,Pleistocene
371808,Hrutfell,Composite,Tuya,Iceland,Atlantic Ocean Volcanic Regions,Iceland Neovolcanic Rift Volcanic Province,Hrútfell is a Pleistocene ice-capped table mountain east of Langjökull.,64.73,-19.72,1396.0,Pleistocene
371809,Blafell,Composite,Tuya,Iceland,Atlantic Ocean Volcanic Regions,Iceland Neovolcanic Rift Volcanic Province,Bláfell is a Pleistocene table mountain located SW of Kerlingarfjöll volcano.,64.492,-19.87,1204.0,Pleistocene
371810,Hreppar,Cluster,Fissure vent(s),Iceland,Atlantic Ocean Volcanic Regions,Iceland Neovolcanic Rift Volcanic Province,Two elongated NE-SW-trending Pleistocene hyaloclastite ridges extend from Kerlingarfjöll volcano in the Hreppar area.,64.42,-19.5,,Pleistocene
372800,Strutur,Composite,Tuya,Iceland,Atlantic Ocean Volcanic Regions,Iceland Neovolcanic Rift Volcanic Province,Strútur is a Pleistocene table mountain located north of Myrdalsjökull.,63.839,-18.932,956.0,Pleistocene
373800,Tungnaarfjoll,Cluster,Fissure vent(s),Iceland,Atlantic Ocean Volcanic Regions,Iceland Neovolcanic Rift Volcanic Province,"An elongated, NW-SE-trending hyaolocasltic ridge of Pleistocene age lies in the Tungnaárfjöll area between the Veidivötn and Laki fissure systems.",64.164,-18.496,983.0,Pleistocene
373801,Kistufell,Composite,Tuya,Iceland,Atlantic Ocean Volcanic Regions,Iceland Neovolcanic Rift Volcanic Province,Kistufell is a Pleistocene table mountain lying NNE of Bardabunga at the margin of Dyngjujökull.,64.781,-17.21,1436.0,Pleistocene
373802,Valdalda,Shield,Shield,Iceland,Atlantic Ocean Volcanic Regions,Iceland Neovolcanic Rift Volcanic Province,Interglacial (Krafft 1974).,64.97,-16.48,941.0,Pleistocene
373803,Herdubreid,Composite,Tuya,Iceland,Atlantic Ocean Volcanic Regions,Iceland Neovolcanic Rift Volcanic Province,"The renowned flat-topped Icelandic table mountain Herdubreid, located NE of Askja volcano, was active until the late Pleistocene.",65.18,-16.35,1682.0,Pleistocene
373804,Sellandafjall,Composite,Tuya,Iceland,Atlantic Ocean Volcanic Regions,Iceland Neovolcanic Rift Volcanic Province,"Sellandafjall is a Pleistocene table mountain that lies south of Lake Myvatn, WSW of Fremrinamar volcano.",65.42,-17.03,988.0,Pleistocene
373805,Blafjall,Composite,Tuya,Iceland,Atlantic Ocean Volcanic Regions,Iceland Neovolcanic Rift Volcanic Province,Bláfjall is a Pleistocene table mountain SE of Lake Myvatn and west of Fremrinamar volcano.,65.43,-16.85,1222.0,Pleistocene
373806,Burfell,Composite,Tuya,Iceland,Atlantic Ocean Volcanic Regions,Iceland Neovolcanic Rift Volcanic Province,Burfell is a Pleistocene table mountain north of Fremrinamar volcano.,65.55,-16.65,953.0,Pleistocene
373807,Fjallgardar Ridge,Cluster,Fissure vent(s),Iceland,Atlantic Ocean Volcanic Regions,Iceland Neovolcanic Rift Volcanic Province,The elongated Fjallfadar Ridge is a Pleistocene hyaloclastite ridge that lies on the Pleistocene ice divide east of Fremrinamar volcano.,65.5,-15.67,1035.0,Pleistocene
373808,Gaesafjoll,Composite,Tuya,Iceland,Atlantic Ocean Volcanic Regions,Iceland Neovolcanic Rift Volcanic Province,The Gaesafjöll table mountain of Pleistocene age lies between Krafla and Theistareykhabunga volcanoes.,65.775,-16.88,882.0,Pleistocene
373809,Lambafjoll,Cluster,Fissure vent(s),Iceland,Atlantic Ocean Volcanic Regions,Iceland Neovolcanic Rift Volcanic Province,The Pleistocene Lambafjöll fissure vents lie west of Theistareykjarbunga volcano.,65.867,-17.133,840.0,Pleistocene
377800,Sigurd,Minor,Explosion crater,Norway,Atlantic Ocean Volcanic Regions,Arctic Ridge Volcanic Province,"Semevskii (1965) considered a Holocene age to be a reasonable  probability for all the young volcanoes on Spitsbetgen, but more detailed glacial and volcanic stratigraphy indicates that Sigurdfjell is an eroded diatreme of similar age to Sverrefjell,which is considered to be between 100,000 and 250,000 years old (Skjelkvale et al., 1989).",79.17,13.5,1100.0,Pleistocene
377801,Halvdan,Minor,Explosion crater,Norway,Atlantic Ocean Volcanic Regions,Arctic Ridge Volcanic Province,"A Holocene age was considered reasonably probable for all the young volcanoes of Spitsbergen by Semevskii (1965), but more detailed glacial and volcanic stratigraphy indicates that Halvdan is an eroded diatreme probably older than Sverrefjell, which is thought to be between 100,000 and 250,000 year old (Skjelkvale et al., 1989).     ",79.33,13.5,834.0,Pleistocene
377802,Sverrefjell,Minor,Pyroclastic cone,Norway,Atlantic Ocean Volcanic Regions,Arctic Ridge Volcanic Province,"Early investigators considered Sverre to be of postglacial age based on its location in a glacially carved valley.  Semevskii (1965) assigned an age between 6,500 and 4,000 years before present (BP) marine terraces. A more detailed study of glacial and volcanic stratigraphy suggests an age between 100,000 and 250,000 BP (Skjelkvale et al., 1989).",79.43,13.3,506.0,Pleistocene
382002,Corvo,Composite,Stratovolcano,Portugal,European Volcanic Regions,Western European Volcanic Province,"The 4 x 6 km island of Corvo is located at the NW end of the Azores archipelago, west of the Mid-Atlantic Ridge. A 2-km-wide caldera on the NW side of the island is the most prominent feature. The caldera floor contains several small cinder cones and two shallow lakes. Scoria cones south of the caldera fed lava flows that underlie the village of Corvo at the southern end of the island; that activity has been dated at 80,000 years ago, the most recent known eruption.",39.699,-31.111,718.0,Pleistocene
384030,Sao Vicente,Composite,Stratovolcano,Cabo Verde,Northern Africa Volcanic Regions,Cape Verde Hotspot Volcano Group,"The 15 x 25 km island of Sao Vicente contains mafic lavas covering prominent peninsulas on the eastern and NE sides (Mitchell-Thome, 1976). The largest indentation on this island with an irregular shoreline is formed by a caldera on the NW coast that is breached by the sea and forms the setting for the port of Mindelo, the island's largest village. No Holocene material has been dated, and as of 2015 scientists in Cape Verde consider it's last activity to have been in the Pleistocene.",16.85,-24.97,725.0,Pleistocene
384800,Santo Antao,Composite,Stratovolcano,Cabo Verde,Northern Africa Volcanic Regions,Cape Verde Hotspot Volcano Group,"The 20 x 40 km dominantly volcanic island of Santo Antao is the NW-most of the Cape Verde Islands. Volcanic activity dates back to the Pliocene and continued into the late Pleistocene. A large 7-km-wide E-facing depression, Cha de Morte, was thought at one point to be a caldera, but was later interpreted as an erosional feature. Much of the island is covered by phonolitic pumice deposits of the Cao Grande Pumice, erupted about 200,000 years ago. The youngest eruptive products are lava flows that originated from vents at Cha de Lagoa in the central part of the island, just south of the NE-SW axial ridge.  The lava flows cover an area of 40 km2 and reached the SE coast just SW of the coastal village of Porto Novo.  These flows were initially considered by Mitchell-Thome (1976) to be Holocene in age based on morphological evidence, but later 40Ar/39Ar dating by Plesner et al. (2003) for these lava flows produced an age of 90,000 +/- 30,000 years.",17.07,-25.17,1979.0,Pleistocene
384801,Sao Nicolau,Composite,Stratovolcano,Cabo Verde,Northern Africa Volcanic Regions,Cape Verde Hotspot Volcano Group,"Sao Nicolau, located the eastern end of an E-W-trending chain of islands in the NW Cape Verde islands, was constructed in four stages dating back to the Pliocene. The last two stages took place during the Pleistocene, and the youngest stage produced scoria cones and lava flows about 50,000 years ago.",16.62,-24.35,1270.0,Pleistocene
385051,Trindade,Composite,Stratovolcano,Brazil,Atlantic Ocean Volcanic Regions,Trindade Hotspot Volcano Group,"The small island of Trindade lies more than halfway between Brazil and the Mid-Atlantic Ridge at the eastern end of the Vitória-Trindade Ridge, an E-W-trending chain of submarine volcanoes and guyots extending about 1,100 km from the continental shelf off the Brazilian coast.  It is a dissected volcanic island with numerous phonolitic lava domes and steep-sided volcanic plugs. The youngest volcanism, at Vulcao de Paredao on the SE tip of the island, constructed a pyroclastic cone with lava flows (Almeida, 1961).  Remnants of the crater of the cinder cone are still preserved.  Lava flows traveled from the cone to the N, where they form an irregular shoreline and offshore islands.  Smaller centers of the latest volcanic stage are found in the Morro Vermelho area in the south-central part of the island.",-20.514,-29.331,600.0,Pleistocene
385801,Martin Vaz,Composite,Stratovolcano,Brazil,Atlantic Ocean Volcanic Regions,Trindade Hotspot Volcano Group,"The Martin Vaz archipelago lies 48 km east of Trindade Island, about 1750 km west of the Mid-Atantic Ridge. A larger islet, Martin Vaz, is adjacent to three smaller ones. K-Ar ages of about 1.5 Ma and less than 0.73 Ma were obtained.",-20.47,-28.85,175.0,Pleistocene
386801,Gough Island,Shield,Shield,United Kingdom,Atlantic Ocean Volcanic Regions,Southern Atlantic Volcano Group,"Gough Island, also known as Diego Alvarez, lies about 340 km SE of the Tristan da Cunha island group.  The shield volcano was active from about 2.5 to 0.13 million years ago.",-40.32,-9.93,910.0,Pleistocene
386800,Inaccessible Island,Composite,Stratovolcano,United Kingdom,Atlantic Ocean Volcanic Regions,Southern Atlantic Volcano Group,"Inaccessible Island, located about 40 km SW of Tristan da Cunha, was Potassium-Argon age dated at 6 +/- 1.5 million years ago (Baker et al., 1964), but more recent dates of about 1 million have been obtained (Cliff et al., 1991). The island is the remnant of a stratovolcano centered about 2 km SW.",-37.303,-12.699,563.0,Pleistocene
390014,Northern Victoria Land,Cluster,Pyroclastic cone(s),Antarctica,Antarctic-Scotia Volcanic Regions,McMurdo Volcanic Province,"A large number of isolated basaltic scoria cones are located throughout Antarctica's northern Victoria Land near the western coast of the Ross Sea, not clearly associated with the larger stratovolcanoes. One lava flow on the southern side of Cosmonaut Glacier, SW of Mount Overlord, spilled onto the glacier and diverted it, but has not yet been removed by erosion or covered by ice. Nathan and Schulte (1968) inferred a possible age for the lava flow of less than a thousand years, but not greater than 50 ka. Potassium-Argon dates from Overlord (see separate volcano entry) indicate an age of about 7 million years (Kyle, 1977, pers. comm.; LeMasurier and Thomson, 1990). There is no clear evidence of Holocene activity from any of these poorly-studied basaltic rocks, called the ""Local Suite"" by Nathan and Shulte (1968).",-73.45,164.58,2987.0,Pleistocene
390024,Waesche,Shield,Shield(s),Antarctica,Antarctic-Scotia Volcanic Regions,Western Antarctica Volcanic Province,"Mount Waesche is the southernmost of a N-S chain of volcanoes in central Marie Byrd Land, 20 km SW of Pliocene Mount Sidley. The Waesche shield was constructed around 1.0 Ma on the SE rim of the 10-km-wide Chang Peak caldera; pre-caldera Chang Peak lavas were erupted about 1.6 Ma. Satellitic cinder cones, some aligned along radial fissures, are located on the SW flank. The youngest dated products suggest a pulse of effusive activity between about 200,000 and 100,000 years ago.",-77.17,-126.88,3292.0,Pleistocene
390025,Siple,Shield,Shield,Antarctica,Antarctic-Scotia Volcanic Regions,Western Antarctica Volcanic Province,"Mount Siple is a shield volcano that forms an island along the Pacific Ocean coast of Antarctica's Marie Byrd Land. The massive 1,800 km3 volcano is truncated by a 4-5 km summit caldera and is ringed by tuff cones at sea level. A possible eruption cloud observed on satellite images on 18 September and 4 October 1988 was considered to result from atmospheric effects, after low-level aerial observations revealed no evidence of recent eruptions. Trachytic rocks at the summit have been Ar-Ar dated to about 227,000 and 169,000 years old.",-73.43,-126.67,3110.0,Pleistocene
390026,Toney Mountain,Shield,Shield,Antarctica,Antarctic-Scotia Volcanic Regions,Western Antarctica Volcanic Province,"Toney Mountain in east-central Marie Byrd Land is a 50-km-long volcanic massif with a 3-km-wide summit caldera and several satellitic cinder cones. Several small cinder cones occur along the crest of the massif, which is almost entirely covered by glaciers. A felsic sample from the summit area gave a Potassium-Argon date of 500,000 years.",-75.8,-115.83,3595.0,Pleistocene
390029,Peter I Island,Shield,Shield,Antarctica,Antarctic-Scotia Volcanic Regions,Western Antarctica Volcanic Province,"The 11 x 19 km Peter I Island in the Bellingshausen Sea opposite Ellsworth Land is a shield-like volcano with a 100-m-wide circular crater at its summit.The island was discovered by the Russian explorer Bellingshausen in 1821; extensive summer pack ice and its isolated location far from regular shipping lanes have restricted visits. Dated samples range from 350,000 to 100,000 years old (Prestvik et al. 1990).",-68.85,-90.58,1640.0,Pleistocene
390050,Seal Nunataks Volcanic Field,Cluster,Pyroclastic cone(s),Antarctica,Antarctic-Scotia Volcanic Regions,Antarctic Peninsula Volcanic Province,"The Seal Nunataks are a group of 16 isolated nunataks emerging from the Larsen Ice Shelf east of Graham Land Peninsula. Most of the larger nunataks are considered to represent separate volcanic vents erupted in a shallow-water environment. Fumarolic activity was reported from Murdoch and Dallman cones in 1982, and fresh-looking pyroclastics and a lava flow at Dallman (not observed in 1979) were seen on the ice surface three years later (González-Ferrán, 1983). Fumarolic activity was observed at Christensen in 1893, and Lindenberg was observed in eruption in 1893. Baker (1968) saw cinders on the ice surface, suggesting a 20th-century eruption, and similar observations were reported in 1985 and 2010, but these events may have been due to aeolian tephra redistribution. A 1988 British expedition noted that tephra away from nunataks was found only in ice-cored moraines, suggesting a glacial rather than pyroclastic origin. They noted no fumarolic activity, although water vapor resulting from radiant heating of ice-cored moraines was observed.",-65.03,-60.05,368.0,Pleistocene
390810,Gaussberg,Minor,Cone,Antarctica,Somalian-Antarctic Volcanic Regions,Eastern Antarctica Volcanic Province,"Gaussgberg is an ice-free conical mountain composed primarily of subglacial eruptive products.  No vent has been located and its present morphology is thought to result from glacial and subaerial erosion of a once-larger mountain that was formed about 55,000 years ago (LeMasurier and Thomson 1990).     ",-66.78,89.3,370.0,Pleistocene
390811,Adare Peninsula,Shield,Shield(s),Antarctica,Antarctic-Scotia Volcanic Regions,McMurdo Volcanic Province,"The Adare Peninsula is a complex of overlapping shield volcanoes forming the northernmost volcanic pile of the Hallet Volcanic Province.  Hamilton (1972) considered uneroded cinder cones at Cape McCormick to be of Holocene age, but similar-looking Antarctic cones have proved to be as old as Tertiary.  Most Potassium-Argon dates for the Adare Peninsula range from 6-13 million years ago (Ma), but one possibly anomalous date of 1.14 Ma was obtained, and a sample from Cape Roget was dated at 2.27 Ma (LeMasurier and Thomson, 1990).    ",-71.7,170.6,2083.0,Pleistocene
390812,"Rittmann, Mount",Shield,Shield,Antarctica,Antarctic-Scotia Volcanic Regions,McMurdo Volcanic Province,"Mount Rittmann, a roughly 8 x 5 km caldera under the Aviator Glacier in the Melbourne Volcanic Province, has been dated at between about 4 and 0.07 million years ago (Martin et al., 2010). Active fumaroles, heated ground, and ice and snow hummocks occur near the caldera rim.",-73.45,165.5,2600.0,Pleistocene
390844,Franklin Island,Shield,Shield,Antarctica,Antarctic-Scotia Volcanic Regions,McMurdo Volcanic Province,"Franklin Island is a 2 x 7.6 km remnant of a shield volcano whose vent was located to the east. IAVCEI (1973) assigns a Quaternary age. The only radiometric date available is a Potassium-Argon date of 4.8 +/- 2.0 Ma (LeMasurier and Thomson 1990). Bathymetric mapping in 2004 identified the Franklin Volcanic Field, a regional high with clusters of submarine cones extending 80 km long and up to 40 km wide (Smith, 2004).",-76.17,168.38,247.0,Pleistocene
390845,Beaufort Island,Composite,Stratovolcano,Antarctica,Antarctic-Scotia Volcanic Regions,McMurdo Volcanic Province,Beaufort Island is an eroded remnant of a Quaternary volcano (Calkin and Nichol 1972). LeMasurier and Thomson (1990) indicate its age is unknown.,-76.98,167.02,740.0,Pleistocene
390813,Terror,Shield,Shield,Antarctica,Antarctic-Scotia Volcanic Regions,McMurdo Volcanic Province,"Mount Terror is a large basaltic shield volcano forming the eastern portion of Ross Island with numerous pyroclastic cones and lava domes. The youngest dated rocks are 0.82 million years ago (Ma) from the lower slopes of Terror and 0.8 Ma from the summit of Terra Nova, a large basaltic cone on the W flank (LeMasurier and Thomson, 1990).",-77.52,168.55,3262.0,Pleistocene
390819,Taylor Valley,Minor,Pyroclastic cone(s),Antarctica,Antarctic-Scotia Volcanic Regions,McMurdo Volcanic Province,"Taylor Valley contains numerous basaltic cinder cones, the youngest of which is Potassium-Argon dated 1.57 million years ago. Similar Pliocene volcanism took place in the Wright Valley to the north (LeMasurier and Thomson 1990).",-77.748,161.526,1489.0,Pleistocene
390820,Bursey,Shield,Shield(s),Antarctica,Antarctic-Scotia Volcanic Regions,Western Antarctica Volcanic Province,"Two coalescing shield volcanoes with 4-5 km diameter summit calderas, Hutt Peak on the east and Koerner Bluff on the west, form Mount Bursey. Potassium-Argon dates indicate both volcanoes were constructed during the Miocene; the youngest dated rock is 490,000 years old, from a cone on the Hutt Peak caldera rim (LeMasurier and Thomson, 1990).",-76.0,-132.67,2787.0,Pleistocene
390821,Obiglio,Minor,Pyroclastic cone,Antarctica,Antarctic-Scotia Volcanic Regions,Western Antarctica Volcanic Province,"Mt. Obiglio is a strombolian-phreatomagmatic cone on Grant Island with a Potassium-Argon date of 0.51 million years ago (LeMasurier and Thomson, 1990).",-74.458,-131.848,488.0,Pleistocene
390822,Shepard Island,Minor,Tuff cone(s),Antarctica,Antarctic-Scotia Volcanic Regions,Western Antarctica Volcanic Province,Shepard Island consists of a group of tuff cones and a possible lava dome.  The youngest dated rock at Worley Point has a Potassium-Argon date of 0.42 million years ago (LeMasurier and Thomson 1990).      ,-74.424,-132.55,487.0,Pleistocene
390823,Crary Group,Cluster,Shield(s),Antarctica,Antarctic-Scotia Volcanic Regions,Western Antarctica Volcanic Province,"The Crary Mountains consist of two large shield volcanoes, Mount Frakes and Mount Steere, and the smaller Mount Rees and Boyd Ridge volcanoes. Mount Steere is dissected, but the younger Mount Frakes is relatively undissected has had flank vent activity as late as 1.7 million K-Ar years ago (LeMasurier and Thomson, 1990).",-76.767,-117.717,3654.0,Pleistocene
390824,Murphy,Shield,Shield,Antarctica,Antarctic-Scotia Volcanic Regions,Western Antarctica Volcanic Province,"Mount Murphy is a glacially dissected basaltic-trachytic shield volcano that formed during the Miocene. A Potassium-Argon date on a cone of 900,000 years indicates that flank activity resumed much later during the Pleistocene (LeMasurier, 1972; LeMasurier et al., 1990).",-75.37,-110.67,2703.0,Pleistocene
390825,Beethoven Peninsula,Cluster,Volcanic field,Antarctica,Antarctic-Scotia Volcanic Regions,Western Antarctica Volcanic Province,The Beethoven Peninsula contains nine nunataks consisting of basaltic lava flows and associated hyaloclastites.  No primary volcanic edifice is preserved and it is not clear whether the exposures represent individual volcanic vents or a volcanic field.  The youngest dated rocks are less than one million years old (LeMasurier and Thomson 1990).     ,-71.55,-73.42,1050.0,Pleistocene
390826,Brabant Island,Cluster,Volcanic field,Antarctica,Antarctic-Scotia Volcanic Regions,Antarctic Peninsula Volcanic Province,"Isolated exposures of the Bahia Bouquet Formation occur on Brabant Island; a Potassium-Argon date of less than 1 million years was obtained from a rock at the northern end of the island. The region has been poorly studied (LeMasurier and Thomson, 1990).     ",-64.28,-62.33,2522.0,Pleistocene
390814,Hut Point Peninsula,Cluster,Pyroclastic cone(s),Antarctica,Antarctic-Scotia Volcanic Regions,McMurdo Volcanic Province,"Hut Point Peninsula consists of a 20-km-long line of basaltic scoria cones south of Erebus. Potassium-Argon dates range from 1.34 to 0.44 million years ago (LeMasurier and Thomson, 1990). Martin et al. (2010) listed a 0.5 Ma date.",-77.75,166.75,431.0,Pleistocene
390815,White Island,Shield,Shield(s),Antarctica,Antarctic-Scotia Volcanic Regions,McMurdo Volcanic Province,White Island is a mostly ice-covered volcanic complex at the northern end of the island consisting of two shield volcanoes and overlying pyroclastic cones. The youngest Potassium-Argon date obtained was 0.17 million years ago and there is no evidence of Holocene activity.,-78.17,167.5,762.0,Pleistocene
390816,Black Island,Minor,Pyroclastic cone(s),Antarctica,Antarctic-Scotia Volcanic Regions,McMurdo Volcanic Province,"A series of basaltic pyroclastic cones and trachytic lava domes form Black Island, in the Ross Sea west of White Island. Potassium-Argon dates of 3.4 Ma were obtained (LeMasurier and Thomson 1990).  Martin et al. (2010) reported dates of 3.8-1.69 million years.",-78.22,166.33,1041.0,Pleistocene
390817,Transantarctic Mountain Foothills,Minor,Unknown,Antarctica,Antarctic-Scotia Volcanic Regions,McMurdo Volcanic Province,"Volcanic rocks in the Transantarctic Mountain Foothills have been radiometrically dated at between 14 and 0.9 million years (Martin et al., 2010).",-78.0,163.83,,Pleistocene
390818,Mason Spur,Cluster,Lava dome(s),Antarctica,Antarctic-Scotia Volcanic Regions,McMurdo Volcanic Province,"An older trachytic volcanic complex at Mason Spur is overlain by a younger sequence consisting of a trachytic dome, tuff rings, and numerous basanite and tephrite cinder cones. Several lava flows drape over the bluffs, and may be less than 100,000 years old (LeMasurier and Thomson, 1990).",-78.58,164.37,,Pleistocene
390827,Livingston-Greenwich Islands,Minor,Tuff cone(s),Antarctica,Antarctic-Scotia Volcanic Regions,South Shetlands Volcanic Arc,"Several small eroded tuff cones remnants and volcanic plugs are located on northern Livingston and Greenwich Island. Dated samples from two location are younger than 500,000 years ago (LeMasurier and Thomson, 1990).     ",-62.52,-60.02,530.0,Pleistocene
390828,Tabarin Peninsula,Shield,Shield?,Antarctica,Antarctic-Scotia Volcanic Regions,Antarctic Peninsula Volcanic Province,"Extensive plateau basalts on the southern Tabarin Peninsula may have erupted from fissures, small centers, or a large shield volcano. Basalts and tuff breccias are also found on Jonassen, Andersson, Rosamel and Dundee Islands. The only radiometric ages are 1.1 and 0.9 million years ago from rocks on the Tabarin Peninsula (LeMasurier and Thomson, 1990).",-63.6,-57.0,730.0,Pleistocene
390830,Argo Point,Minor,Pyroclastic cone,Antarctica,Antarctic-Scotia Volcanic Regions,Antarctic Peninsula Volcanic Province,"Argo Point is a small scoria cone on the Jason Peninsula for which Potassium-Argon dates of 1.4 and 0.9 million years ago have been obtained (LeMasurier and Thomson, 1990).      ",-66.25,-60.92,360.0,Pleistocene
422820,Lenderut,Caldera,Caldera,Kenya,Eastern Africa Volcanic Regions,Kenyan Rift Volcanic Province,"Mapped as Pleistocene (Guth and Wood, 2014).",-2.095,36.285,1225.0,Pleistocene
422821,Shombole,Minor,Cone,Kenya,Eastern Africa Volcanic Regions,Kenyan Rift Volcanic Province,"Mapped as Pleistocene (Guth and Wood, 2014).",-2.131,36.1,1527.0,Pleistocene
590835,Discovery,Composite,Stratovolcano,Antarctica,Antarctic-Scotia Volcanic Regions,McMurdo Volcanic Province,"Mount Discovery is central volcano that formed about 5.3 million Potassium-Argon years ago. The youngest parastic cones have been dated at about 1.87 million years ago (LeMasurier and Thomson, 1990).",-78.374,165.015,2578.0,Pleistocene
331200,Bowie Seamount,Minor,Lava dome,Canada,Eastern Pacific Volcanic Regions,Kodiak-Bowie Hotspot Volcano Group,"Final volcanism post-dates the 18,000 years before present upper marine terrace, and is thought to have continued into postglacial time (Herzer, 1971).      ",53.3,-135.65,-30.0,Pleistocene
331100,Tuzo Wilson Knolls,Minor,Lava dome?,Canada,Eastern Pacific Volcanic Regions,Kodiak-Bowie Hotspot Volcano Group,"Volcanic rocks from the Tuzo Wilson Knolls were most likely erupted since a drop in the sedimentation rate following sea level rise at end of the last glaciation. They are considered to be the current location of a hotspot that formed the Kodiak-Bowie seamount chain (Chase, 1977). A Potassium-Argon date of 55,000 +/- 55,000 years before present was obtained by Cousens et al. (1985).",51.38,-131.03,-1400.0,Pleistocene
214808,Dzau,Cluster,Fissure vent,Georgia,Arabia-Central Asia Volcanic Regions,Caucasus Volcanic Province,"The Dzau (Java) volcanic center produced fissure eruptions of andesitic lavas between 200 and 100 ka (Chernyshev et al, 2002).",42.404,44.004,1904.0,Pleistocene
331025,Vance Segment,Cluster,Fissure vent,Undersea Features,Eastern Pacific Volcanic Regions,Northeast Pacific Rifts Volcanic Province,"The entire Juan de Fuca Ridge is an active spreading center, though there have been no eruptions observed or dates along the Vance Segment. This segment lies between Cleft Segment (the southern-most of the JdfR) to the south, and Axial Seamount to the north.",45.3,-130.1,-1985.0,Pleistocene
331033,Central Segment,Cluster,Fissure vent,United States,Eastern Pacific Volcanic Regions,Northeast Pacific Rifts Volcanic Province,Central Gorda Ridge between the Jackson Segment to the N and the Phoenix Segment to the S.,41.78,-127.109,-3300.0,Pleistocene
331034,Phoenix Segment,Cluster,Fissure vent,United States,Eastern Pacific Volcanic Regions,Northeast Pacific Rifts Volcanic Province,Southern Gorda Ridge segment just N of the Escanaba Segment.,41.404,-127.38,-3000.0,Pleistocene
261823,"Simacak, Uruk",Composite,Stratovolcano,Indonesia,Sunda-Banda Volcanic Regions,Sunda Volcanic Arc,"Converted from subfeature of Singkut caldera. Mapped as part of the Pliocene-Pleistocene QTvk unit (see Harahap, 2011; Aldiss et al., 1983; Cameron et al., 1982).",3.237,98.433,1908.0,Pleistocene
261824,Barus,Composite,Stratovolcano,Indonesia,Sunda-Banda Volcanic Regions,Sunda Volcanic Arc,"Converted from subfeature of Singkut caldera. Mapped as part of the late Pleistocene Qvbr unit of andesitic lavas and pyroclastics (see Harahap, 2011; Aldiss et al., 1983; Cameron et al., 1982).",3.204,98.564,1969.0,Pleistocene
283898,Dorobu,Caldera,Caldera,Japan,Northwestern Pacific Volcanic Regions,Northeast Japan Volcanic Arc,"The Dorobu caldera, 13 x 6 km in diameter, is located within the southern part of NE Honshu about 10 km W of Takaharayama volcano. Miura and Tamai (1998) note that many other volcanoes formed during the late Miocene-Pliocene are within a 40 x 40 km area known as the Minami-Aizu geothermal field, including Okukinu, Kawaji, Yunishigawa, Tokusa, Yaso, Sannotoge, and Furumachi. Based on K-Ar ages, Dorobu is thought to have been active from the early Pliocene into the Pleistocene (5.59-1.79 Ma).",36.898,139.579,1322.0,Pleistocene
284144,Kasuga 3,Composite,Stratovolcano,United States,Northwestern Pacific Volcanic Regions,Mariana Volcanic Arc,"Kasuga 3 is the southern-most of three volcanoes forming the Kasuga seamount chain, which trends SSW from the volcanic front of the Izu-Marianas arc. Embley et al. (2004) found no evidence of continuing hydrothermal activity.",21.399,143.626,-1325.0,Pleistocene
284145,Eifuku,Composite,Stratovolcano,United States,Northwestern Pacific Volcanic Regions,Mariana Volcanic Arc,Seamount N of Daikoku in the northern Marianas Arc.,21.409,144.161,-551.0,Pleistocene
232812,East Neh,Minor,Unknown,Iran,Arabia-Central Asia Volcanic Regions,Central Asia Volcanic Province,"Walker et al. (2009) dated basalts along the East Neh fault at 1.45-1.75, 1.69-1.79, and 4.71-4.91 Ma. Volcanic deposits are strung out along perhaps 50 km on either side of the fault.",31.333,60.126,,Pleistocene
351001,San Diego,Minor,Maar,Colombia,South America Volcanic Regions,Northern Andean Volcanic Arc,"Although the San Diego maar has been known and described by Servicio Geologico Colombiana, along with dating by Toro (1988) that placed the most recent activity in the late Pleistocene-early Holocene, work by Borrero et al. (2016) provides a more comprehensive understanding of this volcano. The NNE-elongated crater is about 1.5 x 2.1 km and contains a lake about 230 m below the crater rim. A cone feature located immediately NE of the maar is the remains of a dacitic dome with landslides on the flanks. They determined that the volcanic features were all the result of a single monogenetic eruptive period that began with the vent opening and incremental growth of the original crater, followed by additional widening of the maar. Effusion of the dome was the last stage of active volcanism. A paleosol below the young maar sequence was 14C dated at 20,056 ± 93 years cal BP, and the dome was slightly younger at 18 ka BP based on fission track dating of apatite.",5.65,-74.961,1163.0,Pleistocene
351002,"Escondido, El",Minor,Lava dome,Colombia,South America Volcanic Regions,Northern Andean Volcanic Arc,"Identified by the Servicio Geologico Colombiano in a press release in February 2015, this area of a partially collapsed crater and lava domes is covered in thick vegetation. SGC scientists tentatively estimated that the last eruption was 30 ka, but noted that there are hot springs in the area.",5.514,-75.043,1620.0,Pleistocene
213023,Etrusk,Composite,Stratovolcano,Turkiye,Arabia-Central Asia Volcanic Regions,Central Anatolian Volcanic Province,"As described by Oyan et al. (2010), the Pliocene Etrüsk volcano is one of the major volcanic centers of eastern Anatolia, just NE of Lake Van. There is a ~5-km-wide open caldera near the center of the volcano, with the Pleistocene Karniyak scoria cone about 11 km away on the SW flank near the lake. K-Ar age determinations by Oyan et al. (2010) indicate that the main volcanic edifice was formed between 4.3 and 3.9 Ma, ending with caldera collapse. Between ~1 and 0.43 Ma, basalts erupted from the SW flank, predominantly from a ~N-S extending fissure, as well as from Karniyarik hill and a maar-shaped volcanic center (Düzgeyikçukuru). Lebedev et al. (2009) noted that the youngest dated trachybasalt from Karniyarek was 360 +/- 6 ka.",39.032,43.66,3100.0,Pleistocene
335040,Pacific-Antarctic Ridge at 50.5°S,Minor,Cone,Undersea Features,Southern Pacific Volcanic Regions,Pacific-Antarctic Ridge Volcanic Province,"A basalt dredge sample Ar-Ar dated by Koppers et al. (2004) was 1.110 +/- 0.055 Ma. This seamount is about 90 km NW of Lonsdale Seamount and 400 km N of the Hollister Ridge 1991 acoustic signal location. It is near the extreme eastern end of the Louisville Seamount Chain where it intersects the Pacific-Antarctic Ridge, near where some models locate the Louisville hotspot (Vlastelic and Dosso, 2005).",-50.457,-139.154,-594.0,Pleistocene
241129,Rumble II East,Composite,Stratovolcano,New Zealand,Tonga-Kermadec Volcanic Regions,Southern Kermadec Volcanic Arc,,-35.418,178.652,-1150.0,Pleistocene
241133,Thompson,Composite,Stratovolcano,New Zealand,Tonga-Kermadec Volcanic Regions,Southern Kermadec Volcanic Arc,,-35.285,178.863,-1250.0,Pleistocene
241134,Silent II West,Composite,Stratovolcano,New Zealand,Tonga-Kermadec Volcanic Regions,Southern Kermadec Volcanic Arc,,-35.169,178.902,-780.0,Pleistocene
241135,Silent II East,Composite,Stratovolcano,New Zealand,Tonga-Kermadec Volcanic Regions,Southern Kermadec Volcanic Arc,,-35.21,178.978,-1250.0,Pleistocene
241141,Yokosuka,Composite,Stratovolcano,New Zealand,Tonga-Kermadec Volcanic Regions,Southern Kermadec Volcanic Arc,,-34.709,178.545,-1060.0,Pleistocene
241142,Rapuhia,Composite,Stratovolcano,New Zealand,Tonga-Kermadec Volcanic Regions,Southern Kermadec Volcanic Arc,,-34.776,178.505,-650.0,Pleistocene
241143,Giljanes,Composite,Stratovolcano,New Zealand,Tonga-Kermadec Volcanic Regions,Southern Kermadec Volcanic Arc,,-34.775,178.579,-700.0,Pleistocene
241151,Kibblewhite,Composite,Stratovolcano,New Zealand,Tonga-Kermadec Volcanic Regions,Southern Kermadec Volcanic Arc,,-34.576,179.262,-1000.0,Pleistocene
241200,Sonne,Composite,Stratovolcano,New Zealand,Tonga-Kermadec Volcanic Regions,Middle Kermadec Volcanic Arc,,-34.077,179.576,-995.0,Pleistocene
241201,Ngatoroirangi,Composite,Stratovolcano,New Zealand,Tonga-Kermadec Volcanic Regions,Middle Kermadec Volcanic Arc,,-33.729,179.827,-340.0,Pleistocene
241203,Kuiwai,Composite,Stratovolcano,New Zealand,Tonga-Kermadec Volcanic Regions,Middle Kermadec Volcanic Arc,,-33.159,-179.957,-560.0,Pleistocene
241204,Haungaroa,Composite,Stratovolcano,New Zealand,Tonga-Kermadec Volcanic Regions,Middle Kermadec Volcanic Arc,,-32.617,-179.624,-660.0,Pleistocene
241205,Oliver-Speight,Composite,Complex,New Zealand,Tonga-Kermadec Volcanic Regions,Middle Kermadec Volcanic Arc,,-32.388,-179.591,-1840.0,Pleistocene
242031,Hinetapeka,Composite,Stratovolcano,New Zealand,Tonga-Kermadec Volcanic Regions,Northern Kermadec Volcanic Arc,,-28.831,-177.826,-140.0,Pleistocene
242032,Volcano OP,Composite,Stratovolcano,New Zealand,Tonga-Kermadec Volcanic Regions,Northern Kermadec Volcanic Arc,,-28.218,-177.692,-875.0,Pleistocene
242040,Putoto,Composite,Stratovolcano,New Zealand,Tonga-Kermadec Volcanic Regions,Northern Kermadec Volcanic Arc,"Seamount in the northern Kermadec arc, about 160 km N of Raoul Island.",-27.857,-177.621,-260.0,Pleistocene
242041,Volcano Q,Composite,Stratovolcano,New Zealand,Tonga-Kermadec Volcanic Regions,Northern Kermadec Volcanic Arc,,-27.468,-177.506,-1200.0,Pleistocene
242042,Gamble,Composite,Stratovolcano,New Zealand,Tonga-Kermadec Volcanic Regions,Northern Kermadec Volcanic Arc,,-27.2,-177.41,-900.0,Pleistocene
242043,Rakahore,Composite,Stratovolcano,New Zealand,Tonga-Kermadec Volcanic Regions,Northern Kermadec Volcanic Arc,,-26.81,-177.4,-640.0,Pleistocene
242044,Hinepuia,Composite,Stratovolcano,New Zealand,Tonga-Kermadec Volcanic Regions,Northern Kermadec Volcanic Arc,,-26.39,-177.26,-850.0,Pleistocene
241202,Cole,Composite,Stratovolcano,New Zealand,Tonga-Kermadec Volcanic Regions,Middle Kermadec Volcanic Arc,,-33.411,179.953,-2400.0,Pleistocene
272805,Hingatungan,Composite,Stratovolcano,Philippines,Western Pacific Volcanic Regions,Eastern Philippine Volcanic Arc,"Undated Quaternary volcano mapped as Quaternary immediately N of Silago (Sajona et al., 1997).",10.594,125.101,796.0,Pleistocene
272806,Lobi,Composite,Stratovolcano,Philippines,Western Pacific Volcanic Regions,Eastern Philippine Volcanic Arc,Mapped as Quaternary by Sajona et al. (1997). Listed as inactive by PHIVOLCS.,11.013,124.812,1302.0,Pleistocene
272807,Pacdahauan,Unknown,Unknown,Philippines,Western Pacific Volcanic Regions,Eastern Philippine Volcanic Arc,Volcanic features mapped as Quaternary by Sajona et al. (1997) on the Leyte Island peninsula south of Biliran Island.,11.404,124.509,628.0,Pleistocene
221824,Undurer,Composite,Stratovolcano,Ethiopia,Eastern Africa Volcanic Regions,Afar Rift Volcanic Province,"Lahitte et al. (2003b) noted that ""Despite poor constraints on timing of emplacement, Undurer and Babb-Olou volcanoes seem to have been more or less contemporaneous, erupting about 2 Myr ago....""",12.171,41.396,1242.0,Pleistocene
221825,Babba'Olou,Composite,Stratovolcano,Djibouti,Eastern Africa Volcanic Regions,Afar Rift Volcanic Province,"Lahitte et al. (2003b) noted that ""Despite poor constraints on timing of emplacement, Undurer and Babba'Olou volcanoes seem to have been more or less contemporaneous, erupting about 2 Myr ago....""",11.55,42.133,1301.0,Pleistocene
231073,"Baqarah, Jabal",Minor,Cone,Saudi Arabia,Arabia-Central Asia Volcanic Regions,Southwest Arabia Volcanic Province,"This isolated cone surrounded by lava flows about 18 km NE of the southern part of the Harrat al Birk field was considered to be similar in age to Jibal Haylah (54 km N), dated as Pleistocene by Coleman et al. (1983).",18.024,42.092,331.0,Pleistocene
211822,Gaeta Bay Volcanic Field,Cluster,Volcanic field,Italy,European Volcanic Regions,Italian Peninsula Volcanic Provinces,"The Gaeta Bay Volcanic Field consists of a group of eight buried submarine volcanoes of early to mid-Pleistocene age (Torrente and Milia, 2013). This volcanism is generally characterized by thick lava flows and volcaniclastic deposits. The entire volcanic field is up to 1,500 m thick. Volcanic activity in the Gaeta Bay and surrounding regions was largely fault bounded, where extension and subsidence controlled the emplacement and displacement of most of the volcanic centers (Torrente and Milia, 2013). These volcanic centers developed between 400,000 and 100,000 years ago. The extension and volcanism responsible for the volcanic field migrated eastward with time, towards the Campi Flegrei (Torrente and Milia, 2013).
",40.978,13.663,,Pleistocene
315809,Skookum Creek,Cluster,Lava dome(s),United States,North America Volcanic Regions,Wrangell Volcanic Arc,"The Alaska Volcano Observatory describes this volcano as follows, from Miller and Richter (1994): ""The Skookum Creek eruptive center is an erosionally dissected complex that may, in part, be as young as Quaternary. It consists principally of a series of rhyolite, rhyodacite, and andesite domes and their associated pyroclastic deposits, with an age of about 3.7 Ma, and an extensive sequence of relatively flat-lying andesite flows, some of which have been dated at 2.8 Ma (Lowe and others, 1982). Both the domes and the flows are intruded by a few rhyodacite and andesitic dikes that appear to originate from a rhyodacite dome near the center of the complex. Relations between the volcanic units of the complex suggest that the flat-lying flows fill a caldera that is defined by the crude arcuate alignment of the domes.""",62.4,-143.147,2172.0,Pleistocene
224060,Jos Plateau,Cluster,Volcanic field,Nigeria,Northern Africa Volcanic Regions,Western Africa Volcanic Province,"Volcanic features on the Jos Plateau include domes, single vents, and clusters of 3-4 cones aligned mainly NW-SE (Lar et al., 2013). Preliminary K-Ar dating of volcanic features reported by Lar et al. (2013) showed an age range of 2.5-1.34 Ma.",9.5,9.0,1177.0,Pleistocene
224012,Kumba Volcanic Field,Cluster,Volcanic field,Cameroon,Northern Africa Volcanic Regions,Western Africa Volcanic Province,"Volcanic field SW of Tombel Graben and NNE of Mount Cameroon (within rectangular area of 4°48'15""N, 9°30'E and 4°24'15""N, 9°5'E). This area is known for the maar lakes Barombe Mbo, Barombi Koto, and Mboandong.",4.608,9.292,600.0,Pleistocene
320135,Baldface Mountain,Cluster,Volcanic field,Canada,North America Volcanic Regions,Interior Western Canada Volcanic Province,"The Baldface Mountain Volcanic Field is part of the Anahim Volcanic Belt in central Britich Columbia, between the Itcha Range and Nazko Cone. The youngest Ar-Ar age found by Kuehn et al. (2015) was 0.91 Ma from a hawaaite flow 6 km SE of Baldface Mountain.",52.742,-124.458,1798.0,Pleistocene
284086,Nichiyo Seamount,Composite,Stratovolcano,Japan,Northwestern Pacific Volcanic Regions,Ogasawara Volcanic Arc,"Nichiyo, one of the Shichiyo Seamounts, named for the seven days of the week (""Sunday""), lies south of Sofugan volcano. No hydrothermal activity or other unrest has been noted here, but it is assumed to be at least Pleistocene.",29.482,140.327,-1042.0,Pleistocene
284087,Getsuyo Seamount,Composite,Stratovolcano,Japan,Northwestern Pacific Volcanic Regions,Ogasawara Volcanic Arc,"Getsuyo, one of the Shichiyo Seamounts, named for the seven days of the week (""Monday""), lies south of Sofugan volcano. No hydrothermal activity or other unrest has been noted here, but it is assumed to be at least Pleistocene.",29.306,140.471,-1095.0,Pleistocene
284088,Kayo Seamount,Composite,Stratovolcano,Japan,Northwestern Pacific Volcanic Regions,Ogasawara Volcanic Arc,"Kayo, one of the Shichiyo Seamounts, named for the seven days of the week (""Tuesday""), lies south of Sofugan volcano. No hydrothermal activity or other unrest has been noted here, but it is assumed to be at least Pleistocene. ",29.064,140.537,-814.0,Pleistocene
284089,Kinyo Seamount,Composite,Stratovolcano,Japan,Northwestern Pacific Volcanic Regions,Ogasawara Volcanic Arc,"Kinyo, one of the Shichiyo Seamounts, named for the seven days of the week (""Friday""), lies south of Sofugan volcano. No hydrothermal activity or other unrest has been noted here, but it is assumed to be at least Pleistocene.",28.084,140.802,-838.0,Pleistocene
243015,Ata Volcanic Complex,Composite,Unknown,Tonga,Tonga-Kermadec Volcanic Regions,Tofua Volcanic Arc,Volcanic features associated with 'Ata Island.,-22.337,-176.21,274.0,Pleistocene
264843,Sangenges,Composite,Stratovolcano,Indonesia,Sunda-Banda Volcanic Regions,Sunda Volcanic Arc,"Sangenges (also known as Puncak Ngenges) was mapped as Pleistocene to early Holocene by Garvin (2002, shown in Khant et al., 2013). Edifices immediately NE (Sesset) and SE (Batu Lanteh) are interpreted as Miocene-Pliocene features. This volcanic group forms the northern part of western Sumbawa, in the West Nusa Tenggara province of Indonesia. The 7-km-diameter caldera is open to the NNW.",-8.58,117.122,1824.0,Pleistocene
264845,Tarowa,Caldera,Caldera,Indonesia,Sunda-Banda Volcanic Regions,Sunda Volcanic Arc,"A geological map by Garvin (2002, shown in Khant et al., 2013) identifies this Tarowa as late Pliocene-early Pleistocene. This volcano is in the center of Sumbawa and includes an eroded caldera about 3.5 x 5 km, open to the SSW.",-8.704,118.161,755.0,Pleistocene
261285,Pesawaran-Ratai,Composite,Stratovolcano,Indonesia,Sunda-Banda Volcanic Regions,Sunda Volcanic Arc,"Named for the two high points on the crater rim, the Pesawaran-Ratai edifice was probably a typical stratovolcanic cone that appears to have collapsed to the north, where the crater has breached. The volcano and surrounding area has been mapped as Quaternary on Indonesian geological maps (Mangga 1994, Suharno et al., 2015). Hot springs and geysers are present on the S flank (Suharno et al., 2015).",-5.505,105.093,1575.0,Pleistocene
355065,Inacalari,Composite,Stratovolcano,Chile-Bolivia,South America Volcanic Regions,Central Andean Volcanic Arc,The andesitic stratovolcano Cerro Inacalari is located about 25 km SE of Cerro del Azufre along the Chile-Bolivia border. Satellite imagery shows a small lake in the 400-m-diameter summit crater. It's age was estimated by Gonzales-Ferron (1995) as Pliocene-Pleistocene.,-21.981,-68.071,5618.0,Pleistocene
213060,Karasu Rift,Cluster,Volcanic field,Turkiye,Arabia-Central Asia Volcanic Regions,Northern Arabia Volcanic Province,"The Quaternary basalts of the Karasu Rift form a belt covering an area 94 km long and 12-25 km wide (as revealed by boreholes) between Fevzipasa and north of Revhanli in the northern section of the rift (Rojay et al., 2001). Located near the far NE corner of the Mediterranean Sea, some of the lava field extends into Syria. One especially dark fresh-looking area of lava flows just east of the city of Hassa covers an area of about 140 km2 over a N-S distance of 20 km, and includes the low Küçükak Tepesi crater. Those flows almost surrounded the older lavas of Büyükak Tepe. K-Ar dating by Rojay et al. (2001) on new samples showed five periods of volcanism between 1.6 and 0.05 Ma.",36.767,36.6,486.0,Pleistocene
213061,Ceyhan-Osmaniye,Cluster,Volcanic field,Turkiye,European Volcanic Regions,Western Anatolian Volcanic Province,"The Ceyhan-Osmaniye volcanic field, as summarized by Gursoy et al. (2003), includes basaltic eruptions from about 20 vents (Yurtmen et al., 2000) dated between 0.61 +/- 0.10 and 2.25 +/- 0.78 Ma (Arger et al., 2000). Outcrops and volcanic units along the Karatas Osmaniye Fault Zone NE of the Gulf of Iskenderum  are described by a variety of names by different workers. Lava flows along the NW shoreline are identified by Gursoy et al. (2000) as the Botas Volcanics, while those just inland to the NE towards the city of Toprakkale are the Osmaniye Volcanics. The Osmaniye lava flows include a number of preserved vent locations, including the Delihalil Tepe tephra cone.",37.0,36.083,424.0,Pleistocene
221109,Mabda,Minor,Lava dome,Eritrea,Eastern Africa Volcanic Regions,Afar Rift Volcanic Province,"The Mabda complex, also called Dubbi Alto, is composed of rhyolitic lava domes (Wiart and Oppenheimer, 2005). The north flank has been partially covered by lava flows from Dubbi volcano, but it's relationship to that edifice is unknown. Although the age is also unknown, it's location between two Holocene volcanoes makes a Pleistocene age likely. In addition, there are fresher-looking cones and lava flows 9-12 km down the SSE flank (also possibly related to Dubbi) and a 32 km2 lava field 20 km SE (also possibly associated with Nabro).",13.508,41.779,1554.0,Pleistocene
261201,"Lumut, Bukit",Composite,Stratovolcano,Indonesia,Sunda-Banda Volcanic Regions,Sunda Volcanic Arc,"Located in south-central Sumatra overlooking the Semalako Plain, Bukit Lumut has a 2.1-km-diameter crater open to the north. It was mapped by Budiardjo et al. (2001) as the Pleistocene 0.893 Ma Lumut Andesite. Two small hills within that unit, one of which is name Bukit Pabus, consist of the slightly older Pabus Tuff (0.895 Ma). The Hululais volcano and geothermal are lies immediately to the SE.",-3.224,102.205,1738.0,Pleistocene
261202,"Tiga, Bukit",Composite,Stratovolcano,Indonesia,Sunda-Banda Volcanic Regions,Sunda Volcanic Arc,"Located in south-central Sumatra SSE of the Semalako Plain, Bukit Tiga has a 1.3-km-diameter crater open to the SW. It was mapped by Budiardjo et al. (2001) as the Pleistocene 0.984 Ma Tiga Andesite. The Hululais volcano and geothermal are lies immediately to the N.",-3.308,102.256,1629.0,Pleistocene
267090,Kawio Barat,Composite,Stratovolcano,Indonesia,Western Pacific Volcanic Regions,Sangihe Volcanic Arc,The conical Kawio Barat submarine volcano sits just W of the Sangihe volcanic arc between Sulawesi Island in Indonesia and Mindanao Island in the Philippines. Satellite imagery showed submarine vents generating visible hydrothermal activity on the W side of the arc. A detailed survey was conducted in June 2010.,4.675,125.088,-1874.0,Pleistocene
284043,Mikura Seamount,Composite,Stratovolcano,Japan,Northwestern Pacific Volcanic Regions,Izu Volcanic Arc,,33.725,139.408,-321.0,Pleistocene
267060,Lipang,Composite,Stratovolcano,Indonesia,Western Pacific Volcanic Regions,Sangihe Volcanic Arc,,3.911,125.39,126.0,Pleistocene
267065,Napo Taroare,Composite,Stratovolcano,Indonesia,Western Pacific Volcanic Regions,Sangihe Volcanic Arc,,4.048,125.345,0.0,Pleistocene
267070,Kawalusu,Composite,Stratovolcano,Indonesia,Western Pacific Volcanic Regions,Sangihe Volcanic Arc,,4.232,125.329,239.0,Pleistocene
267075,North Kawio,Composite,Complex,Indonesia,Western Pacific Volcanic Regions,Sangihe Volcanic Arc,"The North Kawio volcano is a large primarily submarine edifice with multiple peaks, including the islands of Marore (Maru), Kawio, and Kamboreng.",4.684,125.468,109.0,Pleistocene
243095,Toku,Composite,Stratovolcano,Tonga,Tonga-Kermadec Volcanic Regions,Tofua Volcanic Arc,"The island of Toku, about 20 km SE of Fonualei, is the emergent summit of a large submarine volcano. No eruptions have been recorded, but it is at the north end of the active Tofua Arc, making at least Pleistocene activity likely.",-18.163,-174.181,21.0,Pleistocene
243065,Tofua Arc at 19.4°S,Composite,Stratovolcano,Tonga,Tonga-Kermadec Volcanic Regions,Tofua Volcanic Arc,"Bathymetry appears to show a large cone-like structure with a 5-km-diameter caldera located midway between Lateiki (25 km NNE) and Kao (25 km SSW). Although no reports of volcanism are known from this feature, it is directly along the active Tofua Volcanic Arc, and has likely erupted within the Pleistocene.",-19.438,-174.952,-331.0,Pleistocene
243055,Feinga Seamount,Composite,Complex,Tonga,Tonga-Kermadec Volcanic Regions,Tofua Volcanic Arc,"The bathymetry of this seamount shows a 4-km-diameter caldera open to the N, in which a dome appears to have grown. The edifice is located along the trend of the Tofua volcanic arc, about 43 km SSW of Tofua and 32 km NE of Fonuafo'ou (Falcon Island). Although no reports of volcanism are known from this location, it has likely erupted within the Pleistocene.",-20.154,-175.163,-393.0,Pleistocene
231015,"Rahah-'Uwayrid, Harrat ar",Cluster,Volcanic field,Saudi Arabia,Arabia-Central Asia Volcanic Regions,Western Arabia Volcanic Province,"Harrat ar Rahah-'Uwayrid is the northernmost of a series of Quaternary volcanic fields paralleling the Red Sea coast of Saudi Arabia, south of the city of Tabuk. The olivine basaltic field extends NW-SE about 240 km overall, and contains numerous scoria cones, tuff cones, and associated lava fields. The northern segments comprise Harrat ar Rahah, with an erosional divide where the field narrows to about 1 km at Matar. Lava flows are more numerous in the southern segment, where they rise above the Cambrian sandstone plain; on the S and SW sides the sandstones and basaltic lava fields are dissected, and lava flows traveled mainly NE. The Harrat 'Uwayrid area is south of another erosional divide, within which the Hala-'l-Bedr cone is located. Some analysis places an eruption around 640 CE at either or both of the Hala-'l-Bedr or Hala-'l-'Ischia cones within the field, including Bedouin legends of fire and stones erupting and killing herdsmen with their cattle and sheep. However, others place this event in the Harrat Rahat immediately south of Medina where young lava flows are present.",27.408,37.279,1700.0,Pleistocene
241822,Te Kawa,Minor,Cone,New Zealand,Tonga-Kermadec Volcanic Regions,Western North Island Volcanic Province,"The small (1.3 km diameter) crater-dominated Te Kawa cone and low Tokanui cone are located about 30 km S of the city of Hamilton in the Waikato region of North Island, New Zealand. They are the SE-most features of the Alexandra Volcanic Group, which includes an alignment of late Pliocene-early Pleistocene edifices, including the larger Kakepuku and Pirongia volcanoes, ending with Karioi more than 50 km NW on the Tasman Sea coast.",-38.079,175.295,203.0,Pleistocene
241823,Maungatautari,Composite,Stratovolcano,New Zealand,Tonga-Kermadec Volcanic Regions,Taupo Volcanic Arc,"The Pleistocene Maungatautari stratovolcano is an andesitic-dacitic composite cone about 35 km SE of Hamilton on the North Island of New Zealand. Robertson (1983) reported a single K-Ar age of 1.8 ± 0.10 Ma, which Prentice et al. (2020) noted makes it contemporaneous with subduction-related volcanism of the nearby Alexandra Volcanics and the early Taupo Volcanic Zone.",-38.019,175.576,793.0,Pleistocene
241824,Tauranga Volcanic Centre,Cluster,Volcanic field,New Zealand,Tonga-Kermadec Volcanic Regions,Taupo Volcanic Arc,"The late Pliocene to early Pleistocene Tauranga Volcanic Centre is located in the western Bay of Plenty region near the city of Tauranga, northwest of the Taupo Volcanic Zone. As defined by Pittari et al. (2021), this volcanic region comprises an eroded andesitic stratovolcano (Otawa Formation), approximately 17 rhyolite-rhyodacite lava dome complexes (Minden Rhyolite Subgroup), two ignimbrites (Waiteariki and Papamoa formations), and the small Matakana Formation basalt lava flow. Previous researchers had placed the more southern Kaimai-Kakahu-Te Weraiti dome complex and the Waiteariki Formation into a distinct Kaimai Volcanic Centre, but Pittari et al. (2021) found that they were not spatially distinct from other domes in the area.",-37.833,176.1,200.0,Pleistocene
263823,Haruman,Minor,Lava dome,Indonesia,Sunda-Banda Volcanic Regions,Sunda Volcanic Arc,The Quaternary Haruman lava dome is about 8 km ESE of Gunung Mandalawangi.,-7.074,107.943,1195.0,Pleistocene
251805,Koil,Composite,Stratovolcano,Papua New Guinea,Southwestern Pacific Volcanic Regions,Bismarck Volcanic Arc,Koil is a small island near the NW end of the Schouten Islands in the Bismarck volcanic arc between Vokeo and Vaia.,-3.356,144.208,,Pleistocene
243009,Tofua Arc at 21.8°S,Composite,Stratovolcano,Tonga,Tonga-Kermadec Volcanic Regions,Tofua Volcanic Arc,"Informally designated as ""Volcano 3"" (R/V Sonne 167 survey).",-21.804,-175.941,-800.0,Pleistocene
243012,Tofua Arc at 22.0°S,Composite,Stratovolcano,Tonga,Tonga-Kermadec Volcanic Regions,Tofua Volcanic Arc,"Informally designated as ""Volcano 4"" (R/V Sonne 167 survey).",-22.061,-176.21,-500.0,Pleistocene
243013,Tofua Arc at 22.1°S,Composite,Stratovolcano,Tonga,Tonga-Kermadec Volcanic Regions,Tofua Volcanic Arc,"Informally designated as ""Volcano 5a"" (R/V Sonne 167 survey).",-22.096,-176.0,-173.0,Pleistocene
243014,Tofua Arc at 22.2°S,Composite,Stratovolcano,Tonga,Tonga-Kermadec Volcanic Regions,Tofua Volcanic Arc,"Informally designated as ""Volcano 5b"" (R/V Sonne 167 survey).",-22.219,-176.124,-497.0,Pleistocene
243016,Tofua Arc at 22.5°S,Composite,Stratovolcano,Tonga,Tonga-Kermadec Volcanic Regions,Tofua Volcanic Arc,"Informally designated as ""Volcano 6e"" (R/V Sonne 167 survey).",-22.459,-176.351,-820.0,Pleistocene
243017,Tofua Arc at 22.6°S,Composite,Stratovolcano,Tonga,Tonga-Kermadec Volcanic Regions,Tofua Volcanic Arc,"Informally designated as ""Volcano 7"" (R/V Sonne 167 survey).",-22.632,-176.399,-229.0,Pleistocene
243018,Tofua Arc at 22.8°S,Composite,Stratovolcano,Tonga,Tonga-Kermadec Volcanic Regions,Tofua Volcanic Arc,"Informally designated as ""Volcano 8"" (R/V Sonne 167 survey), and also known as Pelorus reef.",-22.846,-176.43,-39.0,Pleistocene
243019,Tofua Arc at 23.0°S,Composite,Stratovolcano,Tonga,Tonga-Kermadec Volcanic Regions,Tofua Volcanic Arc,"Informally designated as ""Volcano 9"" (R/V Sonne 167 survey).",-22.981,-176.387,-962.0,Pleistocene
243008,Kermadec Arc at 23.6°S,Composite,Stratovolcano,Tonga,Tonga-Kermadec Volcanic Regions,Northern Kermadec Volcanic Arc,"Informally designated as ""Volcano 14"" (R/V Sonne 167 survey).",-23.581,-176.663,-508.0,Pleistocene
243007,Kermadec Arc at 23.9°S,Composite,Stratovolcano,Tonga,Tonga-Kermadec Volcanic Regions,Northern Kermadec Volcanic Arc,"Informally designated as ""Volcano 15"" (R/V Sonne 167 survey).",-23.878,-176.788,-1114.0,Pleistocene
243006,Kermadec Arc at 24.2°S,Composite,Stratovolcano,Tonga,Tonga-Kermadec Volcanic Regions,Northern Kermadec Volcanic Arc,"Informally designated as ""Volcano 16"" (R/V Sonne 167 survey).",-24.178,-176.887,-704.0,Pleistocene
243005,Kermadec Arc at 24.5°S,Composite,Stratovolcano,Tonga,Tonga-Kermadec Volcanic Regions,Northern Kermadec Volcanic Arc,"Informally designated as ""Volcano 18 N"" (R/V Sonne 167 survey).",-24.475,-176.923,-316.0,Pleistocene
243004,Kermadec Arc at 24.6°S,Composite,Stratovolcano,Tonga,Tonga-Kermadec Volcanic Regions,Northern Kermadec Volcanic Arc,"Informally designated as ""Volcano 18 S"" (R/V Sonne 167 survey). Caldera is about 6 km in diameter.",-24.58,-176.924,-552.0,Pleistocene
243002,Kermadec Arc at 25.2°S,Composite,Stratovolcano,Tonga,Tonga-Kermadec Volcanic Regions,Northern Kermadec Volcanic Arc,"Informally designated as ""Volcano 20"" (R/V Sonne 167 survey), or ""Volcano V"".",-25.15,-177.18,-905.0,Pleistocene
243003,Kermadec Arc at 25.4°S,Composite,Stratovolcano,Tonga,Tonga-Kermadec Volcanic Regions,Northern Kermadec Volcanic Arc,"Informally designated as ""Volcano 21"" (R/V Sonne 167 survey), or ""Volcano U"".",-25.418,-177.103,-156.0,Pleistocene
284122,Syoyo Ridge,Composite,Complex,Japan,Northwestern Pacific Volcanic Regions,Mariana Volcanic Arc,Submarine volcanic ridge with eight peaks or seamounts along the East Mariana Ridge between Nikko and Fukujin. Unknown eruptive history.,22.546,142.863,-481.0,Pleistocene
284146,South Daikoku,Composite,Stratovolcano,United States,Northwestern Pacific Volcanic Regions,Mariana Volcanic Arc,Seamount about 50 km SE of Daikoku. Unknown eruptive history.,21.023,144.525,-301.0,Pleistocene
284147,Chamorro,Unknown,,United States,Northwestern Pacific Volcanic Regions,Mariana Volcanic Arc,Seamount about 35 km NW of Farallon de Pajaros. Unknown eruptive history.,20.81,144.704,-804.0,Pleistocene
284151,Cheref,Composite,Stratovolcano,United States,Northwestern Pacific Volcanic Regions,Mariana Volcanic Arc,Seamount about 30 km SSE of Asuncion Island. Eruption history is unknown.,19.406,145.468,-2800.0,Pleistocene
284152,Poyo,Composite,Stratovolcano,United States,Northwestern Pacific Volcanic Regions,Mariana Volcanic Arc,Seamount about 50 km SSE of Asuncion Island. Eruption history is unknown.,19.223,145.524,-2830.0,Pleistocene
243131,East Mata,Composite,Compound,Tonga,Tonga-Kermadec Volcanic Regions,Northeast Lau Basin Volcano Group,"East Mata is a submarine volcano in the northeastern Lau Basin at the northern end of the Tofua arc, about 200 km SW of Samoa and north of the historically active Curacoa submarine volcano. It was discovered during a November 2008 NOAA Vents Program expedition.",-15.102,-173.677,-1286.0,Pleistocene
243132,Northern Matas,Cluster,Volcanic field,Tonga,Tonga-Kermadec Volcanic Regions,Northeast Lau Basin Volcano Group,"The Northern Matas volcanic ridges (Taha, Ua, Tolu, Fa, Nima, Ono, Fitu) are 900-1,300 m tall and variably elongate in ENE and E directions (Anderson et al., 2021).",-15.005,-173.793,-1855.0,Pleistocene
243150,Niua Volcanic Complex,Composite,Complex,Tonga,Tonga-Kermadec Volcanic Regions,Northeast Lau Basin Volcano Group,"The Niua Volcanic Complex is a roughly rectangular area at the N end of the Tofua Arc, up to 25 km long and 13 km wide, that rises to depths of ~2,000 m above the seafloor; it is characterized by an irregular morphology, with smaller volcanic features that occur on the periphery of the larger edifices, and lava flows (Anderson et al., 2021).",-15.122,-173.549,-677.0,Pleistocene
243103,Niuatoputapu,Composite,Stratovolcano,Tonga,Tonga-Kermadec Volcanic Regions,Tofua Volcanic Arc,,-15.956,-173.782,141.0,Pleistocene
244035,Tisa,Composite,Stratovolcano,United States,Southern Pacific Volcanic Regions,Samoan Hotspot Volcano Group,Seamount about 45 km W of Tutuila Island. Koppers et al. (2011) reported an Ar-Ar date of 2.18 ± 0.03 Ma.,-14.407,-171.221,-883.0,Pleistocene
244011,Northeast Bank,Composite,Stratovolcano,United States,Southern Pacific Volcanic Regions,Samoan Hotspot Volcano Group,"Northeast Bank is a seamount about 45 km NW of Ofu-Olosega. Koppers et al. (2011) reported Ar-Ar dates of less than 1 Ma. The informal cruise designation of ""Muli"" has been present in the scientific literature since 1999, but should not be used as a common name.",-14.061,-170.084,-57.0,Pleistocene
244012,Soso,Composite,Stratovolcano,United States,Southern Pacific Volcanic Regions,Samoan Hotspot Volcano Group,The Soso seamount is about 65 km NE of Tutuila Island. Koppers et al. (2011) reported Ar-Ar dates of 1.35-1.43 Ma.,-13.764,-170.235,-1814.0,Pleistocene
244013,Tamai,Composite,Stratovolcano,United States,Southern Pacific Volcanic Regions,Samoan Hotspot Volcano Group,The Tama'i seamount is about 65 km NNW of Tutuila Island. Koppers et al. (2011) reported Ar-Ar ages between 1.87 and 2.07 Ma.,-13.746,-170.543,-2665.0,Pleistocene
244022,Tulaga,Composite,,United States,Southern Pacific Volcanic Regions,Samoan Hotspot Volcano Group,The Tulaga seamount is about 60 km ESE of Tutuila Island in the Samoan Islands. Koppers et al. (2011) report that Ar-Ar ages from samples dredged on the S flank are 0.79-1.07 Ma.,-14.518,-170.024,-79.0,Pleistocene
244023,Malutut,Composite,Stratovolcano,United States,Southern Pacific Volcanic Regions,Samoan Hotspot Volcano Group,The Malutut seamount is the high point near the end of a submarine volcanic ridge that extends more than 40 km ESE from Tutuila Island in the Samoan Islands. Koppers et al. (2011) report that Ar-Ar ages from samples dredged on the SW flank are 1.04-1.48 Ma.,-14.371,-170.174,-515.0,Pleistocene
243104,Tofua Arc at 16.2°S,Composite,Stratovolcano,Tonga,Tonga-Kermadec Volcanic Regions,Tofua Volcanic Arc,"Seamount in the area between Niuatoputatu and Fonualei. Informally designated as ""Volcano L"" (R/V Southern Surveyor SS11/2004).",-16.2,-173.92,-269.0,Pleistocene
243105,Tofua Arc at 16.7°S,Composite,Stratovolcano,Tonga,Tonga-Kermadec Volcanic Regions,Tofua Volcanic Arc,"Seamount in the area between Niuatoputatu and Fonualei. Informally designated as ""Volcano K"" (R/V Southern Surveyor SS11/2004).",-16.655,-173.773,-12.0,Pleistocene
243106,Tofua Arc at 17.0°S,Composite,Stratovolcano,Tonga,Tonga-Kermadec Volcanic Regions,Tofua Volcanic Arc,"Seamount in the area between Niuatoputatu and Fonualei. Informally designated as ""Volcano J North"" (R/V Southern Surveyor SS11/2004).",-16.968,-173.848,-39.0,Pleistocene
243107,Tofua Arc at 17.2°S,Composite,Stratovolcano,Tonga,Tonga-Kermadec Volcanic Regions,Tofua Volcanic Arc,"Seamount in the area between Niuatoputatu and Fonualei. Informally designated as ""Volcano J South"" (R/V Southern Surveyor SS11/2004).",-17.231,-173.962,-95.0,Pleistocene
243108,Tofua Arc at 17.6°S,Composite,Stratovolcano,Tonga,Tonga-Kermadec Volcanic Regions,Tofua Volcanic Arc,"Seamount in the area between Niuatoputatu and Fonualei. Informally designated as ""Volcano I"" (R/V Southern Surveyor SS11/2004).",-17.551,-174.154,-53.0,Pleistocene
243109,Tofua Arc at 17.8°S,Composite,Stratovolcano,Tonga,Tonga-Kermadec Volcanic Regions,Tofua Volcanic Arc,"Seamount in the area between Niuatoputatu and Fonualei. Informally designated as ""Volcano H"" (R/V Southern Surveyor SS11/2004).",-17.842,-174.197,-226.0,Pleistocene
232003,Saray,Minor,,Iran,Arabia-Central Asia Volcanic Regions,Caucasus Volcanic Province,Saray is a heavily eroded late Miocene-Quaternary volcano about 75 km WNW of Sahand. The small edifice forms Islami Island in Lake Urmia in NW Iran.,37.861,45.477,2060.0,Pleistocene
221224,Boku,Caldera,Caldera,Ethiopia,Eastern Africa Volcanic Regions,Main Ethiopian Rift Volcanic Province,"Boku is a Pleistocene volcano that had a caldera-forming eruption around 830,000 years ago (Fontijn et al., 2018).",8.55,39.275,1625.0,Pleistocene
213005,Egrikuyu Monogenetic Field,Cluster,Volcanic field,Turkiye,European Volcanic Regions,Western Anatolian Volcanic Province,"The Egrikuyu Monogenetic Field is located in Central Anatolia S of Hasandag volcano and NE of the Karacadag edifice. As summarized by Uslular et al. (2021), the clustering of vents in this 28 x 38 km area follows a generally NE-SW in the west and mostly N-S to NW-SE in the east. Scoria cone alignments may indicate buried faults. There are a few basaltic maars in the region. Usulular et al. (2021) identified 110 scoria cones (basaltic), one lava dome (andesitic), four maars (basaltic), and three undifferentiated features within this field.",37.892,34.1113,1100.0,Pleistocene
268064,Telaga,Caldera,Caldera,Indonesia,Western Pacific Volcanic Regions,Halmahera Volcanic Arc,"The NE part of Tidore Island off the west coast of Halmahera contains an eroded volcanic edifice with the 2.1 × 2.2 km Telaga caldera (also called Sabale). The date of the caldera-forming eruption is unknown, but Faral et al. (2022) suggested that it occurred between 22,000 and 17,500 cal. years BP, when an eruption produced thick (4-10 m) pumiceous dilute pyroclastic density currents within the caldera and north of the edifice, removing 1.20 ± 0.28 km3 of material (based on modeling of the previous cone). The caldera floor is occupied by a lake and a volcanic dome. Maitara Island is another volcanic edifice on the W flank just offshore.",0.7225,127.427,712.0,Pleistocene
257061,Pomare,Composite,Stratovolcano,Vanuatu,Southwestern Pacific Volcanic Regions,Vanuatu Volcanic Arc,"The Pomare stratovolcano (also known as Tavani Kutali or Nikalo) on Epi Island is immediately W and outside of the suggested submarine East Epi caldera. Epi Island is largely volcanic, with Mount Allombei on the west, Pomare on the east, and Tavani Ruro forming the SE peninsula. There are three subsidiary cones to the east.",-16.7241,168.2852,812.0,Pleistocene
257062,Tavani Ruro,Composite,Stratovolcano,Vanuatu,Southwestern Pacific Volcanic Regions,Vanuatu Volcanic Arc,"The broad late-Pleistocene or Holocene Tavani Ruro volcano forms the SE peninsula of Epi Island, NW of Kuwae caldera.",-16.8004,168.4383,540.0,Pleistocene
257075,Tongoa,Composite,,Vanuatu,Southwestern Pacific Volcanic Regions,Vanuatu Volcanic Arc,"The volcanic island of Tongoa in Vanuatu is just south of Epi Island and the Kuwae caldera. The 4.5-km-diameter island includes multiple eroded volcanic cones, the most prominent being Tavani Hurata.",-16.9,168.5611,,Pleistocene
257085,Vanuatu Arc at 18.2°S,Composite,Stratovolcano,Vanuatu,Southwestern Pacific Volcanic Regions,Vanuatu Volcanic Arc,Submarine volcanic cone approximately halfway between Erromango and Efate islands in Vanuatu.,-18.1961,168.8243,-127.0,Pleistocene
258005,Volsmar,Cluster,Volcanic field,Vanuatu,Southwestern Pacific Volcanic Regions,Vanuatu Volcanic Arc,"The submarine Volsmar volcanic field lies near the southern end of the Vanuatu (or New Hebrides) Volcanic Arc, ~150 km SSE of Aneityum Island and about 60 km SSE of the Gemini-Oscostar cones. Bathymetric mapping has identified a large stratovolcano at the N end named Mariposa, and a slightly smaller volcano, Abeja, about 5 km SW; additional small cones extend 10-12 km further S.",-21.4847,170.2181,-1600.0,Pleistocene
274035,Balintang,Composite,Stratovolcano,Philippines,Western Pacific Volcanic Regions,Luzon Volcanic Arc,"The Balintang Islands are a group of seven small rocky islands in the middle of the Balintang Channel north of Luzon. The largest island is about 1,600 m long by 500 m wide, and reaches over 100 m above sea level. They are the summit of a large submarine edifice slightly smaller than the volcanic edifice under Babuyan Claro, 50 km SSW.",19.9574,122.1442,115.0,Pleistocene
274070,Diogo,Composite,Compound,Philippines,Western Pacific Volcanic Regions,Luzon Volcanic Arc,,20.7085,121.9297,260.0,Pleistocene
274075,Mabudis-Siayan,Composite,Compound,Philippines,Western Pacific Volcanic Regions,Luzon Volcanic Arc,"Submarine volcanic edifice with the islands of Mabudis, Maysanga, and Siayan representing the exposed summit area.",20.9174,121.9107,199.0,Pleistocene
274080,Y'Ami-North,Composite,Compound,Philippines,Western Pacific Volcanic Regions,Luzon Volcanic Arc,Submarine volcanic edifice with the islands of Y'Ami and North representing the exposed summit area.,21.0868,121.942,213.0,Pleistocene
274085,Hsiaolanyu,Composite,Compound,Taiwan,Western Pacific Volcanic Regions,Luzon Volcanic Arc,,21.9529,121.6123,148.0,Pleistocene
274090,Lutao,Composite,Compound,Taiwan,Western Pacific Volcanic Regions,Luzon Volcanic Arc,,22.658,121.4927,268.0,Pleistocene
315055,Addington Volcanic Field,Cluster,Volcanic field,United States,North America Volcanic Regions,Queen Charlotte Volcano Group,"The submarine Addington Volcanic Field is about 20 km offshore of Cape Addington on Prince of Wales Island, SW of Iphigenia Bay. This field is a possible source for late Pleistocene tephras deposited in southeast Alaska (Wilcox et al., 2019).",55.44,-134.17,-74.0,Pleistocene
315100,Maclaren River Volcanic Field,Minor,Volcanic field,United States,North America Volcanic Regions,Northern Cordilleran Volcanic Province,"As described by the Alaska Volcano Observatory, the Maclaren River Volcanic Field was first recognized by Brueske et al. (2023) and has been further characterized by Bearden (2023). The field, located east of the Maclaren River on either side of the Denali Highway, includes at least three monogenetic volcanoes that date from the last million years. The three identified features lie along a ~20 mile, NNE-SSW line that approximately traces the position of a tear in the Yakutat plate currently subducting under south-central Alaska. The field occurs in an area informally called “the Denali gap,” between the Aleutian and Wrangell arc volcanoes, where only minor volcanism has been identified (see also Buzzard Creek and Jumbo Dome). The lavas from the three cones are basaltic to basaltic andesitic in composition.",63.1369,-146.32,1470.0,Pleistocene
263275,Pandan,Composite,Cone,Indonesia,Sunda-Banda Volcanic Regions,Sunda Volcanic Arc,"Small eroded Pleistocene cone in eastern Java about 40 km N of Wilis volcano and 10 km S of the main Kendeng Fault. As noted in a review by Alawiyah et al. (2022), there are several hot springs in the area, with a geothermal system hosted in a tuffaceous sandstone; the source of seismicity in the area is unclear.",-7.4592,111.7997,908.0,Pleistocene
267005,Biaro,Composite,Unknown,Indonesia,Western Pacific Volcanic Regions,Sangihe Volcanic Arc,,2.1028,125.3667,310.0,Pleistocene
267012,Tahulandang,Caldera,Caldera,Indonesia,Western Pacific Volcanic Regions,Sangihe Volcanic Arc,Cone within a caldera breached to the north.,2.3533,125.4119,782.0,Pleistocene
267019,Tamata,Composite,Stratovolcano,Indonesia,Western Pacific Volcanic Regions,Sangihe Volcanic Arc,"Largest of the three volcanic cones of central Siau Island just S of Karangetang. No age dates are known, but the distinct edifice with much less erosion relative to cones to the S suggests a Quaternary age.",2.7183,125.3823,1088.0,Pleistocene
267022,Makalehi,Composite,Stratovolcano,Indonesia,Western Pacific Volcanic Regions,Sangihe Volcanic Arc,"Back-arc island volcano W of the main Sangihe volcanic front, km W of Karangetang. The island is a 1.5-km-diameter caldera, breached to the SW, but with a 500-m-diameter post-caldera dome on the SW side of the caldera and a crater lake in the NE. The submarine edifice appears to be ~20 km in diameter. Identified as Quaternary by Hanyu et al. (2012).",2.7364,125.1676,181.0,Pleistocene
267036,Kalama,Composite,Stratovolcano,Indonesia,Western Pacific Volcanic Regions,Sangihe Volcanic Arc,"The heavily eroded Kalama Island, just N of Mahengatang/Banua Wuhu and S of Sangihe Island, is the emergent summit of a larger submarine edifice. Hanyu et al, (2012) identified it as being part of the Quaternary volcanic front.",3.241,125.4635,344.0,Pleistocene
268015,Mamuya,Composite,Cone,Indonesia,Western Pacific Volcanic Regions,Halmahera Volcanic Arc,"Small stratovolcano outside the Dukono complex, 10 km NE of the summit along the coast. Previously an island, a lava flow during a major eruption of Dukono in 1550 CE filled in the strait, connecting Mamuya to Halmahera.",1.7825,127.9182,923.0,Pleistocene
233030,Jumelles-Mwezi Volcanic Field,Cluster,,Union of the Comoros,Somalian-Antarctic Volcanic Regions,Madagascar-Comoros Volcanic Province,"The submarine Jumelles Ridge and Mwezi province are lineaments of monogenic seamounts and domes approximately 60 km NE of Mayotte in the Comoros Islands. Rusquet at al. (2024) concluded that the Jumelles and Mwezi features represent a continuous zone of volcanic seamounts aligned along a N130-N135°E trend, with intermittent mafic activity from before 1.4 Ma until about 0.2 Ma. They also noted decreasing ages from the Jumelles ridges to Mwezi, less-evolved compositions of Mwezi magmas, decreasing height of edifices from the SE to the NW, and a change from polygenic to monogenic features, all suggesting that the Mwezi field is a propagation of the Jumelles volcano-tectonic structures toward the NW.",-12.3014,45.5792,-1500.0,Pleistocene
223055,Gahinga,Composite,,Uganda-Rwanda,Eastern Africa Volcanic Regions,Albertine Rift Volcanic Province,"The Gahinga (or Mgahinga) stratovolcano is in the NE part of the Virunga Range, ~3.5 km E of Muhavura volcano across a broad saddle. The two volcanoes have produced basanitic-to-trachyandesitic lavas.",-1.3864,29.6456,3473.0,Pleistocene
223072,Central Virunga Volcanic Field,Cluster,Volcanic field,DR Congo-Rwanda,Eastern Africa Volcanic Regions,Albertine Rift Volcanic Province,"Unofficially designated the Central Virunga Volcanic Field for this catalog, this volcanic ridge with many small cones extends ~12 km NE-SW along the Dr Congo-Rwanda border area between the Visoke and Sabinyo edifices. As noted by Pitcavage et al. (2021), this is the third of three cinder cone fields in the Virunga area that ""have produced primitive alkaline mafic lavas: (1) the Bufumbira volcanic field..., (2) Karisimbi primitive K-basanites (PKBs; Rogers et al., 1992) and (3) cinder cones located between Sabinyo and Visoke (Rogers et al., 1998).""",-1.4142,29.525,2763.0,Pleistocene
223074,Southern Virunga Volcanic Field,Cluster,Volcanic field,Rwanda,Eastern Africa Volcanic Regions,Albertine Rift Volcanic Province,"Unofficially designated as the Southern Virunga Volcanic Field for this catalog, this describes numerous cones within ~80 km2 on the lava plains of Rwanda SW of Karisimba volcano. As noted by Pitcavage et al. (2021), this is the second of three cinder cone fields in the Virunga area that ""have produced primitive alkaline mafic lavas: (1) the Bufumbira volcanic field..., (2) Karisimbi primitive K-basanites (PKBs; Rogers et al., 1992) and (3) cinder cones located between Sabinyo and Visoke (Rogers et al., 1998).""",-1.5806,29.3625,2220.0,Pleistocene
243056,Tofua Arc at 19.9°S,Composite,Complex,Tonga,Tonga-Kermadec Volcanic Regions,Tofua Volcanic Arc,Submarine cone seen in satellite bathymetry along the volcanic arc ~20 km SW of Tofua. No reports of eruptions are known.,-19.9127,-175.1759,-920.0,Pleistocene
304050,Bukendaban,Composite,Complex,China,Eastern Asia Volcanic Regions,Northern Tibetan Plateau Volcanic Province,"Rhyolites dated to 1.5 Ma are mapped at the western end of the mostly snow-covered Bukendaban mountains (Wang et al., 2016) NE of Taiyang Lake in Tibet, just S of the Anyimaqen-Kunlun-Muztagh suture zone in the Songpan-Ganzi block. A feature ~75 km SE along the fault zone, described as the Kekexili caldera, was once thought to have been observed in eruption on a satellite photo in 1973; it was later determined to be a meteorological event (Kidd, 1990 pers. comm.).",36.0244,90.8657,6830.0,Pleistocene
304060,Weixueshan,Minor (Silicic),Cone(s),China,Eastern Asia Volcanic Regions,Northern Tibetan Plateau Volcanic Province,"A group of small rhyolite cones, along the Anyimaqen-Kunlun-Muztagh suture zone between the Songpan-Ganzi and Central Kunlun blocks immediately N of a small 15-km-long mountain range, are mapped as ""<1.0 Ma?"" (Wang et al., 2016). A sample from this are was collected and analyzed by Jolivet et al. (2003), where the cones are described as follows: ""At the eastern end of the basin, the South Kunlun Fault is connected to the main Kunlun Fault by a SW-NE trending normal fault exposed at the edge of a large calc-alkaline granite [Roger et al., 2003], the Wei Xue Shan pluton.... The northern end of this normal fault is connected to a push-up structure through what appears to be an 'open crack' filled with rhyolitic volcanic cones.... The rhyolite is a very clear, fresh, pale pink to white rock mostly composed of millimeter-size quartz grains.""",36.2244,90.1517,5187.0,Pleistocene
304070,Laohukou,Minor (Basaltic),Cone(s),China,Eastern Asia Volcanic Regions,Northern Tibetan Plateau Volcanic Province,"Shoshonitic cones 1-3 km in diameter, mostly covered by Quaternary sediments, are present in the Jingyu basin just NE of Jingyu Lake and SW of the Anyimaqen-Kunlun-Muztagh suture zone (Jolivet et al., 2003). Apatite fission track dating by Jolivet et al. (2003) gave 0.5 +/- 0.2 Ma, which were considered to correspond to crystallisation ages.",36.4333,89.5132,4860.0,Pleistocene
304080,Jindingshan,Minor (Silicic),Lava cone,China,Eastern Asia Volcanic Regions,Northern Tibetan Plateau Volcanic Province,"A small cone with a lava field covering ~65 km2 was identified in Wang et al. (2016) as non-adakitic trachyandesites in the 1.08-0.3 Ma age range. It is in the Central Kunlun Block, ~30 km N of the Anyimaqen-Kunlun-Muztagh suture zone with the Songpan-Ganzi block to the S.",36.6928,86.0739,5072.0,Pleistocene
284175,Southwest Pagan,Composite,Stratovolcano,United States,Northwestern Pacific Volcanic Regions,Mariana Volcanic Arc,Submarine volcanic edifice ~25 km SW of Pagan Island.,17.959,145.4864,-822.0,Pleistocene
284182,West Guguan,Composite,Stratovolcano,United States,Northwestern Pacific Volcanic Regions,Mariana Volcanic Arc,Submarine volcanic edifice ~28 km WSW of Guguan Island.,17.2645,145.5706,-854.0,Pleistocene
284184,Northwest Zealandia,Composite,Stratovolcano,United States,Northwestern Pacific Volcanic Regions,Mariana Volcanic Arc,Submarine volcanic edifice ~18 km NW of Zealandia Bank.,16.9787,145.7169,-365.0,Pleistocene
284186,West Zealandia,Composite,Stratovolcano,United States,Northwestern Pacific Volcanic Regions,Mariana Volcanic Arc,Submarine volcanic edifice ~14 km W of Zealandia Bank.,16.887,145.7182,-623.0,Pleistocene
284188,West Sarigan,Composite,Stratovolcano,United States,Northwestern Pacific Volcanic Regions,Mariana Volcanic Arc,Submarine volcanic edifice ~15 km WNW of Sarigan Island.,16.7424,145.6183,-226.0,Pleistocene
284205,West Diamante,Composite,Stratovolcano,United States,Northwestern Pacific Volcanic Regions,Mariana Volcanic Arc,Submarine volcanic edifice ~50 km SSW of Anatahan Island.,15.9522,145.4142,-406.0,Pleistocene
284206,West Saipan,Composite,Stratovolcano,United States,Northwestern Pacific Volcanic Regions,Mariana Volcanic Arc,Submarine volcanic edifice ~30 km NW of Saipan Island with a summit crater ~1.5 km in diameter.,15.3093,145.4426,-274.0,Pleistocene
284207,West Tinian,Composite,Stratovolcano,United States,Northwestern Pacific Volcanic Regions,Mariana Volcanic Arc,Submarine volcanic edifice ~15 km WNW of Tinian Island.,15.0904,145.4206,-44.0,Pleistocene
284215,West Rota,Composite,Stratovolcano,United States,Northwestern Pacific Volcanic Regions,Mariana Volcanic Arc,Submarine volcanic edifice ~35 km NW of Rota Island with an elongate 5 x 10 km summit caldera.,14.3222,144.8361,-328.0,Pleistocene
284218,Northwest Guam,Composite,Stratovolcano,United States,Northwestern Pacific Volcanic Regions,Mariana Volcanic Arc,Submarine volcanic edifice ~55 km WSW of Rota and ~45 km NW of Guam islands.,14.0221,144.6364,-1215.0,Pleistocene
